fecha,retorno_emb,precio_emb,volumen,tasa_10a,vix,embig_peru
2014-01-03,0.09243711761786066,108.27999877929688,442000,3.01,13.76,164
2014-01-06,0.3971188677719173,108.70999908447266,534100,2.98,13.55,166
2014-01-07,0.12878244027916264,108.8499984741211,902000,2.96,12.92,168
2014-01-08,-0.5512158773835374,108.25,665400,3.01,12.87,166
2014-01-09,0.07390469381494125,108.33000183105467,746500,2.97,12.89,164
2014-01-10,0.4246275978007086,108.79000091552734,1398300,2.88,12.14,170
2014-01-13,0.08272482501447964,108.87999725341795,1013500,2.84,13.28,172
2014-01-14,0.09184984022627685,108.9800033569336,385700,2.88,12.28,167
2014-01-15,0.018348910305054922,109.0,284000,2.9,12.28,163
2014-01-16,0.09174171937715858,109.0999984741211,428000,2.86,12.53,166
2014-01-17,0.05500017307746852,109.16000366210938,311100,2.84,12.44,168
2014-01-21,-0.2107029582424147,108.93000030517578,724500,2.85,12.87,169
2014-01-22,-0.30294852669618955,108.5999984741211,643600,2.87,12.84,176
2014-01-23,-0.42357190693909086,108.13999938964844,1222800,2.79,13.77,190
2014-01-24,-0.5455856678570625,107.5500030517578,678600,2.75,18.14,193
2014-01-27,-0.1115785617637477,107.43000030517578,396700,2.78,17.42,193
2014-01-28,0.5585017894598199,108.02999877929688,672000,2.77,15.8,194
2014-01-29,-0.25918613575929283,107.75,1109600,2.69,17.35,201
2014-01-30,-0.19489474196998646,107.54000091552734,891800,2.72,17.29,201
2014-01-31,-0.2417724883922001,107.27999877929688,806000,2.67,18.41,202
2014-02-03,-0.549959307050718,106.69000244140624,730000,2.61,21.44,210
2014-02-04,0.6654785530280538,107.4000015258789,760700,2.64,19.11,200
2014-02-05,0.29795129448588753,107.72000122070312,1005300,2.7,19.95,191
2014-02-06,0.19494901791023977,107.93000030517578,901100,2.73,17.23,188
2014-02-07,0.6207710247853937,108.5999984741211,471600,2.71,15.29,183
2014-02-10,-0.16574613969139174,108.41999816894533,603900,2.7,15.26,182
2014-02-11,0.06456345324330481,108.48999786376952,830700,2.75,14.51,178
2014-02-12,-0.009212376286038548,108.4800033569336,1621400,2.8,14.3,174
2014-02-13,-0.009220258039221996,108.47000122070312,1264000,2.73,14.14,178
2014-02-14,0.055312582205724325,108.52999877929688,475900,2.75,13.57,177
2014-02-18,0.009216010635748617,108.54000091552734,660500,2.71,13.87,178
2014-02-19,-0.138199304047959,108.38999938964844,806300,2.73,15.5,178
2014-02-20,-0.13839055883715368,108.23999786376952,491800,2.76,14.79,178
2014-02-21,0.44346209017644966,108.72000122070312,860500,2.73,14.68,177
2014-02-24,0.5886675703298039,109.36000061035156,717500,2.75,14.23,173
2014-02-25,0.0914397161329461,109.45999908447266,600400,2.7,13.67,178
2014-02-26,-0.009137709039019892,109.4499969482422,675800,2.67,14.35,182
2014-02-27,0.4659681593884635,109.95999908447266,647800,2.65,14.04,182
2014-02-28,0.5274662021496734,110.54000091552734,866100,2.66,14.0,181
2014-03-03,-1.2846011915907618,109.12000274658205,696000,2.6,16.0,184
2014-03-04,0.6598181572453621,109.83999633789062,1571100,2.7,14.1,173
2014-03-05,0.10925232208938152,109.95999908447266,833500,2.7,13.89,166
2014-03-06,-0.20007386552826079,109.73999786376952,433900,2.74,14.21,164
2014-03-07,-0.17313178030819998,109.5500030517578,772700,2.8,14.11,163
2014-03-10,-0.20082265136878164,109.33000183105467,751500,2.79,14.2,162
2014-03-11,-0.1920781861845522,109.12000274658205,431000,2.77,14.8,162
2014-03-12,0.018325368917770923,109.13999938964844,611400,2.73,14.47,163
2014-03-13,-0.19241257618384244,108.93000030517578,448600,2.66,16.22,168
2014-03-14,0.2111478530149924,109.16000366210938,303000,2.65,17.82,168
2014-03-17,0.1099259006613229,109.27999877929688,442000,2.7,15.64,165
2014-03-18,0.292825492678217,109.5999984741211,441900,2.68,14.52,166
2014-03-19,-0.09123948495738388,109.5,930900,2.78,15.12,164
2014-03-20,-0.06392666193992813,109.43000030517578,676300,2.79,14.52,168
2014-03-21,-0.13707532254462196,109.27999877929688,481100,2.75,15.0,168
2014-03-24,0.36603361122538036,109.68000030517578,605600,2.74,15.09,173
2014-03-25,0.2644063773891592,109.97000122070312,323300,2.75,14.02,168
2014-03-26,0.2909881706575579,110.29000091552734,528000,2.71,14.93,168
2014-03-27,0.6890943239836966,111.0500030517578,978100,2.69,14.62,168
2014-03-28,-0.05403438661799598,110.98999786376952,1205300,2.73,14.41,166
2014-03-31,0.3874225727110936,111.41999816894533,1410100,2.73,13.88,165
2014-04-01,0.18847521802523026,111.62999725341795,6149800,2.77,13.1,155
2014-04-02,-0.5285284891221709,111.04000091552734,1235300,2.82,13.09,153
2014-04-03,-0.09906394942778007,110.93000030517578,390000,2.8,13.37,156
2014-04-04,0.6039828424250437,111.5999984741211,530500,2.74,13.96,156
2014-04-07,-0.2419324791738453,111.33000183105467,403700,2.71,15.57,156
2014-04-08,0.4670768297080574,111.8499984741211,724400,2.69,14.89,157
2014-04-09,0.07152600102466877,111.93000030517578,946800,2.71,13.82,155
2014-04-10,0.4735091377216394,112.45999908447266,1297100,2.65,15.89,154
2014-04-11,-0.16005718179009643,112.27999877929688,582200,2.63,17.03,156
2014-04-14,-0.19593981394278037,112.05999755859376,387400,2.65,16.11,154
2014-04-15,-0.348027305144738,111.66999816894533,1013700,2.64,15.61,157
2014-04-16,0.28655834160582483,111.98999786376952,373300,2.65,14.18,156
2014-04-17,0.10715487889196851,112.11000061035156,512500,2.73,13.36,148
2014-04-21,0.17839349491872714,112.30999755859376,691100,2.73,13.25,148
2014-04-22,-0.0979437385297488,112.1999969482422,534500,2.73,13.19,149
2014-04-23,-0.12477664300919455,112.05999755859376,586500,2.7,13.27,156
2014-04-24,-0.09816224589336286,111.9499969482422,550000,2.7,13.32,155
2014-04-25,-0.357296924866668,111.5500030517578,867500,2.68,14.06,157
2014-04-28,0.03585233979264135,111.58999633789062,379800,2.7,13.97,153
2014-04-29,0.3943027653428244,112.02999877929688,389900,2.71,13.71,150
2014-04-30,0.12496598337401466,112.16999816894533,908200,2.67,13.41,149
2014-05-01,-0.3922571268558217,111.7300033569336,6716400,2.63,13.25,152
2014-05-02,0.23269891615893545,111.98999786376952,1039200,2.6,12.91,153
2014-05-05,0.035718292964004306,112.02999877929688,1388800,2.63,13.29,152
2014-05-06,0.32134304585753615,112.38999938964844,521900,2.61,13.8,148
2014-05-07,0.8007843498233802,113.29000091552734,864000,2.62,13.4,146
2014-05-08,0.4236876367376574,113.7699966430664,826600,2.61,13.43,143
2014-05-09,-0.19336696651121033,113.5500030517578,634500,2.62,12.92,143
2014-05-12,-0.08807230367929852,113.4499969482422,665400,2.66,12.23,139
2014-05-13,0.03525863076538904,113.48999786376952,328700,2.61,12.13,140
2014-05-14,0.5110598660429178,114.06999969482422,614800,2.54,12.17,143
2014-05-15,-0.07889571152046582,113.9800033569336,926900,2.5,13.17,151
2014-05-16,-0.09650869197387335,113.87000274658205,863200,2.52,12.44,152
2014-05-19,0.19319714235730423,114.08999633789062,562700,2.54,12.42,149
2014-05-20,0.03506084390507702,114.12999725341795,803800,2.52,12.96,153
2014-05-21,-0.07009042634298357,114.0500030517578,1244200,2.54,11.91,151
2014-05-22,0.17535900297296347,114.25,761800,2.56,12.03,153
2014-05-23,0.0437663472715899,114.3000030517578,374500,2.54,11.36,153
2014-05-27,0.13122825238813807,114.4499969482422,685500,2.52,11.51,155
2014-05-28,0.5155124360133989,115.04000091552734,443900,2.44,11.68,156
2014-05-29,0.4259369435587246,115.52999877929688,2480800,2.45,11.57,152
2014-05-30,0.08655628423583916,115.62999725341795,1043900,2.48,11.4,150
2014-06-02,-0.33728219226166756,115.23999786376952,6032800,2.54,11.58,147
2014-06-03,-0.7289104073774921,114.4000015258789,1237500,2.6,11.87,144
2014-06-04,-0.06118854361063519,114.33000183105467,1084600,2.61,12.08,142
2014-06-05,0.2536525066761719,114.62000274658205,661600,2.59,11.68,141
2014-06-06,0.8200966580763414,115.55999755859376,1663100,2.6,10.73,134
2014-06-09,-0.04326360628204018,115.51000213623048,581200,2.62,11.15,132
2014-06-10,-0.372262399119927,115.08000183105467,725000,2.64,10.99,134
2014-06-11,-0.3388941461966444,114.69000244140624,491600,2.65,11.6,141
2014-06-12,-0.11335328280152046,114.55999755859376,818300,2.58,12.56,148
2014-06-13,0.20950200617915193,114.8000030517578,478600,2.6,12.18,148
2014-06-16,-0.5749160666936537,114.13999938964844,668100,2.61,12.65,151
2014-06-17,-0.3241657162787681,113.7699966430664,1056100,2.66,12.06,149
2014-06-18,0.7383352307906987,114.61000061035156,744300,2.61,10.61,150
2014-06-19,-0.17450217884749097,114.41000366210938,788900,2.64,10.62,149
2014-06-20,0.17480722125737813,114.61000061035156,496800,2.63,10.85,150
2014-06-23,0.22685815796688047,114.87000274658205,373600,2.63,10.98,147
2014-06-24,0.3830371737540528,115.30999755859376,458500,2.59,12.13,151
2014-06-25,0.23415512807005712,115.58000183105467,816600,2.57,11.59,147
2014-06-26,-0.025954991193655186,115.5500030517578,278600,2.53,11.63,148
2014-06-27,0.008649508067515299,115.55999755859376,577600,2.54,11.26,150
2014-06-30,-0.2509526840205334,115.2699966430664,393500,2.53,11.57,151
2014-07-01,-0.45111187491101434,114.75,925300,2.58,11.15,147
2014-07-02,-0.15686301104643752,114.56999969482422,383600,2.64,10.82,144
2014-07-03,-0.06982790544453055,114.48999786376952,713600,2.65,10.32,136
2014-07-07,0.1572192405750572,114.66999816894533,350900,2.63,11.33,136
2014-07-08,0.6453348783295398,115.41000366210938,760400,2.58,11.98,144
2014-07-09,0.3205918945039965,115.77999877929688,427500,2.57,11.65,146
2014-07-10,-0.2936572305020868,115.44000244140624,849500,2.55,12.59,147
2014-07-11,0.09528812198995595,115.5500030517578,502100,2.53,12.08,149
2014-07-14,-0.19905093107661642,115.31999969482422,358100,2.55,11.82,148
2014-07-15,-0.11272741394554586,115.19000244140624,928100,2.56,11.96,148
2014-07-16,-0.078135224739595,115.0999984741211,533300,2.55,11.0,148
2014-07-17,-0.21720243554669283,114.8499984741211,421000,2.47,14.54,153
2014-07-18,0.35699056818165875,115.26000213623048,894300,2.5,12.06,147
2014-07-21,0.22557218637617726,115.5199966430664,677800,2.49,12.81,150
2014-07-22,0.15581744321890856,115.6999969482422,489600,2.48,12.24,147
2014-07-23,0.5272261248411736,116.30999755859376,634100,2.48,11.52,145
2014-07-24,-0.14615954992147628,116.13999938964844,441600,2.52,11.84,144
2014-07-25,-0.13776135143419577,115.9800033569336,516100,2.48,12.69,149
2014-07-28,-0.353512373031728,115.56999969482422,538100,2.5,12.56,148
2014-07-29,-0.1124835630018639,115.44000244140624,595700,2.47,13.28,154
2014-07-30,-0.04331518598431616,115.38999938964844,688200,2.57,13.33,149
2014-07-31,-0.7019651294550844,114.58000183105467,2600400,2.58,16.95,151
2014-08-01,-1.0909408099356588,113.33000183105467,5321200,2.52,17.03,159
2014-08-04,0.28236097207627875,113.6500015258789,1644700,2.51,15.12,159
2014-08-05,-0.12318467907502795,113.51000213623048,1832100,2.49,16.87,164
2014-08-06,-0.12333661088334003,113.37000274658205,1835200,2.49,16.37,162
2014-08-07,-0.17641754678597854,113.16999816894533,452500,2.43,16.66,168
2014-08-08,0.3534519151283888,113.56999969482422,1237200,2.44,15.77,168
2014-08-11,0.20252122704202957,113.8000030517578,637400,2.44,14.23,167
2014-08-12,0.13180482641654834,113.9499969482422,659000,2.46,14.13,164
2014-08-13,0.263276050717276,114.25,726400,2.43,12.9,160
2014-08-14,0.5426719882556164,114.87000274658205,754000,2.4,12.42,157
2014-08-15,0.14799178626323517,115.04000091552734,632700,2.34,13.15,161
2014-08-18,0.008694485527516171,115.0500030517578,367800,2.39,12.32,159
2014-08-19,0.2868267648039158,115.37999725341795,562200,2.4,12.21,154
2014-08-20,-0.47668177799942146,114.83000183105467,824000,2.43,11.78,153
2014-08-21,0.1480433390530056,115.0,518800,2.41,11.76,151
2014-08-22,-0.008697509765642764,114.98999786376952,848300,2.4,11.47,152
2014-08-25,-0.03478643035953466,114.9499969482422,526300,2.39,11.7,151
2014-08-26,0.27838164708111623,115.2699966430664,548800,2.39,11.63,149
2014-08-27,0.6332986711139243,116.0,686000,2.37,11.78,148
2014-08-28,-0.2500007892477063,115.70999908447266,630700,2.34,12.05,149
2014-08-29,-0.069139946147867,115.62999725341795,460200,2.35,11.98,148
2014-09-02,-0.7005081534495972,114.81999969482422,1050200,2.42,12.25,146
2014-09-03,0.18289416916112966,115.02999877929688,819100,2.41,12.36,145
2014-09-04,-0.017383850542118662,115.01000213623048,1366700,2.45,12.64,145
2014-09-05,0.35648728380093253,115.41999816894533,1036300,2.46,12.09,143
2014-09-08,-0.6411348774121306,114.68000030517578,1249200,2.48,12.66,142
2014-09-09,-0.3051957387423476,114.33000183105467,794700,2.5,13.5,144
2014-09-10,-0.02623876394334257,114.3000030517578,946200,2.54,12.88,147
2014-09-11,0.008744100235458241,114.30999755859376,441700,2.54,12.8,149
2014-09-12,-0.5511304932843242,113.68000030517578,1504300,2.62,13.31,150
2014-09-15,-0.21111705060280483,113.44000244140624,591800,2.6,14.12,156
2014-09-16,0.12341271741487247,113.58000183105467,642700,2.6,12.73,156
2014-09-17,-0.2641336916018311,113.27999877929688,487900,2.62,12.65,153
2014-09-18,0.03531154304237116,113.31999969482422,547400,2.63,12.03,146
2014-09-19,0.15001603371258554,113.48999786376952,396600,2.59,12.11,145
2014-09-22,0.1497980452373593,113.66000366210938,504900,2.57,13.69,148
2014-09-23,0.11437378957370736,113.79000091552734,456100,2.54,14.93,149
2014-09-24,0.14939640353066608,113.95999908447266,717400,2.57,13.27,147
2014-09-25,-0.15795042701111095,113.77999877929688,1003100,2.52,15.64,154
2014-09-26,-0.298819073245149,113.44000244140624,887900,2.54,14.85,155
2014-09-29,-0.4672062481403949,112.91000366210938,1220400,2.5,15.98,163
2014-09-30,-0.053144261838700135,112.8499984741211,1136800,2.52,16.31,162
2014-10-01,0.248115891079137,113.12999725341795,5037600,2.42,16.71,166
2014-10-02,-0.3624114228487185,112.72000122070312,964700,2.44,16.16,166
2014-10-03,0.1330744537388906,112.87000274658205,608500,2.45,14.55,164
2014-10-06,0.20377046331383486,113.0999984741211,778300,2.43,15.46,165
2014-10-07,0.008843621896925669,113.11000061035156,1023800,2.36,17.2,170
2014-10-08,0.39784010769514655,113.55999755859376,1024800,2.35,15.11,170
2014-10-09,-0.00880108053085138,113.5500030517578,979900,2.34,18.76,167
2014-10-10,-0.2994310507681508,113.20999908447266,608300,2.31,21.24,172
2014-10-13,-0.13249847813086024,113.05999755859376,553800,2.26,24.64,172
2014-10-14,0.24765503745189932,113.33999633789062,1301200,2.21,22.79,180
2014-10-15,0.008824895494652374,113.3499984741211,867600,2.15,26.25,182
2014-10-16,0.008824116775585367,113.36000061035156,1408700,2.17,25.2,179
2014-10-17,0.5292858776381415,113.95999908447266,811600,2.22,21.99,170
2014-10-20,0.21937522113761876,114.20999908447266,802800,2.2,18.57,172
2014-10-21,-0.21889501970409064,113.95999908447266,822700,2.23,16.08,171
2014-10-22,0.21059833774801362,114.1999969482422,1474700,2.25,17.87,169
2014-10-23,-0.1401016085730511,114.04000091552734,801100,2.29,16.53,167
2014-10-24,0.0438402507557889,114.08999633789062,424500,2.29,16.11,170
2014-10-27,0.19283129789187115,114.30999755859376,602100,2.27,16.04,171
2014-10-28,0.22745354018329778,114.56999969482422,983300,2.3,14.39,169
2014-10-29,-0.2705748096530236,114.26000213623048,724500,2.34,15.15,167
2014-10-30,0.21879922573599941,114.51000213623048,347300,2.32,14.52,168
2014-10-31,0.14845704809529625,114.68000030517578,590600,2.35,14.03,169
2014-11-03,-0.7673502363761964,113.8000030517578,2478600,2.36,14.73,167
2014-11-04,-0.2460513191410385,113.5199966430664,730300,2.35,14.89,170
2014-11-05,-0.06166287605195997,113.4499969482422,1200400,2.36,14.17,167
2014-11-06,-0.07051053663461593,113.37000274658205,1161900,2.39,13.67,165
2014-11-07,0.16758825739504601,113.55999755859376,1174700,2.32,13.12,169
2014-11-10,-0.12328231125242617,113.41999816894533,911900,2.38,12.67,165
2014-11-11,-0.05289857129462394,113.36000061035156,428500,2.375,12.92,165
2014-11-12,0.03528662254055348,113.4000015258789,795800,2.37,13.02,160
2014-11-13,-0.05291462714361872,113.33999633789062,542400,2.35,13.79,162
2014-11-14,-0.07940386518305864,113.25,861100,2.32,13.31,164
2014-11-17,-0.29139234530214386,112.91999816894533,459700,2.34,13.99,164
2014-11-18,0.19482928114642473,113.13999938964844,425400,2.32,13.86,166
2014-11-19,0.06186997984960474,113.20999908447266,417100,2.36,13.96,163
2014-11-20,0.3003303330401552,113.5500030517578,808900,2.34,13.58,164
2014-11-21,0.40510706482588255,114.01000213623048,583900,2.31,12.9,164
2014-11-24,0.01753937610009526,114.02999877929688,938600,2.3,12.62,166
2014-11-25,0.026307795859015215,114.05999755859376,379600,2.27,12.25,165
2014-11-26,0.33316227507129703,114.44000244140624,239300,2.24,12.07,167
2014-11-28,-0.5592444739557889,113.8000030517578,328600,2.18,13.33,167
2014-12-01,-0.975395940759971,112.69000244140624,3015500,2.22,14.29,169
2014-12-02,-0.04437221641182543,112.63999938964844,2422800,2.28,12.85,162
2014-12-03,0.14204870647758217,112.8000030517578,741900,2.29,12.47,161
2014-12-04,0.11524578891928261,112.93000030517578,554500,2.25,12.38,165
2014-12-05,-0.3896240504890014,112.48999786376952,1096800,2.31,11.82,166
2014-12-08,-0.7200618490318389,111.68000030517578,829000,2.26,14.21,177
2014-12-09,-0.30444481228157905,111.33999633789062,3242200,2.22,14.89,183
2014-12-10,-0.9520366386369439,110.27999877929688,959200,2.18,18.53,192
2014-12-11,-0.5349984987498946,109.69000244140624,1045500,2.19,20.08,192
2014-12-12,-1.2945626463071402,108.2699966430664,1168500,2.1,21.08,207
2014-12-15,-1.4500782705295756,106.6999969482422,1337800,2.12,20.42,215
2014-12-16,-0.6185530005544448,106.04000091552734,2431500,2.07,23.57,222
2014-12-17,2.517916018382782,108.70999908447266,1149400,2.14,19.44,200
2014-12-18,1.3890186265728133,110.22000122070312,1386800,2.22,16.81,186
2014-12-19,1.0433691826732705,111.37000274658205,816400,2.17,16.49,184
2014-12-22,0.1616236874711463,111.5500030517578,1746800,2.17,15.25,180
2014-12-23,-0.39444413211005,111.11000061035156,828000,2.26,14.8,170
2014-12-24,-0.20700509015403323,110.87999725341795,278000,2.27,14.37,169
2014-12-26,-0.07214484455417836,110.8000030517578,201100,2.25,14.5,177
2014-12-29,-0.48736543380334396,110.26000213623048,854500,2.22,15.06,177
2014-12-30,0.2720800077553376,110.55999755859376,690700,2.2,15.92,179
2014-12-31,-0.7688119508781899,109.70999908447266,512400,2.17,19.2,182
2015-01-02,-0.355482082675207,109.31999969482422,4506900,2.12,17.79,188
2015-01-05,-0.6403192006917968,108.62000274658205,1378500,2.04,19.92,196
2015-01-06,-0.3130215049602092,108.27999877929688,768100,1.97,21.12,201
2015-01-07,1.2560035331396824,109.63999938964844,1408700,1.96,19.31,197
2015-01-08,0.42867678157567646,110.11000061035156,831900,2.03,17.01,192
2015-01-09,-0.06357251333775071,110.04000091552734,606200,1.98,17.55,194
2015-01-12,-0.581606128974621,109.4000015258789,420100,1.92,19.6,202
2015-01-13,0.3199254746246938,109.75,1375200,1.91,20.56,204
2015-01-14,0.7562659052889886,110.58000183105467,685500,1.86,21.48,206
2015-01-15,0.13564977698961034,110.7300033569336,1117800,1.77,22.39,212
2015-01-16,0.07224257133120471,110.80999755859376,735500,1.83,20.95,209
2015-01-20,-0.01804588350058367,110.79000091552734,649900,1.82,19.89,208
2015-01-21,-0.09025947585048488,110.69000244140624,1051000,1.87,18.85,206
2015-01-22,-0.30716772950214466,110.3499984741211,1794100,1.9,16.4,200
2015-01-23,1.1780725597949848,111.6500015258789,1129200,1.81,16.66,199
2015-01-26,-0.9314831180600391,110.61000061035156,1304200,1.83,15.52,198
2015-01-27,0.7142219610958067,111.4000015258789,602400,1.83,17.22,204
2015-01-28,0.09874381404386678,111.51000213623048,1036700,1.73,20.44,210
2015-01-29,0.13451844947114378,111.66000366210938,391800,1.77,18.76,202
2015-01-30,0.08955621605002406,111.76000213623048,867800,1.68,20.97,208
2015-02-02,-0.24159293781316205,111.48999786376952,1557800,1.68,19.43,204
2015-02-03,0.5381634995224038,112.08999633789062,933700,1.79,17.33,195
2015-02-04,-0.8386072287647761,111.1500015258789,636400,1.81,18.33,196
2015-02-05,0.5308109129924299,111.73999786376952,505100,1.83,16.85,195
2015-02-06,-0.2595318785318712,111.4499969482422,507300,1.95,17.29,188
2015-02-09,0.05384045727354625,111.51000213623048,566800,1.96,18.55,187
2015-02-10,-0.7263968903872042,110.6999969482422,829000,2.01,17.23,193
2015-02-11,-0.09033286077493319,110.5999984741211,447800,2.0,16.96,192
2015-02-12,0.7956644619831588,111.4800033569336,2686500,1.99,15.34,188
2015-02-13,0.24219289104427943,111.75,539600,2.02,14.69,183
2015-02-17,-0.17002455606821565,111.55999755859376,761800,2.14,15.8,173
2015-02-18,-0.03585596665718338,111.5199966430664,303300,2.07,15.45,178
2015-02-19,-0.29590585688086257,111.19000244140624,343900,2.11,15.29,171
2015-02-20,0.2787998487158161,111.5,401400,2.13,14.3,168
2015-02-23,-0.13453051648332215,111.3499984741211,649400,2.06,14.56,174
2015-02-24,0.4669998020537136,111.87000274658205,592500,1.99,13.69,177
2015-02-25,0.4558813750914048,112.37999725341795,587500,1.96,13.84,173
2015-02-26,-0.10677622363425288,112.26000213623048,613300,2.03,13.91,169
2015-02-27,0.16924533083577664,112.4499969482422,350200,2.0,13.34,170
2015-03-02,-0.6491736303693041,111.72000122070312,1097600,2.08,13.04,161
2015-03-03,0.17901624244267555,111.91999816894533,381100,2.12,13.86,159
2015-03-04,-0.39313332667103573,111.4800033569336,654700,2.12,14.23,164
2015-03-05,-0.008972134848650448,111.47000122070312,442300,2.11,14.04,168
2015-03-06,-0.672826762166312,110.72000122070312,623600,2.24,15.2,169
2015-03-09,-0.07225598823397128,110.63999938964844,366300,2.2,15.06,174
2015-03-10,-0.3886481449276058,110.20999908447266,478000,2.14,16.69,185
2015-03-11,0.17240036565160377,110.4000015258789,460000,2.11,16.87,186
2015-03-12,0.11775113371488288,110.52999877929688,1303500,2.1,15.42,185
2015-03-13,-0.7328305143756708,109.72000122070312,821600,2.13,16.0,192
2015-03-16,-0.29165119510027315,109.4000015258789,1381800,2.1,15.61,198
2015-03-17,0.13711291022551197,109.5500030517578,447400,2.06,15.66,205
2015-03-18,1.314463506980812,110.98999786376952,628600,1.93,13.97,211
2015-03-19,-0.45049104389902617,110.48999786376952,836300,1.98,14.07,202
2015-03-20,1.08607530169047,111.69000244140624,582200,1.93,13.02,200
2015-03-23,0.26859648653034807,111.98999786376952,561500,1.92,13.41,193
2015-03-24,0.05358084572988364,112.0500030517578,894000,1.88,13.62,192
2015-03-25,0.249887346426525,112.33000183105467,674900,1.93,15.44,187
2015-03-26,-0.5430433547655378,111.72000122070312,527600,2.01,15.8,182
2015-03-27,0.17007021064285865,111.91000366210938,480300,1.95,15.07,185
2015-03-30,0.23232463437401485,112.16999816894533,397700,1.96,14.51,179
2015-03-31,-0.044571118105918295,112.12000274658205,637400,1.94,15.29,181
2015-04-01,0.15162162395727652,112.29000091552734,1491500,1.87,15.11,183
2015-04-02,0.4987065224222542,112.8499984741211,681600,1.92,14.67,177
2015-04-06,0.36331738383090784,113.26000213623048,571400,1.92,14.74,171
2015-04-07,-0.1854132796325514,113.0500030517578,1217500,1.89,14.78,177
2015-04-08,0.46881801414391244,113.58000183105467,706200,1.92,13.98,176
2015-04-09,0.026412025720445875,113.61000061035156,872700,1.97,13.09,174
2015-04-10,0.008803922345523851,113.62000274658205,445300,1.96,12.58,176
2015-04-13,-0.14082349783626213,113.45999908447266,529800,1.94,13.94,177
2015-04-14,0.11457540495940499,113.58999633789062,784900,1.9,13.67,179
2015-04-15,0.15846492735183126,113.7699966430664,457800,1.91,12.84,181
2015-04-16,-0.2197415903811062,113.5199966430664,764300,1.9,12.6,186
2015-04-17,-0.13212993386176874,113.37000274658205,778900,1.87,13.89,190
2015-04-20,-0.23816200575076385,113.0999984741211,855600,1.9,13.3,184
2015-04-21,0.08841598184812227,113.1999969482422,853400,1.92,13.25,179
2015-04-22,0.3621940575641691,113.61000061035156,1366400,1.99,12.71,172
2015-04-23,0.22885497300735302,113.87000274658205,1374300,1.96,12.48,174
2015-04-24,0.21076478262991305,114.11000061035156,744200,1.93,12.29,173
2015-04-27,0.11392275236405958,114.23999786376952,617700,1.94,13.12,174
2015-04-28,-0.07002293693626482,114.16000366210938,1967500,2.0,12.41,170
2015-04-29,-0.6306948121990286,113.44000244140624,520900,2.06,13.39,168
2015-04-30,-0.282087172018064,113.12000274658205,455500,2.05,14.55,171
2015-05-01,-0.2563657253236151,112.83000183105467,831200,2.12,12.7,169
2015-05-04,-0.1418095005873754,112.66999816894533,316400,2.16,12.85,167
2015-05-05,-0.1508814872708375,112.5,529100,2.19,14.31,167
2015-05-06,-0.026665581597218324,112.47000122070312,476200,2.25,15.15,162
2015-05-07,-0.151149788477134,112.3000030517578,488200,2.18,15.13,170
2015-05-08,0.5520882460722465,112.91999816894533,911500,2.16,12.86,165
2015-05-11,-0.4605000456061159,112.4000015258789,1393900,2.28,13.85,159
2015-05-12,-0.5338064643913398,111.8000030517578,752200,2.28,13.86,164
2015-05-13,0.10733015555641767,111.91999816894533,811200,2.27,13.76,164
2015-05-14,0.3305957403818782,112.29000091552734,679800,2.23,12.74,164
2015-05-15,0.4987065224222542,112.8499984741211,479700,2.14,12.38,171
2015-05-18,-0.2569791045179626,112.55999755859376,1375100,2.23,12.73,162
2015-05-19,-0.4886242308924871,112.01000213623048,639000,2.27,12.85,163
2015-05-20,0.08927637908573427,112.11000061035156,849700,2.26,12.88,160
2015-05-21,0.5351872900317245,112.70999908447266,768600,2.19,12.11,164
2015-05-22,0.13308626306214322,112.86000061035156,633900,2.21,12.13,164
2015-05-26,-0.2746744257640321,112.5500030517578,295800,2.14,14.06,170
2015-05-27,-0.17770286291749482,112.3499984741211,373700,2.14,13.27,170
2015-05-28,-0.2759212842046943,112.04000091552734,469600,2.13,13.31,171
2015-05-29,0.2945392969993854,112.37000274658205,563300,2.12,13.84,174
2015-06-01,-0.9255147193266478,111.33000183105467,849300,2.19,13.97,169
2015-06-02,-0.13473594126632848,111.18000030517578,529100,2.27,14.24,164
2015-06-03,-0.35078196490190283,110.79000091552734,699200,2.38,13.66,162
2015-06-04,-0.10831550283451064,110.66999816894533,824900,2.31,14.71,169
2015-06-05,-0.5331131721805771,110.08000183105467,633100,2.41,14.21,166
2015-06-08,-0.2452800399434074,109.80999755859376,447900,2.39,15.29,172
2015-06-09,-0.373368583763134,109.4000015258789,758600,2.42,14.47,173
2015-06-10,-0.3564893822749826,109.01000213623048,529000,2.5,13.22,177
2015-06-11,0.2660314740338121,109.3000030517578,679800,2.39,12.85,179
2015-06-12,0.1372313744706588,109.4499969482422,610300,2.39,13.78,179
2015-06-15,-0.49336985033282543,108.91000366210938,809000,2.36,15.39,185
2015-06-16,-0.018367708923228143,108.88999938964844,1126600,2.32,14.81,191
2015-06-17,0.4408149137883344,109.37000274658205,501400,2.32,14.5,191
2015-06-18,0.5120211616811421,109.93000030517578,580800,2.35,13.19,179
2015-06-19,0.25470643001872517,110.20999908447266,804900,2.26,13.96,185
2015-06-22,0.1451807126744864,110.37000274658205,521500,2.37,12.74,176
2015-06-23,-0.03624256096035339,110.33000183105467,626800,2.42,12.11,172
2015-06-24,0.09063579485317774,110.43000030517578,536100,2.38,13.26,176
2015-06-25,-0.1358340355558929,110.27999877929688,515800,2.4,14.01,178
2015-06-26,-0.3173725770722391,109.93000030517578,723700,2.49,14.02,172
2015-06-29,-0.26380507115644214,109.63999938964844,595700,2.33,18.85,186
2015-06-30,0.2553801357676022,109.91999816894533,788300,2.35,18.23,182
2015-07-01,-0.01819199727031151,109.9000015258789,7283200,2.43,16.09,173
2015-07-02,0.06369398894661149,109.97000122070312,1021600,2.4,16.79,173
2015-07-06,-0.41829506171364716,109.51000213623048,915500,2.3,17.01,187
2015-07-07,-0.07305435987041697,109.43000030517578,863400,2.27,16.09,189
2015-07-08,-0.19190266278626966,109.22000122070312,940600,2.22,19.66,190
2015-07-09,0.2288958040705502,109.47000122070312,647600,2.32,19.97,183
2015-07-10,0.3745282069452349,109.87999725341795,584300,2.42,16.83,174
2015-07-13,-0.1547125711636399,109.70999908447266,462500,2.44,13.9,175
2015-07-14,-0.3281383769535684,109.3499984741211,1121400,2.41,13.37,176
2015-07-15,0.0,109.3499984741211,934400,2.36,13.23,185
2015-07-16,0.26520431602563566,109.63999938964844,676300,2.36,12.11,185
2015-07-17,0.036483870622050496,109.68000030517578,551100,2.34,11.95,185
2015-07-20,-0.13676287879424986,109.52999877929688,452700,2.38,12.25,183
2015-07-21,0.06390915329530511,109.5999984741211,745000,2.35,12.22,186
2015-07-22,0.06386833558282845,109.66999816894533,508900,2.33,12.12,190
2015-07-23,-0.26443049181110734,109.37999725341795,481000,2.28,12.64,197
2015-07-24,-0.3656919971917971,108.9800033569336,641200,2.27,13.74,200
2015-07-27,-0.39456807848265996,108.5500030517578,760800,2.23,15.6,206
2015-07-28,0.1750297620177088,108.73999786376952,750800,2.26,13.44,202
2015-07-29,0.5149946652471593,109.3000030517578,823400,2.29,12.5,194
2015-07-30,0.32021817415262,109.6500015258789,995300,2.28,12.13,192
2015-07-31,0.009121875140238878,109.66000366210938,419500,2.2,12.12,196
2015-08-03,-0.8207199487718642,108.76000213623048,3302800,2.16,12.56,200
2015-08-04,0.147109258525413,108.91999816894533,1428300,2.23,13.0,199
2015-08-05,-0.10099211549833287,108.80999755859376,810200,2.28,12.51,197
2015-08-06,-0.35842238617680433,108.41999816894533,1426900,2.23,13.77,203
2015-08-07,0.046119768126051675,108.47000122070312,892900,2.18,13.39,207
2015-08-10,0.018435182853648868,108.48999786376952,618600,2.24,12.23,205
2015-08-11,0.02765119355478962,108.5199966430664,859400,2.15,13.71,211
2015-08-12,0.05529412997093974,108.58000183105467,905100,2.14,13.61,210
2015-08-13,-0.08289184542951133,108.48999786376952,766200,2.19,13.49,206
2015-08-14,0.055309419457838516,108.5500030517578,1096000,2.2,12.83,209
2015-08-17,0.06448612884042415,108.62000274658205,576600,2.16,13.02,212
2015-08-18,-0.3590493277360274,108.2300033569336,544700,2.2,13.79,215
2015-08-19,-0.2679487263535951,107.94000244140624,1407000,2.12,15.25,223
2015-08-20,-0.3613112662843809,107.5500030517578,1412800,2.09,19.14,229
2015-08-21,-0.42771427318862854,107.08999633789062,1507000,2.05,28.03,236
2015-08-24,-1.4473764827414248,105.54000091552734,1862300,2.01,40.74,247
2015-08-25,0.7769563082347553,106.36000061035156,1415100,2.12,36.02,237
2015-08-26,-0.018808078550336393,106.33999633789062,1745800,2.18,30.32,238
2015-08-27,1.4481859775827388,107.87999725341795,1856000,2.18,26.1,231
2015-08-28,0.06488663015054019,107.9499969482422,799400,2.19,26.05,227
2015-08-31,0.05558609512239521,108.01000213623048,523300,2.21,28.43,225
2015-09-01,-0.3518237897386922,107.62999725341795,3986600,2.17,31.4,232
2015-09-02,-0.4366752794780493,107.16000366210938,780100,2.2,26.09,232
2015-09-03,0.5225807572380337,107.72000122070312,792900,2.18,25.61,234
2015-09-04,-0.07426831614193441,107.63999938964844,698600,2.13,27.8,239
2015-09-08,-0.037161757482495617,107.5999984741211,582800,2.2,24.9,231
2015-09-09,0.33457306269213394,107.95999908447266,972600,2.21,26.23,227
2015-09-10,-0.14819936464585126,107.8000030517578,602700,2.23,24.37,226
2015-09-11,0.01854976113202511,107.81999969482422,520800,2.2,23.2,232
2015-09-14,0.0649227369897476,107.88999938964844,235800,2.18,24.25,231
2015-09-15,-0.12049054977604223,107.76000213623048,576200,2.28,22.54,218
2015-09-16,0.40830995108507295,108.1999969482422,1286700,2.3,21.35,216
2015-09-17,0.5822596123674861,108.83000183105467,685600,2.21,21.14,220
2015-09-18,0.2572808734594645,109.11000061035156,1064900,2.13,22.28,221
2015-09-21,-0.5590693858851359,108.5,790300,2.2,20.14,218
2015-09-22,-0.801845849384375,107.62999725341795,571000,2.14,22.44,232
2015-09-23,-0.20439802742965307,107.41000366210938,748600,2.16,22.13,231
2015-09-24,-0.3351648804370888,107.0500030517578,1100600,2.13,23.47,245
2015-09-25,-0.23353572430925285,106.8000030517578,411800,2.17,23.62,245
2015-09-28,-0.8614286255160364,105.87999725341795,516300,2.1,27.63,261
2015-09-29,-0.22666969209972354,105.63999938964844,690600,2.05,26.83,266
2015-09-30,0.7194264867677935,106.4000015258789,985100,2.06,24.5,258
2015-10-01,-0.7236882156187452,105.62999725341795,3095400,2.05,22.55,256
2015-10-02,1.1360452606637539,106.83000183105467,1013300,1.99,20.94,249
2015-10-05,0.49611417224821874,107.36000061035156,623000,2.07,19.54,231
2015-10-06,0.31668809236002904,107.6999969482422,726400,2.05,19.4,231
2015-10-07,0.3156954288945135,108.04000091552734,709200,2.08,18.4,229
2015-10-08,0.04627491849280574,108.08999633789062,666900,2.12,17.42,224
2015-10-09,0.41632398268383053,108.54000091552734,463400,2.12,17.08,222
2015-10-12,0.1289841426824756,108.68000030517578,277900,2.09,16.17,222
2015-10-13,-0.699302662952106,107.91999816894533,775200,2.06,17.67,229
2015-10-14,0.4540451273886692,108.41000366210938,701700,1.99,18.03,233
2015-10-15,0.4981028206731519,108.9499969482422,713700,2.04,16.05,226
2015-10-16,0.5415364697673564,109.54000091552734,1156300,2.04,15.05,219
2015-10-19,0.009131035372345053,109.5500030517578,723100,2.04,14.98,222
2015-10-20,-0.5477006725706057,108.9499969482422,1121300,2.08,15.75,225
2015-10-21,-0.3487813346139901,108.56999969482422,604000,2.04,16.7,225
2015-10-22,0.4236889433228752,109.02999877929688,663900,2.04,14.45,224
2015-10-23,0.20178044865291067,109.25,687800,2.09,14.46,216
2015-10-26,0.05491767377003853,109.30999755859376,434600,2.07,15.29,216
2015-10-27,-0.27444463366900207,109.01000213623048,1288800,2.05,15.43,221
2015-10-28,-0.4128103557638152,108.55999755859376,566300,2.1,14.33,217
2015-10-29,0.147387311816205,108.72000122070312,654400,2.19,14.61,213
2015-10-30,-0.2023557930766806,108.5,892300,2.16,15.07,220
2015-11-02,-0.3317977975590414,108.13999938964844,3335600,2.2,14.15,214
2015-11-03,0.5548349153944088,108.73999786376952,1028800,2.23,14.54,206
2015-11-04,-0.01838940910358078,108.72000122070312,693900,2.25,15.51,208
2015-11-05,0.11957068796759618,108.8499984741211,840900,2.26,15.05,210
2015-11-06,-0.6063353623948609,108.19000244140624,1091200,2.34,14.33,209
2015-11-09,-0.4806398564807579,107.66999816894533,640700,2.36,16.52,213
2015-11-10,0.13002636948944435,107.80999755859376,461500,2.32,15.29,218
2015-11-11,0.02782560057155159,107.83999633789062,357600,2.32,16.06,218
2015-11-12,0.18546419179212847,108.04000091552734,834700,2.32,18.37,222
2015-11-13,-0.14809668710988877,107.87999725341795,718900,2.28,20.08,226
2015-11-16,0.05562216306636003,107.94000244140624,1843200,2.27,18.16,224
2015-11-17,0.23161014855053175,108.19000244140624,893700,2.25,18.84,226
2015-11-18,0.24031287639241228,108.4499969482422,539600,2.27,16.85,224
2015-11-19,0.18442100808186979,108.6500015258789,943100,2.24,16.99,223
2015-11-20,0.3129280562500725,108.98999786376952,1427800,2.26,15.47,221
2015-11-23,-0.10092725250719914,108.87999725341795,647400,2.25,15.62,220
2015-11-24,-0.10102921852167546,108.7699966430664,801300,2.24,15.93,221
2015-11-25,-0.09193571500165643,108.66999816894533,432900,2.23,15.19,223
2015-11-27,0.009204137663565426,108.68000030517578,378300,2.22,15.12,224
2015-11-30,-0.2668392663903285,108.38999938964844,1260600,2.21,16.13,224
2015-12-01,-0.10148594055815474,108.27999877929688,2350100,2.15,14.67,230
2015-12-02,-0.3232346491197191,107.93000030517578,793900,2.18,15.91,228
2015-12-03,-0.6948948372828223,107.18000030517578,1245000,2.33,18.11,220
2015-12-04,0.1492778804434547,107.33999633789062,1114300,2.28,14.81,221
2015-12-07,-0.24221587079016338,107.08000183105467,637200,2.23,15.84,230
2015-12-08,-0.1587580930503818,106.91000366210938,1314400,2.24,17.6,232
2015-12-09,0.16835905866219303,107.08999633789062,1022100,2.22,19.61,233
2015-12-10,-0.14940334128877852,106.93000030517578,902200,2.24,19.34,233
2015-12-11,-1.5337130692676726,105.29000091552734,1817500,2.13,24.39,250
2015-12-14,0.39889653841134187,105.70999908447266,1273700,2.23,22.73,242
2015-12-15,0.3310930632412834,106.05999755859376,1093800,2.28,20.95,236
2015-12-16,0.07543073062064032,106.13999938964844,1379800,2.3,17.86,237
2015-12-17,0.08479740701217153,106.2300033569336,943900,2.24,18.94,238
2015-12-18,-0.22593004384802162,105.98999786376952,1017600,2.19,20.7,246
2015-12-21,-0.17925730336925128,105.8000030517578,979800,2.2,18.7,246
2015-12-22,0.17013260868030677,105.9800033569336,1260300,2.24,16.6,243
2015-12-23,0.4529115987309984,106.45999908447266,1357000,2.27,15.57,240
2015-12-24,-0.469659970223435,105.95999908447266,955800,2.25,15.74,242
2015-12-28,-0.28312139010506776,105.66000366210938,534100,2.24,16.91,244
2015-12-29,0.09464174773350376,105.76000213623048,438800,2.32,16.08,233
2015-12-30,0.20801930432994276,105.9800033569336,1078100,2.31,17.29,237
2015-12-31,-0.18871916522130716,105.77999877929688,799600,2.27,18.21,240
2016-01-04,-0.10398999018809141,105.66999816894533,1249700,2.24,20.7,244
2016-01-05,0.2649747176575179,105.9499969482422,1170500,2.25,19.34,236
2016-01-06,-0.009433229942279464,105.94000244140624,913900,2.18,20.59,243
2016-01-07,-0.4719652524800888,105.44000244140624,1173900,2.16,24.99,247
2016-01-08,-0.08536036153371507,105.3499984741211,2015700,2.13,27.01,254
2016-01-11,-0.17085933344364035,105.16999816894533,787800,2.17,24.3,257
2016-01-12,-0.4659103093093253,104.68000030517578,1318100,2.12,22.47,265
2016-01-13,-0.39167334821750277,104.2699966430664,1520200,2.08,25.22,274
2016-01-14,0.11508847266277211,104.38999938964844,720900,2.1,23.95,268
2016-01-15,-0.986683384729492,103.36000061035156,1434100,2.03,27.02,281
2016-01-19,0.36764439935568216,103.73999786376952,1688500,2.06,26.05,284
2016-01-20,-0.6072848143348297,103.11000061035156,2162500,2.01,27.59,288
2016-01-21,0.45582505859855793,103.58000183105467,803000,2.02,26.69,283
2016-01-22,0.9364753847806107,104.5500030517578,1325000,2.07,22.34,273
2016-01-25,-0.45911367089673805,104.06999969482422,839200,2.03,24.15,276
2016-01-26,0.3170960238516374,104.4000015258789,1405200,2.01,22.5,275
2016-01-27,0.4789271960652819,104.9000015258789,773400,2.02,23.11,270
2016-01-28,0.5243044941497077,105.4499969482422,557400,2.0,22.42,269
2016-01-29,0.3508798077667352,105.81999969482422,1099100,1.94,20.2,273
2016-02-01,-0.8883031979939005,104.87999725341795,2583100,1.97,19.98,271
2016-02-02,-0.21929417769083193,104.6500015258789,1023500,1.87,21.98,285
2016-02-03,0.4395595583043477,105.11000061035156,1051300,1.88,21.65,281
2016-02-04,0.12367734056044632,105.23999786376952,1302600,1.87,21.84,281
2016-02-05,-0.1045235771421793,105.12999725341795,802100,1.86,23.38,281
2016-02-08,-0.4470594536168826,104.66000366210938,1115800,1.75,26.0,298
2016-02-09,-0.32486523541777057,104.31999969482422,783800,1.74,26.54,296
2016-02-10,0.09585743329527663,104.41999816894533,745000,1.71,26.29,299
2016-02-11,-0.11491583919910342,104.3000030517578,882000,1.63,28.14,313
2016-02-12,0.39309302082322084,104.70999908447266,991600,1.74,25.4,296
2016-02-16,0.32471012344374994,105.0500030517578,2044000,1.78,24.11,289
2016-02-17,0.7044244095880225,105.79000091552734,1727400,1.81,22.31,276
2016-02-18,0.3024857661923397,106.11000061035156,1249500,1.75,21.64,281
2016-02-19,-0.08482138042357201,106.0199966430664,570100,1.76,20.53,277
2016-02-22,0.4904775409601436,106.54000091552734,657000,1.77,19.38,275
2016-02-23,-0.018776302129752676,106.5199966430664,645600,1.74,20.98,276
2016-02-24,0.018779828287041056,106.54000091552734,847600,1.75,20.72,270
2016-02-25,0.3472899787896555,106.91000366210938,1161100,1.71,19.11,268
2016-02-26,0.16835905866219303,107.08999633789062,1342000,1.76,19.81,261
2016-02-29,0.14941046557190862,107.25,1410100,1.74,20.55,260
2016-03-01,0.7552424788753065,108.05999755859376,7117100,1.83,17.7,244
2016-03-02,-0.2406019921432856,107.8000030517578,2353700,1.84,17.09,240
2016-03-03,0.1205911407586635,107.93000030517578,1836700,1.83,16.7,238
2016-03-04,0.24089885619873463,108.19000244140624,1642800,1.88,16.86,234
2016-03-07,0.19410211640062958,108.4000015258789,1405400,1.91,17.35,234
2016-03-08,-0.3966792427333332,107.97000122070312,1896900,1.83,18.67,238
2016-03-09,0.24080960756773795,108.2300033569336,989600,1.9,18.34,227
2016-03-10,-0.055442285990114915,108.16999816894533,1198200,1.93,18.05,226
2016-03-11,0.619393713864036,108.83999633789062,1250100,1.98,16.5,218
2016-03-14,-0.2205052111766581,108.5999984741211,1188700,1.97,16.92,223
2016-03-15,-0.5616948608861527,107.98999786376952,1062000,1.97,16.84,226
2016-03-16,0.9908322214933873,109.05999755859376,1478900,1.94,14.99,225
2016-03-17,0.7793931070454452,109.91000366210938,1627400,1.91,14.44,218
2016-03-18,0.0818818441379543,110.0,1442700,1.88,14.02,215
2016-03-21,0.37273060191760354,110.41000366210938,1932700,1.92,13.79,213
2016-03-22,-0.19020623757052268,110.1999969482422,1738400,1.94,14.17,213
2016-03-23,-0.6261296108164061,109.51000213623048,1193100,1.88,14.94,224
2016-03-24,-0.23742318615521674,109.25,1100800,1.91,14.74,225
2016-03-28,0.1922188416225712,109.45999908447266,1212000,1.89,15.24,228
2016-03-29,0.5207378947485131,110.02999877929688,1629600,1.81,13.82,232
2016-03-30,0.09997329053161863,110.13999938964844,1205200,1.83,13.56,225
2016-03-31,0.19066559436751174,110.3499984741211,2063500,1.78,13.95,226
2016-04-01,-0.12686850166225838,110.20999908447266,1421900,1.79,13.1,224
2016-04-04,-0.02721965297711737,110.18000030517578,1170200,1.78,14.12,227
2016-04-05,-0.2632064936686329,109.88999938964844,1325300,1.73,15.42,237
2016-04-06,0.23660218188603643,110.1500015258789,1525100,1.76,14.09,232
2016-04-07,-0.4085379676830758,109.6999969482422,1535600,1.7,16.16,240
2016-04-08,0.319057532591116,110.0500030517578,1011000,1.72,15.36,237
2016-04-11,0.44525020461751996,110.54000091552734,1608000,1.73,16.26,224
2016-04-12,0.1356988643355539,110.69000244140624,1618100,1.79,14.85,214
2016-04-13,0.41557419308593246,111.1500015258789,1859700,1.77,13.84,210
2016-04-14,0.125955364576269,111.29000091552734,752000,1.8,13.72,204
2016-04-15,0.05391100557119444,111.3499984741211,734900,1.76,13.62,207
2016-04-18,0.053888808990176784,111.41000366210938,891300,1.78,13.35,204
2016-04-19,0.38595517605883867,111.83999633789062,2069100,1.79,13.24,200
2016-04-20,0.08047565292583769,111.93000030517578,1628000,1.85,13.28,191
2016-04-21,-0.35736757329429825,111.52999877929688,1460700,1.88,13.95,190
2016-04-22,-0.1524237163148534,111.36000061035156,930200,1.89,13.22,194
2016-04-25,-0.4040920849279872,110.91000366210938,1438000,1.91,14.08,194
2016-04-26,0.09016181662544476,111.01000213623048,1135400,1.94,13.96,193
2016-04-27,0.4504098643169252,111.51000213623048,1227900,1.87,13.77,195
2016-04-28,0.2062556928821957,111.73999786376952,1635200,1.84,15.22,196
2016-04-29,-0.09844336178140844,111.62999725341795,1128000,1.83,15.7,198
2016-05-02,-0.3852013936716192,111.1999969482422,1025500,1.88,14.68,196
2016-05-03,-0.22482015005482747,110.9499969482422,1387300,1.81,15.6,202
2016-05-04,-0.23433484811834493,110.69000244140624,1001300,1.79,16.05,205
2016-05-05,0.23488526615003114,110.9499969482422,975200,1.76,15.91,206
2016-05-06,0.12618241865633983,111.08999633789062,1031200,1.79,14.72,202
2016-05-09,-0.2520467985661079,110.80999755859376,1198500,1.77,14.57,204
2016-05-10,0.442203324573609,111.3000030517578,969800,1.77,13.63,205
2016-05-11,0.23359793324988498,111.55999755859376,1114900,1.73,14.69,205
2016-05-12,0.19720439720121163,111.77999877929688,780200,1.75,14.41,204
2016-05-13,0.0626227371521404,111.8499984741211,378100,1.71,15.04,210
2016-05-16,0.05364791131594604,111.91000366210938,863800,1.75,14.68,204
2016-05-17,-0.07148764939393093,111.83000183105467,449300,1.76,15.57,205
2016-05-18,-0.9657532087733234,110.75,1817100,1.87,15.95,201
2016-05-19,-0.34311264416970744,110.37000274658205,1662600,1.85,16.33,218
2016-05-20,0.09966531450045224,110.4800033569336,1528400,1.85,15.2,215
2016-05-23,0.00904643965626839,110.48999786376952,927700,1.84,15.82,219
2016-05-24,0.2353173511244533,110.75,1989200,1.86,14.42,216
2016-05-25,0.27990750211626114,111.05999755859376,972900,1.87,13.9,213
2016-05-26,0.03601739276666294,111.0999984741211,1003800,1.83,13.43,214
2016-05-27,-0.054003203796371135,111.04000091552734,555800,1.85,13.12,209
2016-05-31,-0.05403238301429081,110.9800033569336,976900,1.84,14.19,213
2016-06-01,-0.05406846834855594,110.91999816894533,1858600,1.85,14.2,211
2016-06-02,0.18031426337754564,111.12000274658205,4650500,1.81,13.63,211
2016-06-03,0.7919341537678593,112.0,1301800,1.71,13.47,212
2016-06-06,0.1874991825648653,112.20999908447266,903800,1.73,13.65,205
2016-06-07,0.16041378365958536,112.38999938964844,1512700,1.72,14.05,203
2016-06-08,0.5249612692314942,112.9800033569336,810000,1.71,14.08,204
2016-06-09,-0.12392194625862052,112.83999633789062,916300,1.68,14.64,207
2016-06-10,-0.38106406392789394,112.41000366210938,893100,1.64,17.03,213
2016-06-13,-0.3647394793632408,112.0,816300,1.62,20.97,216
2016-06-14,-0.4553590502057836,111.48999786376952,1144200,1.62,20.5,220
2016-06-15,0.3946564264391661,111.93000030517578,1151300,1.6,20.14,216
2016-06-16,0.01786531136593883,111.9499969482422,894900,1.57,19.37,218
2016-06-17,-0.09825869883893779,111.83999633789062,761200,1.62,19.41,212
2016-06-20,0.6795441354757958,112.5999984741211,1483700,1.67,18.37,205
2016-06-21,-0.0799257008083254,112.51000213623048,946300,1.71,18.48,202
2016-06-22,0.4355149359754007,113.0,1392900,1.69,21.17,203
2016-06-23,0.2389350823596592,113.2699966430664,583900,1.74,17.25,198
2016-06-24,-0.8475316614493855,112.30999755859376,1312400,1.57,25.76,214
2016-06-27,0.30273704449843564,112.6500015258789,1853900,1.46,23.85,225
2016-06-28,0.7367969993893109,113.4800033569336,1278400,1.46,18.75,218
2016-06-29,1.0045817376853172,114.62000274658205,1368300,1.5,16.64,205
2016-06-30,0.46239641126921693,115.1500015258789,5314800,1.49,15.63,200
2016-07-01,-0.07816236742724803,115.05999755859376,1587200,1.46,14.77,193
2016-07-05,0.22597092103886496,115.31999969482422,1809900,1.37,15.58,199
2016-07-06,0.1387475394838633,115.4800033569336,1354700,1.38,14.96,196
2016-07-07,-0.03463882435448262,115.44000244140624,1119400,1.4,14.76,195
2016-07-08,0.7969491939436635,116.36000061035156,1447800,1.37,13.2,191
2016-07-11,0.28360418470581017,116.69000244140624,1456600,1.43,13.54,184
2016-07-12,-0.3427898856028788,116.29000091552734,1644300,1.53,13.55,177
2016-07-13,0.05159305023767491,116.3499984741211,1701800,1.48,13.04,181
2016-07-14,0.0429764094659113,116.4000015258789,3426400,1.53,12.82,177
2016-07-15,-0.02577214682440987,116.37000274658205,6078700,1.6,12.67,172
2016-07-18,-0.1374956245879133,116.20999908447266,3840700,1.59,12.44,171
2016-07-19,0.025814284083303107,116.23999786376952,2461700,1.56,11.97,176
2016-07-20,-0.04301051555581914,116.19000244140624,2212700,1.59,11.77,173
2016-07-21,0.0,116.19000244140624,1963700,1.57,12.74,176
2016-07-22,0.00860186472670943,116.1999969482422,2897300,1.57,12.02,178
2016-07-25,-0.24956393610061633,115.91000366210938,1088000,1.58,12.87,180
2016-07-26,-0.28470522010912713,115.58000183105467,3716500,1.57,13.05,185
2016-07-27,0.44990191627312104,116.0999984741211,2657800,1.52,12.83,188
2016-07-28,-0.24117035570787593,115.81999969482422,1636100,1.52,12.72,189
2016-07-29,0.3194636052123556,116.19000244140624,1852800,1.46,11.87,194
2016-08-01,-0.8090217933167443,115.25,2198100,1.51,12.44,191
2016-08-02,-0.23427040613137606,114.9800033569336,2596900,1.55,13.37,187
2016-08-03,0.13915118111291758,115.13999938964844,2821500,1.55,12.86,184
2016-08-04,0.6687547998460053,115.91000366210938,1375000,1.51,12.42,185
2016-08-05,-0.25882412413026357,115.61000061035156,1896700,1.59,11.39,174
2016-08-08,0.5968362925036219,116.3000030517578,2728500,1.59,11.5,175
2016-08-09,0.46431063797351957,116.83999633789062,2394600,1.55,11.66,178
2016-08-10,0.29099963877257107,117.18000030517578,1565800,1.5,12.05,178
2016-08-11,-0.1536100910624727,117.0,2082500,1.57,11.68,170
2016-08-12,0.42735042735042583,117.5,2981200,1.51,11.55,173
2016-08-15,0.11914841672207022,117.63999938964844,866400,1.55,11.81,167
2016-08-16,-0.2635137369960239,117.33000183105467,3161200,1.57,12.64,163
2016-08-17,0.30682741390384294,117.69000244140624,4524200,1.56,12.19,163
2016-08-18,0.23791211954158342,117.97000122070312,2233700,1.53,11.43,163
2016-08-19,-0.46622280754988754,117.41999816894533,1289400,1.58,11.34,160
2016-08-22,0.12774785234033192,117.56999969482422,2127300,1.55,12.27,164
2016-08-23,0.08505441386466028,117.66999816894533,2851500,1.55,12.38,163
2016-08-24,-0.3399350149599023,117.2699966430664,1835800,1.56,13.45,161
2016-08-25,-0.00852264613457887,117.26000213623048,1066800,1.58,13.63,161
2016-08-26,-0.1279221585759882,117.11000061035156,2447700,1.62,13.65,156
2016-08-29,0.49526242680542065,117.69000244140624,1803900,1.57,12.94,161
2016-08-30,-0.0339883717372258,117.6500015258789,1880300,1.57,13.12,162
2016-08-31,-0.3654911173810671,117.22000122070312,1646000,1.58,13.42,162
2016-09-01,-0.5459813879744368,116.58000183105467,4263800,1.57,13.48,165
2016-09-02,0.2916420762999916,116.91999816894533,2233500,1.6,11.98,160
2016-09-06,0.6158067327906913,117.63999938964844,3019200,1.55,12.02,164
2016-09-07,0.28051838895515324,117.97000122070312,2922700,1.54,11.94,158
2016-09-08,-0.4577442654400632,117.43000030517578,2150400,1.61,12.51,151
2016-09-09,-0.979308117934341,116.27999877929688,3323500,1.67,17.5,159
2016-09-12,-0.01719697564183109,116.26000213623048,2943900,1.68,15.16,160
2016-09-13,-1.1009794906050474,114.9800033569336,5101800,1.73,17.85,156
2016-09-14,0.1913320446040423,115.1999969482422,2590800,1.7,18.14,164
2016-09-15,0.41666959170949536,115.68000030517578,2640900,1.71,16.3,169
2016-09-16,-0.2852712916529332,115.3499984741211,1646400,1.7,15.37,175
2016-09-19,0.35544314480540073,115.76000213623048,2041200,1.7,15.53,173
2016-09-20,0.11229893833706317,115.88999938964844,3388800,1.69,15.92,169
2016-09-21,1.087239747058799,117.1500015258789,2238300,1.66,13.3,160
2016-09-22,0.39265819759382037,117.61000061035156,4748500,1.63,12.02,154
2016-09-23,-0.3146014324137969,117.23999786376952,2978100,1.62,12.29,157
2016-09-26,-0.3070629622237586,116.87999725341795,1771700,1.59,14.5,166
2016-09-27,0.2823424356686033,117.20999908447266,2338500,1.56,13.1,168
2016-09-28,0.10238268707394305,117.33000183105467,2134600,1.57,12.39,159
2016-09-29,-0.4005805960694331,116.86000061035156,2133100,1.56,14.02,158
2016-09-30,0.2995023723199264,117.20999908447266,1942900,1.6,13.29,154
2016-10-03,-0.23035290945769837,116.94000244140624,2778600,1.63,13.57,152
2016-10-04,-0.43612290540697707,116.43000030517578,3174200,1.69,13.63,148
2016-10-05,0.02576550650026377,116.45999908447266,1380400,1.72,12.99,146
2016-10-06,-0.1545597686680611,116.27999877929688,1722100,1.75,12.84,146
2016-10-07,0.060199256586757066,116.3499984741211,1368300,1.73,13.48,145
2016-10-10,0.3695748266566712,116.77999877929688,816800,1.75,13.38,145
2016-10-11,-0.7963695109582836,115.8499984741211,2282500,1.77,15.36,146
2016-10-12,0.0,115.8499984741211,1599000,1.79,15.91,143
2016-10-13,0.233063682362733,116.12000274658205,2624300,1.75,16.69,145
2016-10-14,-0.4994848581949207,115.54000091552734,1840500,1.8,16.12,144
2016-10-17,0.02596397702887554,115.56999969482422,2873600,1.77,16.21,146
2016-10-18,0.1557500265216616,115.75,2285000,1.75,15.28,147
2016-10-19,0.12959095108329155,115.9000015258789,1739900,1.76,14.41,145
2016-10-20,0.08627995927916743,116.0,1199800,1.76,13.75,144
2016-10-21,0.4137959973565364,116.4800033569336,1019500,1.74,13.34,146
2016-10-24,-0.008586998576753935,116.47000122070312,1501300,1.77,13.02,144
2016-10-25,0.04292557898109006,116.5199966430664,2936800,1.77,13.46,148
2016-10-26,-0.5835910785844001,115.83999633789062,947000,1.79,14.24,147
2016-10-27,-0.8546252547193101,114.8499984741211,3326400,1.85,15.36,147
2016-10-28,-0.2437951963577656,114.56999969482422,1758700,1.86,16.19,148
2016-10-31,0.10474185816675696,114.69000244140624,1562500,1.84,17.06,155
2016-11-01,-0.4969916145179276,114.12000274658205,2315400,1.83,18.56,161
2016-11-02,-0.10515487530132761,114.0,1960900,1.81,19.32,165
2016-11-03,0.26316057171735796,114.3000030517578,1557700,1.82,22.08,161
2016-11-04,-0.24497497919102607,114.0199966430664,1945200,1.79,22.51,165
2016-11-07,0.8068810957957417,114.94000244140624,2077200,1.83,18.71,157
2016-11-08,0.26100175395089575,115.23999786376952,2773600,1.88,18.74,153
2016-11-09,-1.4838590039667587,113.52999877929688,5961900,2.07,14.38,151
2016-11-10,-3.690656642700796,109.33999633789062,12674300,2.15,14.74,163
2016-11-11,-0.5761818863347146,108.70999908447266,4638800,2.19,14.17,163
2016-11-14,-0.5059290102062408,108.16000366210938,5219100,2.23,14.48,182
2016-11-15,1.719668008488262,110.0199966430664,4015300,2.23,13.37,162
2016-11-16,-0.06362452005093111,109.9499969482422,1974600,2.22,13.72,171
2016-11-17,-0.209182113617834,109.72000122070312,1671900,2.29,13.35,170
2016-11-18,-0.5650772326687203,109.0999984741211,2975600,2.34,12.85,168
2016-11-21,0.43996641947472437,109.58000183105467,2473200,2.33,12.42,171
2016-11-22,0.4380322317197205,110.05999755859376,1205500,2.31,12.41,173
2016-11-23,-0.7450478947972905,109.23999786376952,2676500,2.36,12.43,176
2016-11-25,0.06407881379817404,109.30999755859376,742800,2.36,12.34,176
2016-11-28,0.34763964074628895,109.69000244140624,1923400,2.32,13.15,177
2016-11-29,-0.10028316884240773,109.58000183105467,1733600,2.3,12.9,178
2016-11-30,-0.2463992224394973,109.30999755859376,7179400,2.37,13.33,173
2016-12-01,-0.9605666872331997,108.26000213623048,7691900,2.45,14.07,172
2016-12-02,0.0646588707213347,108.33000183105467,2809400,2.4,14.12,174
2016-12-05,0.4246275978007086,108.79000091552734,3110900,2.39,12.14,173
2016-12-06,0.4871760040781714,109.31999969482422,2678100,2.39,11.79,169
2016-12-07,0.585436691762764,109.95999908447266,2872000,2.34,12.22,166
2016-12-08,-0.06365923554659814,109.88999938964844,3290400,2.4,12.64,163
2016-12-09,-0.418599587794688,109.43000030517578,2115800,2.47,11.75,159
2016-12-12,0.25587021704835955,109.70999908447266,1565100,2.49,12.64,164
2016-12-13,0.30991155785475843,110.0500030517578,1972800,2.48,12.72,164
2016-12-14,-0.8723368352981042,109.08999633789062,3543700,2.54,13.19,161
2016-12-15,-0.1833320698102603,108.88999938964844,3649500,2.6,12.79,161
2016-12-16,0.20203987688152125,109.11000061035156,1879000,2.6,12.2,159
2016-12-19,0.44908611587253233,109.5999984741211,2697200,2.54,11.71,164
2016-12-20,0.173359894207592,109.79000091552734,1981600,2.57,11.45,161
2016-12-21,0.32789926892209387,110.1500015258789,1650500,2.55,11.27,162
2016-12-22,-0.20880921810930708,109.91999816894533,1673300,2.55,11.43,163
2016-12-23,0.1546562698118148,110.08999633789062,519400,2.55,11.44,163
2016-12-27,-0.09083338854348755,109.98999786376952,554600,2.57,11.99,160
2016-12-28,0.1363774241224247,110.13999938964844,645900,2.51,12.95,165
2016-12-29,0.23606513316805078,110.4000015258789,550200,2.49,13.37,168
2016-12-30,-0.1630437524347217,110.22000122070312,645600,2.45,14.04,170
2017-01-03,0.3447625196964621,110.5999984741211,2818100,2.45,12.85,171
2017-01-04,0.623872017111915,111.29000091552734,1975600,2.46,11.85,167
2017-01-05,0.7727564051368097,112.1500015258789,3175800,2.37,11.67,164
2017-01-06,-0.053504402293236275,112.08999633789062,1433300,2.42,11.32,160
2017-01-09,-0.11597578523073748,111.95999908447266,2148100,2.38,11.56,163
2017-01-10,-0.16077197807046195,111.77999877929688,1443800,2.38,11.49,162
2017-01-11,0.09840813343426902,111.88999938964844,2419800,2.38,11.26,161
2017-01-12,0.19662277406669038,112.11000061035156,2753100,2.36,11.54,156
2017-01-13,0.044601776367492185,112.16000366210938,3549900,2.4,11.23,151
2017-01-17,0.41012755835712067,112.62000274658205,2269900,2.33,11.87,152
2017-01-18,-0.7014747791340703,111.83000183105467,3014300,2.42,12.48,148
2017-01-19,-0.2414417133505986,111.55999755859376,2110800,2.47,12.78,151
2017-01-20,0.12549246388688928,111.6999969482422,1487100,2.48,11.54,152
2017-01-23,0.4744909786676077,112.2300033569336,2536600,2.41,11.77,157
2017-01-24,-0.32968255859824325,111.86000061035156,1188600,2.47,11.07,154
2017-01-25,-0.11621424343701836,111.7300033569336,2217600,2.53,10.81,151
2017-01-26,-0.08055487745545209,111.63999938964844,1642400,2.51,10.63,156
2017-01-27,0.2955946191856462,111.97000122070312,1900000,2.49,10.58,155
2017-01-30,-0.2232740888402973,111.72000122070312,2616700,2.49,11.88,156
2017-01-31,0.3669853457169969,112.12999725341795,3715100,2.45,11.99,159
2017-02-01,-0.37456361297868446,111.70999908447266,1830400,2.48,11.81,154
2017-02-02,0.2954093937509894,112.04000091552734,3683600,2.48,11.93,152
2017-02-03,0.5801513036125083,112.69000244140624,5082600,2.49,10.97,148
2017-02-06,0.0,112.69000244140624,1677300,2.42,11.37,152
2017-02-07,-0.12423408165354033,112.5500030517578,2529500,2.4,11.29,155
2017-02-08,0.3909327410763108,112.98999786376952,2622200,2.34,11.45,157
2017-02-09,-0.13275646403653196,112.83999633789062,1482500,2.4,10.88,149
2017-02-10,0.1506609392566638,113.01000213623048,1131900,2.41,10.85,148
2017-02-13,0.10618097063905818,113.12999725341795,1544100,2.43,11.07,146
2017-02-14,-0.10606834623948513,113.01000213623048,3047100,2.47,10.74,147
2017-02-15,-0.0265452426597812,112.9800033569336,3054300,2.51,11.97,148
2017-02-16,-0.05311133493127729,112.91999816894533,2772000,2.45,11.76,154
2017-02-17,0.02656640079996553,112.9499969482422,1661100,2.42,11.49,155
2017-02-21,0.15051421242422425,113.12000274658205,1661400,2.43,11.57,154
2017-02-22,0.14143920511853203,113.27999877929688,2431600,2.42,11.74,154
2017-02-23,0.29131517885838676,113.61000061035156,2271100,2.38,11.71,155
2017-02-24,0.19364599905042912,113.83000183105467,2952600,2.31,11.47,158
2017-02-27,-0.2371995678798644,113.55999755859376,1941900,2.36,12.09,152
2017-02-28,0.0,113.55999755859376,1596500,2.36,12.92,152
2017-03-01,-0.3522313359314744,113.16000366210938,2632900,2.46,12.54,144
2017-03-02,-0.4683690275178787,112.62999725341795,2339300,2.49,11.81,143
2017-03-03,0.4616925198807742,113.1500015258789,2121000,2.49,10.96,143
2017-03-06,-0.035352112229702914,113.11000061035156,1129200,2.49,11.24,141
2017-03-07,-0.07072922873573306,113.02999877929688,1074800,2.52,11.45,139
2017-03-08,-0.7785519445472677,112.1500015258789,2115400,2.57,11.86,141
2017-03-09,-0.6241681391998655,111.4499969482422,4940400,2.6,12.3,143
2017-03-10,0.4217148798320691,111.91999816894533,2324600,2.58,11.66,141
2017-03-13,-0.16082943899274893,111.73999786376952,1672700,2.62,11.35,141
2017-03-14,-0.3042745161899174,111.4000015258789,1965900,2.6,12.3,143
2017-03-15,1.3644493916037392,112.91999816894533,2631200,2.51,11.63,140
2017-03-16,-0.30109488434632015,112.58000183105467,2371400,2.53,11.21,135
2017-03-17,0.4085975102069872,113.04000091552734,2351800,2.5,11.28,136
2017-03-20,0.212312333533049,113.27999877929688,1591800,2.47,11.34,138
2017-03-21,0.008829569507629031,113.29000091552734,2333100,2.43,12.47,141
2017-03-22,0.09709648641771373,113.4000015258789,3487300,2.4,12.81,144
2017-03-23,0.1499101998746699,113.56999969482422,2970600,2.41,13.12,142
2017-03-24,0.14968580558432087,113.73999786376952,2324700,2.4,12.96,141
2017-03-27,-0.008787152297906609,113.7300033569336,2234300,2.38,12.5,142
2017-03-28,-0.0351718230428788,113.69000244140624,1393200,2.42,11.53,139
2017-03-29,0.325442087467831,114.05999755859376,2221500,2.39,11.42,142
2017-03-30,-0.1753436371410233,113.86000061035156,1982200,2.42,11.54,140
2017-03-31,-0.14052666542390124,113.6999969482422,2005300,2.4,12.37,146
2017-04-03,-0.11433355928510691,113.56999969482422,3490100,2.35,12.38,149
2017-04-04,-0.18490718062600386,113.36000061035156,1971500,2.36,11.79,146
2017-04-05,0.370499441323191,113.77999877929688,1673300,2.34,12.89,147
2017-04-06,-0.05273119989228636,113.72000122070312,1428400,2.34,12.39,148
2017-04-07,-0.061554426726018185,113.6500015258789,1374400,2.38,12.87,146
2017-04-10,-0.008800823665799928,113.63999938964844,1210600,2.37,14.05,146
2017-04-11,0.1671967990379386,113.83000183105467,1444600,2.32,15.07,152
2017-04-12,0.2899076040993931,114.16000366210938,2048200,2.28,15.77,150
2017-04-13,-0.04380084981935317,114.11000061035156,2477500,2.24,15.96,154
2017-04-17,0.15774279573481653,114.29000091552734,1765600,2.26,14.66,153
2017-04-18,0.18374230710511696,114.5,1632800,2.18,14.42,159
2017-04-19,-0.2882112061612818,114.16999816894533,3407400,2.21,14.93,155
2017-04-20,0.07007255175417448,114.25,1225200,2.24,14.15,154
2017-04-21,0.2538301229998652,114.54000091552734,1232100,2.24,14.63,153
2017-04-24,0.3055687718906297,114.88999938964844,2649900,2.28,10.84,146
2017-04-25,-0.2524161520306101,114.5999984741211,1446500,2.35,10.76,143
2017-04-26,-0.017449077951725567,114.58000183105467,1123400,2.32,10.85,144
2017-04-27,0.22691089429314193,114.83999633789062,1377500,2.3,10.36,145
2017-04-28,0.3134801653009056,115.1999969482422,1998600,2.29,10.82,144
2017-05-01,-0.5208320225830176,114.5999984741211,1754300,2.33,10.11,141
2017-05-02,0.35776934342801603,115.01000213623048,2119500,2.29,10.59,143
2017-05-03,-0.12172801238853337,114.87000274658205,1898600,2.33,10.68,140
2017-05-04,-0.45268935320577075,114.3499984741211,1877900,2.36,10.46,140
2017-05-05,0.10494337401254494,114.47000122070312,2612800,2.36,10.57,141
2017-05-08,-0.27081117785267006,114.16000366210938,2107400,2.39,9.77,138
2017-05-09,-0.09635652314549104,114.0500030517578,2216200,2.42,9.96,138
2017-05-10,0.28934168595367016,114.37999725341795,2248200,2.41,10.21,136
2017-05-11,0.16611509526907042,114.56999969482422,1078500,2.39,10.6,135
2017-05-12,0.3491328680670147,114.97000122070312,2239600,2.33,10.4,139
2017-05-15,0.07827810466651819,115.05999755859376,2757200,2.34,10.42,139
2017-05-16,0.017385948970427556,115.08000183105467,1947300,2.33,10.65,139
2017-05-17,-0.008691463391818921,115.06999969482422,3192900,2.22,15.59,147
2017-05-18,-0.5127281997526212,114.4800033569336,2981200,2.23,14.66,148
2017-05-19,0.3843420677058118,114.91999816894533,2241000,2.23,12.04,147
2017-05-22,-0.04350454503991852,114.87000274658205,1351200,2.25,10.93,147
2017-05-23,0.06093818503567494,114.94000244140624,1353400,2.29,10.72,141
2017-05-24,0.3828039000051575,115.37999725341795,1951100,2.26,10.02,137
2017-05-25,-0.07799994802647481,115.29000091552734,2585300,2.25,9.99,141
2017-05-26,0.17347293490674875,115.48999786376952,614200,2.25,9.81,140
2017-05-30,0.05195704311906635,115.5500030517578,1053500,2.21,10.38,144
2017-05-31,0.06922907792943356,115.62999725341795,2408900,2.21,10.41,145
2017-06-01,-0.21620687186568732,115.37999725341795,7100900,2.21,9.89,144
2017-06-02,0.546026085811735,116.01000213623048,4552000,2.15,9.75,144
2017-06-05,-0.17240287385035247,115.80999755859376,2083300,2.18,10.07,139
2017-06-06,0.2072407376078278,116.0500030517578,2215700,2.14,10.45,139
2017-06-07,-0.08617501153446172,115.9499969482422,3462200,2.18,10.39,136
2017-06-08,-0.146613344906954,115.77999877929688,2416300,2.19,10.16,137
2017-06-09,-0.2159267599203929,115.52999877929688,4241300,2.21,10.7,137
2017-06-12,-0.008657609569939773,115.5199966430664,3099900,2.21,11.46,137
2017-06-13,0.15581744321890856,115.6999969482422,914900,2.21,10.42,136
2017-06-14,0.2160760644720039,115.9499969482422,3760600,2.15,10.64,142
2017-06-15,-0.3190988589268251,115.58000183105467,1868700,2.16,10.9,143
2017-06-16,-0.008653864052599047,115.56999969482422,1139400,2.16,10.38,145
2017-06-19,-0.10383555152625457,115.4499969482422,1569000,2.19,10.37,142
2017-06-20,-0.46772914716914915,114.91000366210938,2963400,2.16,10.86,148
2017-06-21,-0.20886388087653085,114.66999816894533,2164100,2.16,10.75,150
2017-06-22,0.2180169215941552,114.91999816894533,2058900,2.15,10.48,151
2017-06-23,0.33066906445109456,115.3000030517578,2985100,2.15,10.02,151
2017-06-26,0.18213276575407278,115.51000213623048,2732700,2.14,9.9,150
2017-06-27,-0.5194342161066512,114.91000366210938,2162400,2.21,11.06,146
2017-06-28,0.11312962255245473,115.04000091552734,4264600,2.22,10.03,146
2017-06-29,-0.4694027392470712,114.5,5172600,2.27,11.44,149
2017-06-30,-0.12227020929994614,114.36000061035156,4519800,2.31,11.18,145
2017-07-03,-0.7082874731293431,113.5500030517578,6778100,2.35,11.22,142
2017-07-05,-0.08807230367929852,113.4499969482422,6692500,2.33,11.07,143
2017-07-06,-0.546491964623308,112.83000183105467,5186700,2.37,12.54,145
2017-07-07,0.06203996604470241,112.9000015258789,2760000,2.39,11.19,144
2017-07-10,0.4428697902943757,113.4000015258789,2521600,2.38,11.11,143
2017-07-11,0.09700230059210835,113.51000213623048,1543100,2.37,10.89,143
2017-07-12,0.5902547408475955,114.18000030517578,1957700,2.33,10.3,144
2017-07-13,0.008759972152505568,114.19000244140624,1629700,2.35,9.9,141
2017-07-14,0.25396349008413033,114.4800033569336,2062800,2.33,9.51,142
2017-07-17,0.03493473529008195,114.5199966430664,1854100,2.31,9.82,142
2017-07-18,0.28816088083134517,114.8499984741211,3067400,2.27,9.89,142
2017-07-19,0.11319537182388206,114.9800033569336,1688400,2.27,9.79,141
2017-07-20,0.03478281872080213,115.0199966430664,1285900,2.27,9.58,141
2017-07-21,0.23474550542617045,115.29000091552734,1105900,2.24,9.36,142
2017-07-24,-0.19949983095420842,115.05999755859376,1192000,2.26,9.43,141
2017-07-25,-0.2954948245305622,114.72000122070312,1255400,2.33,9.43,139
2017-07-26,0.5404420420068945,115.33999633789062,1598400,2.29,9.6,138
2017-07-27,-0.1473887414104702,115.16999816894533,1760300,2.32,10.11,135
2017-07-28,0.0,115.16999816894533,1821200,2.3,10.29,138
2017-07-31,0.07814879631509175,115.26000213623048,967000,2.3,10.26,152
2017-08-01,-0.27763290724741596,114.94000244140624,1365000,2.26,10.09,152
2017-08-02,0.1391996078966784,115.0999984741211,2062900,2.27,10.28,152
2017-08-03,0.3475252225731751,115.5,926900,2.24,10.44,153
2017-08-04,-0.23376332733021643,115.2300033569336,1184900,2.27,10.03,150
2017-08-07,0.18224340740680134,115.44000244140624,1293000,2.26,9.93,151
2017-08-08,-0.20790496196139152,115.1999969482422,1029100,2.29,10.96,149
2017-08-09,0.03472301787064147,115.23999786376952,1040000,2.24,11.11,154
2017-08-10,-0.41651834123292986,114.76000213623048,1487200,2.2,16.04,160
2017-08-11,0.18298978787343323,114.97000122070312,935500,2.19,15.51,161
2017-08-14,0.22614780679297564,115.2300033569336,1168400,2.22,12.33,156
2017-08-15,0.02603382662758058,115.26000213623048,1926500,2.27,12.04,153
2017-08-16,0.0867590423978104,115.36000061035156,1787200,2.23,11.74,156
2017-08-17,-0.08668383633149146,115.26000213623048,790800,2.19,15.55,160
2017-08-18,0.2516058564570933,115.5500030517578,974500,2.19,14.26,160
2017-08-21,0.09519741016563721,115.66000366210938,3495100,2.18,13.19,161
2017-08-22,0.034578319960676396,115.6999969482422,800200,2.22,11.35,158
2017-08-23,0.2160760644720039,115.9499969482422,723500,2.17,12.25,161
2017-08-24,0.10349525635224843,116.06999969482422,1635200,2.19,12.23,156
2017-08-25,0.26707810752890637,116.37999725341795,982200,2.17,11.28,155
2017-08-28,-0.15466601600255814,116.1999969482422,2025900,2.16,11.32,155
2017-08-29,0.06024070280774563,116.2699966430664,1404900,2.13,11.7,155
2017-08-30,0.32682970137090095,116.6500015258789,923000,2.15,11.22,153
2017-08-31,0.3771922899753255,117.08999633789062,1918800,2.12,10.59,153
2017-09-01,-0.47826251268959785,116.52999877929688,1325800,2.16,10.13,149
2017-09-05,0.33467724511615504,116.91999816894533,1803300,2.07,12.23,153
2017-09-06,-0.18816389338736084,116.6999969482422,2192000,2.1,11.63,151
2017-09-07,0.3856080457622424,117.1500015258789,1851500,2.05,11.55,150
2017-09-08,0.09389723339208178,117.26000213623048,677900,2.06,12.12,150
2017-09-11,-0.17056504689839658,117.05999755859376,1789800,2.14,10.73,144
2017-09-12,-0.20502124446860615,116.81999969482422,1215900,2.17,10.58,143
2017-09-13,0.0,116.81999969482422,881300,2.2,10.5,139
2017-09-14,0.0684829920079455,116.9000015258789,814300,2.2,10.44,140
2017-09-15,0.13686572337592295,117.05999755859376,959500,2.2,10.17,141
2017-09-18,-0.1964767916759702,116.83000183105467,2226200,2.23,10.15,139
2017-09-19,-0.14550900135320566,116.66000366210938,1706700,2.24,10.18,139
2017-09-20,-0.6428938594689848,115.91000366210938,3079900,2.28,9.78,139
2017-09-21,0.2846986379382077,116.23999786376952,2297000,2.27,9.67,144
2017-09-22,0.17206175267752144,116.44000244140624,2095100,2.26,9.59,143
2017-09-25,-0.09446977674782975,116.33000183105467,2725800,2.22,10.21,146
2017-09-26,-0.0343857258641056,116.29000091552734,1232600,2.24,10.17,145
2017-09-27,-0.4213585518203611,115.8000030517578,2150600,2.31,9.87,143
2017-09-28,0.20725203578990659,116.04000091552734,2359400,2.31,9.55,142
2017-09-29,0.32747091556351027,116.41999816894533,2763000,2.33,9.51,140
2017-10-02,-0.4810149178847367,115.86000061035156,2066100,2.34,9.45,140
2017-10-03,-0.02589226578531001,115.83000183105467,2161300,2.33,9.51,140
2017-10-04,0.07769691484760255,115.91999816894533,1801000,2.33,9.63,140
2017-10-05,0.051764310676416514,115.9800033569336,1230600,2.35,9.19,140
2017-10-06,-0.25004389302771823,115.69000244140624,1313700,2.37,9.65,140
2017-10-09,-0.1383037935282272,115.52999877929688,1337900,2.3600000000000003,10.33,140
2017-10-10,0.1817701780416403,115.73999786376952,1717300,2.35,10.08,142
2017-10-11,0.11232493970281254,115.87000274658205,2132900,2.35,9.85,142
2017-10-12,0.18986242003440346,116.08999633789062,1418700,2.33,9.91,143
2017-10-13,0.2842637965929429,116.41999816894533,1276000,2.28,9.61,146
2017-10-16,-0.18038059420678598,116.20999908447266,1054900,2.3,9.91,143
2017-10-17,0.051628568166606215,116.2699966430664,1149100,2.3,10.31,144
2017-10-18,0.017205016804422435,116.29000091552734,1813600,2.34,10.07,140
2017-10-19,0.111787129069163,116.41999816894533,1315300,2.33,10.05,141
2017-10-20,-0.3264020438022541,116.04000091552734,940300,2.39,9.97,138
2017-10-23,-0.08617586464335636,115.94000244140624,2075000,2.38,11.07,137
2017-10-24,-0.12937857747130632,115.79000091552734,1683400,2.42,11.16,135
2017-10-25,-0.17273043963669243,115.58999633789062,2402700,2.44,11.23,136
2017-10-26,-0.29413993309312936,115.25,3818800,2.46,11.3,135
2017-10-27,0.4772260752779145,115.8000030517578,2868200,2.42,9.8,136
2017-10-30,0.29360650166707636,116.13999938964844,2215200,2.37,10.5,138
2017-10-31,0.09471380310801525,116.25,1250200,2.38,10.18,136
2017-11-01,-0.36128874747984874,115.83000183105467,2356000,2.37,10.2,137
2017-11-02,0.27626667509768055,116.1500015258789,4631000,2.35,9.93,138
2017-11-03,-0.628500514286201,115.41999816894533,2022400,2.34,9.14,140
2017-11-06,-0.13862072019845684,115.26000213623048,2305300,2.32,9.4,141
2017-11-07,-0.5292387637045093,114.6500015258789,1668200,2.32,9.89,142
2017-11-08,-0.04361365119260885,114.5999984741211,2401700,2.32,9.78,141
2017-11-09,-0.20942222248260256,114.36000061035156,2011900,2.33,10.5,141
2017-11-10,0.07869564306604016,114.4499969482422,1948800,2.4,11.29,137
2017-11-13,0.11359098844823112,114.58000183105467,1841800,2.4,11.5,137
2017-11-14,-0.0785512007739908,114.48999786376952,1950100,2.38,11.59,139
2017-11-15,0.06987669887974501,114.56999969482422,1337600,2.33,13.13,144
2017-11-16,0.40150046757261304,115.02999877929688,3362800,2.37,11.76,140
2017-11-17,0.18256027705916278,115.23999786376952,1191700,2.35,11.43,140
2017-11-20,-0.02603156877208912,115.20999908447266,829000,2.37,10.65,140
2017-11-21,0.13888001335029543,115.37000274658205,1248400,2.36,9.73,140
2017-11-22,0.4247186028467187,115.86000061035156,1209900,2.32,9.88,140
2017-11-24,-0.034525216050940166,115.81999969482422,388600,2.34,9.67,139
2017-11-27,0.04317307191294972,115.87000274658205,1518900,2.32,9.87,137
2017-11-28,0.13808235861074714,116.02999877929688,1864000,2.34,10.03,135
2017-11-29,-0.36197377692315236,115.61000061035156,1885100,2.37,10.7,134
2017-11-30,-0.1037996245554007,115.48999786376952,5257400,2.42,11.28,133
2017-12-01,-0.06061104521515315,115.41999816894533,2354900,2.37,11.43,137
2017-12-04,0.06064780448336027,115.48999786376952,2186100,2.37,11.68,135
2017-12-05,0.13854330683955585,115.6500015258789,1224800,2.36,11.33,138
2017-12-06,0.08646647021333109,115.75,1445000,2.33,11.02,139
2017-12-07,-0.2073415669715084,115.51000213623048,1661400,2.37,10.16,137
2017-12-08,0.017311611718962006,115.52999877929688,1246200,2.38,9.58,135
2017-12-11,-0.051932449777281064,115.47000122070312,1995500,2.39,9.34,136
2017-12-12,0.03464182480685807,115.51000213623048,1017000,2.4,9.92,135
2017-12-13,0.2856845256317797,115.83999633789062,1888400,2.36,10.18,137
2017-12-14,0.05180006032912132,115.9000015258789,3148300,2.35,10.49,138
2017-12-15,0.129423230288217,116.0500030517578,1176800,2.35,9.42,144
2017-12-18,0.1033994950728312,116.16999816894533,1564100,2.39,9.53,140
2017-12-19,-0.21520186273604747,115.91999816894533,1048400,2.46,10.03,135
2017-12-20,-0.15527976882252492,115.73999786376952,1947800,2.49,9.72,132
2017-12-21,-0.32831973425921923,115.36000061035156,1864800,2.48,9.62,135
2017-12-22,0.32940122348079637,115.73999786376952,1791700,2.48,9.9,131
2017-12-26,0.05184481518558659,115.8000030517578,619400,2.47,10.25,132
2017-12-27,0.09499188899193545,115.91000366210938,932700,2.42,10.47,136
2017-12-28,0.03450373985787181,115.9499969482422,761100,2.43,10.18,135
2017-12-29,0.12936742546518776,116.0999984741211,1109500,2.4,11.04,136
2018-01-02,0.2584005647723542,116.4000015258789,5965300,2.46,9.77,132
2018-01-03,-0.04295794768240935,116.3499984741211,3111100,2.44,9.15,131
2018-01-04,0.2578453422365401,116.6500015258789,2974500,2.46,9.22,129
2018-01-05,0.06000831025165798,116.72000122070312,1705400,2.47,9.22,125
2018-01-08,-0.17991696562404957,116.51000213623048,3412900,2.49,9.52,123
2018-01-09,-0.3089868712993771,116.1500015258789,2979000,2.55,10.08,118
2018-01-10,-0.29272833647736585,115.80999755859376,2124400,2.55,9.82,121
2018-01-11,0.12952381404118807,115.95999908447266,1787900,2.54,9.88,121
2018-01-12,0.14660069876464288,116.12999725341795,1651900,2.55,10.16,121
2018-01-16,0.008612879072633639,116.13999938964844,3556900,2.54,11.66,121
2018-01-17,0.025829842822933102,116.16999816894533,1973900,2.57,11.91,122
2018-01-18,-0.2324151220814863,115.9000015258789,2175000,2.62,12.22,119
2018-01-19,-0.2847297900863244,115.56999969482422,3803400,2.64,11.27,120
2018-01-22,0.0173026244866481,115.58999633789062,2131900,2.66,11.03,118
2018-01-23,0.1903289451277823,115.80999755859376,1812600,2.63,11.1,120
2018-01-24,-0.14679058158111324,115.63999938964844,2539300,2.65,11.47,120
2018-01-25,0.13836359646650642,115.8000030517578,1937700,2.63,11.58,122
2018-01-26,0.18997718956041965,116.0199966430664,2166400,2.66,11.08,119
2018-01-29,-0.5430074742685531,115.38999938964844,3249100,2.7,13.84,119
2018-01-30,-0.17332260100535457,115.19000244140624,2717200,2.73,14.79,120
2018-01-31,0.14758066268103498,115.36000061035156,4581600,2.72,13.54,119
2018-02-01,-0.3120671016356269,115.0,4756500,2.78,13.47,119
2018-02-02,-0.7739125127377733,114.11000061035156,5537200,2.84,17.31,119
2018-02-05,-0.5696271338201497,113.45999908447266,9921100,2.77,37.32,131
2018-02-06,0.1850864499975291,113.66999816894533,5534000,2.79,29.98,126
2018-02-07,-0.1759452374978987,113.47000122070312,6803800,2.84,27.73,119
2018-02-08,-1.1280503794189989,112.19000244140624,6040300,2.85,33.46,126
2018-02-09,-0.29414548878989866,111.86000061035156,6235200,2.83,29.06,138
2018-02-12,0.16091570194316507,112.04000091552734,4462100,2.86,25.61,137
2018-02-13,-0.36594400103451274,111.62999725341795,4145500,2.83,24.97,142
2018-02-14,-0.22395413970356381,111.37999725341795,3202800,2.91,19.26,142
2018-02-15,0.6554169284747502,112.11000061035156,3140100,2.9,19.13,136
2018-02-16,0.6600640975299443,112.8499984741211,4307900,2.87,19.46,133
2018-02-20,-0.6557358208021835,112.11000061035156,2039200,2.88,20.6,134
2018-02-21,-0.34787207878440585,111.72000122070312,2283700,2.94,20.02,133
2018-02-22,0.1074070138528338,111.83999633789062,3240300,2.92,18.72,136
2018-02-23,0.7510765332532143,112.68000030517578,4685800,2.88,16.49,137
2018-02-26,0.2751132035446968,112.98999786376952,3160900,2.86,15.8,134
2018-02-27,-0.1858563487414533,112.77999877929688,4536500,2.9,18.59,131
2018-02-28,-0.21280179674340038,112.54000091552734,2861200,2.87,19.85,137
2018-03-01,-0.6664297084580162,111.79000091552734,5754700,2.81,22.47,146
2018-03-02,0.33992061034611165,112.16999816894533,3030800,2.86,19.59,143
2018-03-05,-0.15155404450419852,112.0,2724600,2.88,18.73,139
2018-03-06,0.15178407941547345,112.16999816894533,2065100,2.88,18.36,138
2018-03-07,-0.10697612476270324,112.0500030517578,1728100,2.89,17.76,139
2018-03-08,0.008919684572750164,112.05999755859376,1478200,2.86,16.54,142
2018-03-09,0.19632449178670353,112.27999877929688,1943100,2.9,14.64,139
2018-03-12,-0.017809621734765635,112.26000213623048,903300,2.87,15.78,140
2018-03-13,-0.16034233186400515,112.08000183105467,1445100,2.84,16.35,143
2018-03-14,0.22305495709826761,112.33000183105467,1885800,2.81,17.23,146
2018-03-15,-0.08012460234846364,112.23999786376952,1406300,2.82,16.59,147
2018-03-16,-0.008904585732494308,112.2300033569336,1183500,2.85,15.8,146
2018-03-19,-0.4187839317872366,111.76000213623048,1870400,2.85,19.02,150
2018-03-20,-0.2058011386338765,111.52999877929688,1503900,2.89,18.2,149
2018-03-21,0.3048542732955628,111.87000274658205,2371900,2.89,17.86,147
2018-03-22,-0.29498688026516895,111.54000091552734,2292300,2.83,23.34,151
2018-03-23,-0.40344681185499054,111.08999633789062,3387900,2.82,24.87,156
2018-03-26,0.6031198311519992,111.76000213623048,4068600,2.85,21.03,153
2018-03-27,0.15211002657111727,111.93000030517578,2247700,2.78,22.5,154
2018-03-28,0.25909132023287373,112.22000122070312,2312100,2.77,22.87,155
2018-03-29,0.5346626872165805,112.81999969482422,3034000,2.74,19.97,156
2018-04-02,-0.5229536779707056,112.2300033569336,1588200,2.73,23.62,155
2018-04-03,0.07127701975180312,112.30999755859376,2351100,2.79,21.1,149
2018-04-04,0.11575539634807175,112.44000244140624,1686900,2.79,20.06,147
2018-04-05,-0.03557534210137936,112.4000015258789,3002300,2.83,18.94,142
2018-04-06,0.15124392049601365,112.56999969482422,2940900,2.77,21.49,146
2018-04-09,-0.09771751856602062,112.45999908447266,1191800,2.78,21.77,147
2018-04-10,-0.16005718179009643,112.27999877929688,2810500,2.8,20.47,147
2018-04-11,0.03562603844160517,112.31999969482422,941000,2.79,20.24,146
2018-04-12,0.0,112.31999969482422,1734000,2.83,18.49,143
2018-04-13,0.0801317374730326,112.41000366210938,1175200,2.82,17.41,143
2018-04-16,-0.12455031979521358,112.2699966430664,1148000,2.83,16.56,143
2018-04-17,-0.21376847861903636,112.02999877929688,2212200,2.82,15.25,145
2018-04-18,0.0,112.02999877929688,3187500,2.87,15.6,141
2018-04-19,-0.34812049798977895,111.63999938964844,3141800,2.92,15.96,143
2018-04-20,-0.4389088735654023,111.1500015258789,3191500,2.96,16.88,141
2018-04-23,-0.24291882029177092,110.87999725341795,2048000,2.98,16.34,141
2018-04-24,-0.15331725573257682,110.70999908447266,1668900,3.0,18.02,141
2018-04-25,-0.3613056898082778,110.30999755859376,1929800,3.03,17.84,142
2018-04-26,0.08159184958491661,110.4000015258789,2233400,3.0,16.24,146
2018-04-27,0.0815184208756703,110.48999786376952,1253400,2.96,15.41,150
2018-04-30,-0.31676937359761403,110.13999938964844,1981400,2.95,15.93,152
2018-05-01,-0.5538411237805851,109.52999877929688,3342500,2.97,15.49,152
2018-05-02,-0.7942984815881737,108.66000366210938,3868800,2.97,15.97,158
2018-05-03,-0.11043874704366186,108.54000091552734,3852100,2.94,15.9,163
2018-05-04,0.0829153649636094,108.62999725341795,3246100,2.95,14.77,158
2018-05-07,-0.4142474082848402,108.18000030517578,1837600,2.95,14.75,157
2018-05-08,-0.5916060157542979,107.54000091552734,4249400,2.97,14.71,161
2018-05-09,-0.17668071395637863,107.3499984741211,3879200,3.0,13.42,158
2018-05-10,1.2668846107896536,108.70999908447266,4064400,2.97,13.23,151
2018-05-11,0.42314330636248343,109.16999816894533,6017200,2.97,12.65,151
2018-05-14,-0.17403573802181604,108.9800033569336,4601200,3.0,12.93,150
2018-05-15,-0.688199648465404,108.2300033569336,5328200,3.08,14.63,151
2018-05-16,0.212506440363458,108.45999908447266,3515600,3.09,13.42,149
2018-05-17,-0.3964598089668758,108.02999877929688,4195100,3.11,13.43,152
2018-05-18,-0.11107573687253458,107.91000366210938,4913800,3.06,13.42,160
2018-05-21,0.01853085199499116,107.93000030517578,3281500,3.06,13.08,160
2018-05-22,0.38913941235778626,108.3499984741211,2728600,3.06,13.22,155
2018-05-23,0.6183647239324408,109.0199966430664,3099800,3.01,12.58,157
2018-05-24,0.3026984417685563,109.3499984741211,2598900,2.98,12.53,157
2018-05-25,0.24691749083549652,109.62000274658205,1687600,2.93,13.22,160
2018-05-29,-0.2736754645512707,109.31999969482422,3106400,2.77,17.02,173
2018-05-30,-0.027441254464521947,109.29000091552734,2712800,2.84,14.94,166
2018-05-31,-0.4117527439537083,108.83999633789062,3376800,2.83,15.43,168
2018-06-01,-0.7717717439854388,108.0,2781800,2.89,13.46,162
2018-06-04,-0.03703788474753722,107.95999908447266,2164800,2.94,12.74,157
2018-06-05,0.1574640333335653,108.12999725341795,1735800,2.92,12.4,159
2018-06-06,-0.22195308412618076,107.88999938964844,2139000,2.97,11.64,158
2018-06-07,-0.2780638181990702,107.58999633789062,6189900,2.93,12.13,163
2018-06-08,0.09295111712945836,107.69000244140624,3288000,2.93,12.18,164
2018-06-11,-0.19500332408934895,107.4800033569336,3210300,2.96,12.35,163
2018-06-12,-0.4186867915720871,107.02999877929688,2269100,2.96,12.34,164
2018-06-13,-0.31766452561746705,106.69000244140624,3705400,2.98,12.94,161
2018-06-14,-0.12185291952155897,106.55999755859376,4462400,2.94,12.12,164
2018-06-15,0.20645760674133928,106.77999877929688,6638500,2.93,11.98,163
2018-06-18,-0.5338075494853212,106.20999908447266,4085100,2.92,12.31,164
2018-06-19,-0.02824477879245224,106.18000030517578,7584900,2.89,13.35,168
2018-06-20,0.2166164591001385,106.41000366210938,7578500,2.93,12.79,164
2018-06-21,0.36650632104742176,106.8000030517578,3220000,2.9,14.64,164
2018-06-22,0.5617963080303712,107.4000015258789,4179500,2.9,13.77,162
2018-06-25,-0.4562363657429347,106.91000366210938,1713300,2.87,17.33,164
2018-06-26,-0.14030635182931128,106.76000213623048,1788500,2.88,15.92,163
2018-06-27,-0.19670202348320842,106.5500030517578,2130400,2.83,17.91,169
2018-06-28,0.1970897029169194,106.76000213623048,2552100,2.84,16.85,168
2018-06-29,0.009361658519990712,106.7699966430664,3386800,2.85,16.09,166
2018-07-02,-0.4214638591275133,106.31999969482422,3663300,2.87,15.6,166
2018-07-03,0.31979304764964134,106.66000366210938,2367700,2.83,16.14,166
2018-07-05,0.637532957466802,107.33999633789062,3749900,2.84,14.97,164
2018-07-06,0.8570950528485444,108.26000213623048,3272000,2.82,13.37,161
2018-07-09,0.27710642568228305,108.55999755859376,2391900,2.86,12.69,153
2018-07-10,0.17502067582830794,108.75,3235400,2.87,12.64,149
2018-07-11,-0.4137902972342067,108.3000030517578,3601600,2.85,13.63,154
2018-07-12,0.19390496634827947,108.51000213623048,2685700,2.85,12.58,152
2018-07-13,0.5160792070492137,109.06999969482422,1832600,2.83,12.18,151
2018-07-16,-0.25671475206775485,108.79000091552734,2292000,2.85,12.83,149
2018-07-17,-0.00919398487572165,108.77999877929688,3356400,2.86,12.06,148
2018-07-18,-0.09192726166873388,108.68000030517578,3866300,2.88,12.1,145
2018-07-19,-0.018399561106230422,108.66000366210938,1749900,2.84,12.87,150
2018-07-20,-0.09203579987590027,108.55999755859376,2781200,2.89,12.86,147
2018-07-23,-0.12896038393228615,108.41999816894533,1150700,2.96,12.62,146
2018-07-24,-0.0922324993635315,108.31999969482422,1640500,2.95,12.41,147
2018-07-25,0.8954959595974588,109.29000091552734,2868300,2.94,12.29,145
2018-07-26,0.08234636026782649,109.37999725341795,1714900,2.98,12.14,139
2018-07-27,0.17370858125553834,109.56999969482422,2253100,2.96,13.03,140
2018-07-30,-0.2829219306901054,109.26000213623048,2849800,2.98,14.26,140
2018-07-31,-0.18305379253731324,109.05999755859376,2014800,2.96,12.83,143
2018-08-01,-0.8252282382464338,108.16000366210938,2994300,3.0,13.15,141
2018-08-02,-0.08321372433226504,108.06999969482422,1924300,2.98,12.19,143
2018-08-03,0.2220763065117648,108.30999755859376,1402300,2.95,11.64,143
2018-08-06,-0.16618992635323293,108.12999725341795,1808200,2.94,11.27,145
2018-08-07,-0.14796637083034359,107.97000122070312,1372500,2.98,10.93,143
2018-08-08,0.0,107.97000122070312,4281700,2.96,10.85,147
2018-08-09,-0.351954134033694,107.58999633789062,3005800,2.93,11.27,150
2018-08-10,-1.1339284625283774,106.37000274658205,7194700,2.87,13.16,158
2018-08-13,-0.4418550423683665,105.9000015258789,7738100,2.88,14.78,157
2018-08-14,0.6515531653161544,106.58999633789062,2450400,2.89,13.31,153
2018-08-15,-0.20639234343455826,106.37000274658205,2959700,2.86,14.64,157
2018-08-16,0.20681920243312835,106.58999633789062,2551700,2.87,13.45,154
2018-08-17,0.4034152546667613,107.0199966430664,1868800,2.87,12.64,152
2018-08-20,-0.13081610356929785,106.87999725341795,1842700,2.82,12.49,154
2018-08-21,0.28069148527998244,107.18000030517578,2580700,2.85,12.86,151
2018-08-22,0.4385157859347677,107.6500015258789,2943500,2.82,12.25,152
2018-08-23,-0.4923351340310522,107.12000274658205,2312100,2.82,12.41,153
2018-08-24,0.26138795007246696,107.4000015258789,1954900,2.82,11.99,152
2018-08-27,0.13035324735513054,107.54000091552734,1932800,2.85,12.16,148
2018-08-28,-0.18598156586758785,107.33999633789062,3021200,2.88,12.5,143
2018-08-29,-0.2981178551719976,107.0199966430664,3278800,2.89,12.25,144
2018-08-30,-0.5512954180501239,106.43000030517578,3149900,2.86,13.53,146
2018-08-31,-0.31006467171703633,106.0999984741211,3586100,2.86,12.86,147
2018-09-04,-0.716307396004201,105.33999633789062,5454600,2.9,13.16,146
2018-09-05,0.06645844565458248,105.41000366210938,5362700,2.9,13.91,145
2018-09-06,0.44587190492388906,105.87999725341795,4234200,2.88,14.65,146
2018-09-07,-0.2644491750662725,105.5999984741211,3712900,2.94,14.88,143
2018-09-10,-0.18939105220839858,105.4000015258789,1736600,2.94,14.16,147
2018-09-11,-0.1897576610448093,105.1999969482422,3783800,2.98,13.22,145
2018-09-12,0.3231976969090722,105.54000091552734,3019300,2.97,13.14,144
2018-09-13,0.9759321303410617,106.56999969482422,5337900,2.97,12.37,141
2018-09-14,0.11260462318256614,106.69000244140624,2145000,2.99,12.07,139
2018-09-17,-0.30930904817993987,106.36000061035156,1811300,2.99,13.68,139
2018-09-18,-0.3102687374585855,106.02999877929688,2801500,3.05,12.79,137
2018-09-19,0.3583937444000984,106.41000366210938,1588600,3.08,11.75,136
2018-09-20,0.5638553270107316,107.01000213623048,2890900,3.07,11.8,137
2018-09-21,0.21492918694294705,107.23999786376952,5276900,3.07,11.68,134
2018-09-24,-0.10257423773105678,107.12999725341795,2862600,3.08,12.2,135
2018-09-25,0.07467733884605199,107.20999908447266,3748000,3.1,12.42,134
2018-09-26,0.4570449286017242,107.6999969482422,4931700,3.06,12.89,136
2018-09-27,0.3528364842898757,108.08000183105467,3777000,3.06,12.41,134
2018-09-28,-0.24981890070927548,107.80999755859376,4038100,3.05,12.12,133
2018-10-01,-0.4173981619818079,107.36000061035156,3135200,3.09,12.0,132
2018-10-02,0.10245958432022473,107.47000122070312,4698600,3.05,12.05,134
2018-10-03,-0.5210733713901461,106.91000366210938,3699100,3.15,11.61,126
2018-10-04,-0.701524622869143,106.16000366210938,5843200,3.19,14.22,130
2018-10-05,-0.3014386898829491,105.83999633789062,10611500,3.23,14.82,129
2018-10-08,-0.028343518834872405,105.80999755859376,2111400,3.2199999999999998,15.69,129
2018-10-09,0.03780447637302675,105.8499984741211,3093500,3.21,15.95,135
2018-10-10,-0.4156776744019486,105.41000366210938,2744400,3.22,22.96,136
2018-10-11,0.15178448643993203,105.56999969482422,3540000,3.14,24.98,147
2018-10-12,0.2273352888730873,105.80999755859376,2911400,3.15,21.31,144
2018-10-15,0.018905843419791957,105.83000183105467,3005000,3.16,21.3,142
2018-10-16,0.37796609558551353,106.2300033569336,3367600,3.16,17.62,142
2018-10-17,-0.23533840920629823,105.9800033569336,3151700,3.19,17.4,139
2018-10-18,-0.37743113154256047,105.58000183105467,3544300,3.17,20.06,145
2018-10-19,-0.1136604892032933,105.45999908447266,5447900,3.2,19.89,147
2018-10-22,-0.10430552940120519,105.3499984741211,3031200,3.2,19.64,149
2018-10-23,0.028475348582213122,105.37999725341795,2668000,3.17,20.71,150
2018-10-24,-0.3890643797692217,104.97000122070312,2058600,3.1,25.23,154
2018-10-25,0.31437727657146475,105.3000030517578,3057200,3.14,24.22,152
2018-10-26,0.13295288280250617,105.44000244140624,3098200,3.08,24.16,156
2018-10-29,-0.42678733613155106,104.98999786376952,3219200,3.08,24.7,157
2018-10-30,0.1047724665108607,105.0999984741211,2165600,3.12,23.35,155
2018-10-31,-0.41864397564197464,104.66000366210938,3564500,3.15,21.23,152
2018-11-01,0.03821257857199445,104.6999969482422,4560400,3.14,19.34,153
2018-11-02,-0.11460852023410517,104.58000183105467,3267200,3.22,19.51,146
2018-11-05,0.2390514396852561,104.83000183105467,8168300,3.2,19.96,147
2018-11-06,-0.12401495806705354,104.6999969482422,3053500,3.22,19.91,147
2018-11-07,0.23877746636762343,104.9499969482422,3426100,3.22,16.36,146
2018-11-08,-0.3716049556826251,104.55999755859376,3568400,3.24,16.72,146
2018-11-09,0.047822353601123524,104.61000061035156,2238900,3.19,17.36,149
2018-11-12,-0.3632513633504031,104.2300033569336,1380200,3.165,20.45,149
2018-11-13,-0.12472884834062725,104.0999984741211,5848500,3.14,20.02,154
2018-11-14,0.19212735885527632,104.3000030517578,1844000,3.12,21.25,156
2018-11-15,-0.4122725719982623,103.87000274658205,3862500,3.11,19.98,157
2018-11-16,0.15403487867924337,104.02999877929688,4184000,3.08,18.14,160
2018-11-19,-0.3556619451399401,103.66000366210938,2509900,3.06,20.1,164
2018-11-20,-0.810345299642512,102.81999969482422,5685500,3.06,22.48,167
2018-11-21,0.4571107003482844,103.29000091552734,2425700,3.06,20.8,164
2018-11-23,-0.34853384370281404,102.93000030517578,1568500,3.05,21.52,165
2018-11-26,0.14573158985149437,103.08000183105467,3981700,3.07,18.9,163
2018-11-27,-0.6984877841612502,102.36000061035156,4520700,3.06,19.02,168
2018-11-28,1.250487272044265,103.63999938964844,4855600,3.06,18.49,163
2018-11-29,-0.17367841203765888,103.45999908447266,6056000,3.03,18.79,161
2018-11-30,0.2223113850462921,103.69000244140624,4020700,3.01,18.07,162
2018-12-03,0.260388308138948,103.95999908447266,5506900,2.98,16.44,162
2018-12-04,-0.2885681271692975,103.66000366210938,5871000,2.91,20.74,170
2018-12-06,0.2990522358114367,103.97000122070312,6485300,2.87,21.19,172
2018-12-07,0.09618012209966498,104.06999969482422,5342800,2.85,23.23,169
2018-12-10,0.0,104.06999969482422,3945400,2.85,22.64,168
2018-12-11,0.06726212648169305,104.13999938964844,3526200,2.89,21.76,163
2018-12-12,0.1824490517762678,104.33000183105467,3188100,2.91,21.46,157
2018-12-13,0.2875447302771672,104.62999725341795,4406700,2.91,20.65,155
2018-12-14,0.019119060485595085,104.6500015258789,3501100,2.89,21.63,155
2018-12-17,0.13377867903214824,104.79000091552734,3539200,2.86,24.52,156
2018-12-18,-1.1260619284916284,103.61000061035156,9264900,2.82,25.58,159
2018-12-19,-0.13512150258055966,103.47000122070312,9687400,2.77,25.58,165
2018-12-20,-0.18363046212880318,103.27999877929688,5099200,2.79,28.38,162
2018-12-21,-0.3195215288101072,102.9499969482422,8372900,2.79,30.11,161
2018-12-24,-0.048562820636532944,102.9000015258789,1857300,2.74,36.07,166
2018-12-26,0.14577407546603194,103.0500030517578,2584800,2.81,30.41,161
2018-12-27,0.4172734521510124,103.4800033569336,2844200,2.77,29.96,163
2018-12-28,0.0676456248100088,103.5500030517578,3234800,2.72,28.34,164
2018-12-31,0.3476587153470545,103.91000366210938,2039000,2.69,25.42,168
2019-01-02,0.0,103.91000366210938,4241600,2.66,23.22,171
2019-01-03,0.4234383567558009,104.3499984741211,3988000,2.56,25.45,177
2019-01-04,0.7570684495249669,105.13999938964844,6787700,2.67,21.38,164
2019-01-07,0.427997860808893,105.58999633789062,8315200,2.7,21.4,157
2019-01-08,-0.07575926170521052,105.51000213623048,4462200,2.73,20.47,155
2019-01-09,0.18007279704761459,105.6999969482422,4315400,2.74,19.98,150
2019-01-10,-0.1797491177835675,105.51000213623048,5080300,2.74,19.5,149
2019-01-11,0.009472568129620385,105.5199966430664,4425400,2.71,18.19,151
2019-01-14,-0.11371789329505111,105.4000015258789,3388900,2.71,19.07,151
2019-01-15,0.34155655136607344,105.76000213623048,6458700,2.72,18.6,151
2019-01-16,0.0850948714757882,105.8499984741211,3549200,2.73,19.04,150
2019-01-17,0.3401045021645288,106.20999908447266,4988600,2.75,18.06,151
2019-01-18,0.4801827894046484,106.72000122070312,7720500,2.79,17.8,147
2019-01-22,0.028109800368936178,106.75,5983700,2.74,20.8,149
2019-01-23,0.49648597592213406,107.27999877929688,3434100,2.76,19.52,147
2019-01-24,0.48471688886826403,107.8000030517578,3136300,2.72,18.89,148
2019-01-25,-0.09277003774070813,107.6999969482422,6431600,2.76,17.42,143
2019-01-28,-0.45496553171215925,107.20999908447266,5485100,2.75,18.87,143
2019-01-29,0.08395109416448054,107.3000030517578,4031900,2.72,19.13,146
2019-01-30,0.7082893618086672,108.05999755859376,5268100,2.7,17.66,145
2019-01-31,0.7588374175000023,108.87999725341795,8407900,2.63,16.57,145
2019-02-01,-0.26634912090633955,108.58999633789062,13481600,2.7,16.14,137
2019-02-04,-0.3407267056499519,108.22000122070312,5968700,2.73,15.73,134
2019-02-05,0.66531252317652,108.94000244140624,5913300,2.71,15.57,133
2019-02-06,-0.5140491788491408,108.37999725341795,3680400,2.7,15.38,136
2019-02-07,-0.18453308111323619,108.18000030517578,7506700,2.65,16.37,142
2019-02-08,-0.44370803806571546,107.6999969482422,4336500,2.63,15.72,145
2019-02-11,-0.23212628327199392,107.4499969482422,5676600,2.65,15.97,144
2019-02-12,0.372267600967513,107.8499984741211,3228900,2.68,15.43,142
2019-02-13,0.009274118101054718,107.86000061035156,5843400,2.71,15.65,139
2019-02-14,0.2595946390806958,108.13999938964844,3100100,2.66,16.22,142
2019-02-15,0.0832291176189548,108.2300033569336,8221800,2.66,14.91,143
2019-02-19,-0.06467679262039949,108.16000366210938,3980100,2.65,14.88,142
2019-02-20,0.009240483078354345,108.16999816894533,1981700,2.65,14.02,142
2019-02-21,-0.06471267080443432,108.0999984741211,2771000,2.69,14.46,140
2019-02-22,0.6197947996324116,108.7699966430664,2908100,2.65,13.51,141
2019-02-25,-0.16548709270117756,108.58999633789062,4948700,2.67,14.85,140
2019-02-26,0.29469318999055805,108.91000366210938,2971200,2.64,15.17,140
2019-02-27,0.027544558156411547,108.94000244140624,4394400,2.69,14.7,134
2019-02-28,-0.06425527194369174,108.87000274658205,5154700,2.73,14.78,131
2019-03-01,-0.7623788096953632,108.04000091552734,4825500,2.76,13.57,130
2019-03-04,-0.05553272684684085,107.9800033569336,5610800,2.72,14.63,133
2019-03-05,0.046300630495466066,108.02999877929688,3170000,2.72,14.74,134
2019-03-06,-0.08330680265441481,107.94000244140624,3152900,2.69,15.74,134
2019-03-07,-0.23161014855054285,107.69000244140624,7931400,2.64,16.59,137
2019-03-08,0.27857314101791264,107.98999786376952,4364900,2.62,16.05,140
2019-03-11,0.3704060874077708,108.38999938964844,4401800,2.64,14.33,137
2019-03-12,0.313685735953273,108.7300033569336,3538900,2.61,13.77,139
2019-03-13,0.027590157611245836,108.76000213623048,2460200,2.61,13.41,138
2019-03-14,-0.14711627341544853,108.5999984741211,4132000,2.63,13.5,135
2019-03-15,0.40515879151794554,109.04000091552734,5163900,2.59,12.88,138
2019-03-18,0.09170806427134526,109.13999938964844,3647800,2.6,13.1,135
2019-03-19,0.07330202629840521,109.22000122070312,5537900,2.61,13.56,131
2019-03-20,0.8881168374490489,110.19000244140624,7302200,2.54,13.91,137
2019-03-21,-0.027224592641983403,110.16000366210938,4208900,2.54,13.63,134
2019-03-22,-0.6626755016936214,109.43000030517578,5784000,2.44,16.48,139
2019-03-25,0.5574345322584273,110.04000091552734,5680600,2.43,16.33,142
2019-03-26,0.09087465766004499,110.13999938964844,4465800,2.41,14.68,138
2019-03-27,-0.372249895575516,109.7300033569336,6022300,2.39,15.15,136
2019-03-28,0.20960149503588266,109.95999908447266,3530000,2.39,14.43,132
2019-03-29,0.09094077387568067,110.05999755859376,3849900,2.41,13.71,130
2019-04-01,-0.23622979520561138,109.8000030517578,5361100,2.49,13.4,126
2019-04-02,0.06375199715726865,109.87000274658205,3906700,2.48,13.36,126
2019-04-03,-0.2275416344319492,109.62000274658205,2859800,2.52,13.74,123
2019-04-04,-0.027373114340079052,109.58999633789062,3540500,2.51,13.58,122
2019-04-05,0.3923718583309421,110.0199966430664,3366500,2.5,12.82,122
2019-04-08,-0.3999225826548547,109.58000183105467,4782700,2.52,13.18,121
2019-04-09,0.06387999055901261,109.6500015258789,11591300,2.51,14.28,122
2019-04-10,0.20063950537312358,109.87000274658205,2851500,2.48,13.3,125
2019-04-11,-0.3640680038950572,109.47000122070312,5430200,2.51,13.02,123
2019-04-12,-0.009136874138060413,109.45999908447266,7801800,2.56,12.01,120
2019-04-15,0.06395002321368803,109.52999877929688,8276800,2.55,12.32,121
2019-04-16,-0.19172745988594864,109.31999969482422,4771400,2.6,12.18,118
2019-04-17,0.09147317453372938,109.41999816894533,6140000,2.59,12.6,119
2019-04-18,0.08225550063178932,109.51000213623048,5185300,2.57,12.09,121
2019-04-22,-0.07305435987041697,109.43000030517578,1927200,2.59,12.42,119
2019-04-23,0.30156431521009,109.76000213623048,3612400,2.57,12.28,120
2019-04-24,-0.2824391235010326,109.4499969482422,4366100,2.53,13.14,125
2019-04-25,0.13705027872210618,109.5999984741211,8116000,2.54,13.25,125
2019-04-26,-0.06386833558281735,109.52999877929688,2902100,2.51,12.73,125
2019-04-29,0.10042966454624214,109.63999938964844,3863600,2.54,13.11,122
2019-04-30,0.1459354824882242,109.8000030517578,2829200,2.51,13.12,126
2019-05-01,-0.43716151511153933,109.31999969482422,4642800,2.52,14.8,126
2019-05-02,-0.1555050946028924,109.1500015258789,5016700,2.55,14.42,125
2019-05-03,0.5680211713423589,109.7699966430664,4870700,2.54,12.87,125
2019-05-06,-0.018216856771369194,109.75,2701200,2.51,15.44,127
2019-05-07,-0.5284754724871776,109.16999816894533,6945800,2.45,19.32,131
2019-05-08,0.10992282549671106,109.29000091552734,3273800,2.49,19.4,128
2019-05-09,-0.3019506160584218,108.95999908447266,7474800,2.45,19.1,133
2019-05-10,0.3395766792317678,109.33000183105467,7133800,2.47,16.04,132
2019-05-13,-0.8049070411361825,108.4499969482422,12322200,2.4,20.55,138
2019-05-14,0.31351219626811755,108.79000091552734,4524400,2.42,18.06,136
2019-05-15,0.3676822525164658,109.19000244140624,5293900,2.37,16.44,140
2019-05-16,0.0183136208620871,109.20999908447266,2657300,2.4,15.29,137
2019-05-17,-0.22891676778298287,108.95999908447266,2724900,2.39,15.96,139
2019-05-20,0.44970435745843584,109.4499969482422,5054500,2.41,16.31,136
2019-05-21,0.11878016120361323,109.58000183105467,3295200,2.43,14.95,133
2019-05-22,-0.054759250762548284,109.5199966430664,2430800,2.39,14.75,135
2019-05-23,-0.1369557168388158,109.37000274658205,3439500,2.31,16.92,143
2019-05-24,0.10057658186808371,109.4800033569336,2210700,2.32,15.85,141
2019-05-28,0.12787667643014977,109.62000274658205,2661800,2.26,17.5,143
2019-05-29,-0.054739268823955634,109.55999755859376,1806600,2.25,17.9,141
2019-05-30,0.30120649726939064,109.88999938964844,2657100,2.22,17.3,143
2019-05-31,0.0,109.88999938964844,3540100,2.14,18.71,148
2019-06-03,-0.4550004575276212,109.38999938964844,7942600,2.07,18.86,151
2019-06-04,0.6033491779796174,110.0500030517578,5434900,2.12,16.97,141
2019-06-05,0.31803586044110155,110.4000015258789,3103600,2.12,16.09,137
2019-06-06,0.3804331187865717,110.81999969482422,2954000,2.12,15.93,134
2019-06-07,0.6045823594931665,111.48999786376952,4074300,2.09,16.3,135
2019-06-10,-0.12557125511787337,111.3499984741211,2191200,2.15,15.94,128
2019-06-11,-0.1347117448894708,111.1999969482422,1921900,2.15,15.99,128
2019-06-12,-0.08093196075583675,111.11000061035156,2438500,2.13,15.91,127
2019-06-13,0.2250022487865211,111.36000061035156,3000600,2.1,15.82,131
2019-06-14,-0.08082252765073683,111.2699966430664,2456400,2.09,15.28,128
2019-06-17,0.04493848590487737,111.31999969482422,2151400,2.09,15.35,129
2019-06-18,1.015089163237315,112.4499969482422,5856700,2.06,15.15,126
2019-06-19,0.8715014526720299,113.43000030517578,5358500,2.03,14.33,127
2019-06-20,0.44961838566368595,113.94000244140624,5624800,2.01,14.75,124
2019-06-21,-0.9741974605647186,112.83000183105467,7054300,2.07,15.4,118
2019-06-24,0.19498468238310362,113.0500030517578,2291200,2.02,15.26,122
2019-06-25,-0.5130489300288921,112.47000122070312,6134200,2.0,16.28,125
2019-06-26,0.16893610682318094,112.66000366210938,7807900,2.05,16.21,123
2019-06-27,0.40830735799752826,113.12000274658205,2606900,2.01,15.82,125
2019-06-28,0.15028126309910572,113.29000091552734,2345000,2.0,15.08,124
2019-07-01,0.12357612191460365,113.43000030517578,7904100,2.03,14.06,120
2019-07-02,0.17631750657154388,113.62999725341795,3951800,1.98,12.93,122
2019-07-03,0.27281984993532404,113.94000244140624,2185600,1.96,12.57,123
2019-07-05,-0.5178198654055222,113.3499984741211,4950100,2.04,13.28,118
2019-07-08,-0.14115221426437286,113.19000244140624,2867700,2.05,13.96,117
2019-07-09,-0.23854074267793957,112.91999816894533,5124300,2.07,14.09,114
2019-07-10,0.15940516125980686,113.0999984741211,2810000,2.07,13.03,112
2019-07-11,-0.2917788112350883,112.7699966430664,3421400,2.13,12.93,109
2019-07-12,0.20395793542637985,113.0,2587200,2.12,12.39,110
2019-07-15,0.20354279374654727,113.2300033569336,3883700,2.09,12.68,113
2019-07-16,-0.05299407066086115,113.16999816894533,4306100,2.13,12.86,112
2019-07-17,0.11487574879907037,113.3000030517578,3532600,2.06,13.97,118
2019-07-18,0.185347818902315,113.51000213623048,4855000,2.04,13.53,120
2019-07-19,-0.14977164579366153,113.33999633789062,5462300,2.05,14.45,119
2019-07-22,0.35292177413381864,113.73999786376952,2108200,2.05,13.53,118
2019-07-23,0.30771802417326466,114.08999633789062,2811100,2.08,12.61,115
2019-07-24,0.22789214179694817,114.3499984741211,3051500,2.05,12.07,116
2019-07-25,-0.14866477587560656,114.18000030517578,2374400,2.08,12.74,113
2019-07-26,-0.052546469113134986,114.12000274658205,4825500,2.08,12.16,113
2019-07-29,-0.00876457762859495,114.11000061035156,4986300,2.06,12.83,114
2019-07-30,-0.16650814160893423,113.91999816894533,2971000,2.06,13.94,115
2019-07-31,-0.2106722854872456,113.68000030517578,5488000,2.02,16.12,117
2019-08-01,0.06157608606289777,113.75,9045900,1.9,17.87,128
2019-08-02,-0.06153819325206422,113.68000030517578,6155100,1.86,17.61,125
2019-08-05,-0.9852240882963992,112.55999755859376,6506600,1.75,24.59,131
2019-08-06,0.7018487319316868,113.3499984741211,4557900,1.73,20.17,131
2019-08-07,0.5028669629443039,113.91999816894533,6907900,1.71,19.49,127
2019-08-08,0.500350863751664,114.48999786376952,5808600,1.72,16.91,125
2019-08-09,-0.05240419225540638,114.43000030517578,4171000,1.74,17.97,122
2019-08-12,-1.048673376773479,113.2300033569336,3847200,1.65,21.09,132
2019-08-13,-0.1413085378130674,113.06999969482422,5700300,1.68,17.52,127
2019-08-14,-0.1326625331951381,112.91999816894533,3466600,1.59,22.1,130
2019-08-15,0.398516281379524,113.37000274658205,5530800,1.52,21.18,135
2019-08-16,0.5733385205408448,114.0199966430664,2685800,1.55,18.47,131
2019-08-19,-0.40343720225903823,113.55999755859376,2308300,1.6,16.88,125
2019-08-20,0.026416678356633305,113.58999633789062,2192500,1.55,17.5,129
2019-08-21,0.2905201529129986,113.91999816894533,3986900,1.59,15.8,125
2019-08-22,0.0526730942352005,113.9800033569336,3454500,1.62,16.68,121
2019-08-23,0.043863327681004094,114.02999877929688,2006500,1.52,19.87,127
2019-08-26,-0.08769488309355866,113.93000030517578,1954400,1.54,19.32,125
2019-08-27,0.2808739523980197,114.25,7732800,1.49,20.31,129
2019-08-28,0.11378315397632122,114.37999725341795,3251800,1.47,19.35,127
2019-08-29,0.22731434033385067,114.63999938964844,3618100,1.5,17.88,122
2019-08-30,0.33147004138267544,115.0199966430664,2256600,1.5,18.98,122
2019-09-03,-0.13040679956706214,114.87000274658205,5161600,1.47,19.66,121
2019-09-04,0.6267899138968192,115.58999633789062,6139300,1.47,17.33,120
2019-09-05,-0.5363743722035741,114.97000122070312,6563100,1.57,16.27,113
2019-09-06,0.35661131457047635,115.37999725341795,3036400,1.55,15.0,116
2019-09-09,-0.8233636426213664,114.43000030517578,5949600,1.63,15.27,112
2019-09-10,-0.7428108641564513,113.58000183105467,5065000,1.72,15.2,109
2019-09-11,0.10564810288171689,113.6999969482422,3719300,1.75,14.61,110
2019-09-12,0.19349272348994084,113.91999816894533,3564600,1.79,14.22,104
2019-09-13,-1.1499276506755307,112.61000061035156,5710500,1.9,13.74,107
2019-09-16,0.42624609265382585,113.08999633789062,3930700,1.84,14.67,112
2019-09-17,0.3183310832162167,113.4499969482422,4057500,1.81,14.44,115
2019-09-18,0.008816338915385025,113.45999908447266,4130300,1.8,13.95,112
2019-09-19,0.4406839450331157,113.95999908447266,3778200,1.79,14.05,113
2019-09-20,0.44752732566488707,114.47000122070312,2774400,1.74,15.32,115
2019-09-23,-0.22713561060349052,114.20999908447266,3356500,1.72,14.91,117
2019-09-24,-0.6391697166542643,113.4800033569336,3782200,1.64,17.05,124
2019-09-25,-0.29080174593996144,113.1500015258789,4729300,1.73,15.96,121
2019-09-26,0.2032662169133559,113.37999725341795,5400400,1.7,16.07,124
2019-09-27,-0.13229308530420258,113.2300033569336,2633600,1.69,17.22,130
2019-09-30,0.1059746653978566,113.3499984741211,2646300,1.68,16.24,131
2019-10-01,-0.8292852445219268,112.41000366210938,15272900,1.65,18.56,139
2019-10-02,-0.017795811590815003,112.38999938964844,4805500,1.6,20.56,143
2019-10-03,0.4804706098940237,112.93000030517578,7270800,1.54,19.12,140
2019-10-04,0.8766473577386247,113.91999816894533,3846100,1.52,17.04,134
2019-10-07,-0.5617972260667736,113.27999877929688,3268900,1.56,17.86,128
2019-10-08,-0.09710505961945115,113.16999816894533,3348100,1.54,20.28,130
2019-10-09,0.008838151800194538,113.18000030517578,2751100,1.59,18.64,129
2019-10-10,-0.16787633936556912,112.98999786376952,2336400,1.67,17.57,125
2019-10-11,-0.07079759551512632,112.91000366210938,2905700,1.76,15.58,122
2019-10-14,0.04427900163115339,112.95999908447266,3578800,1.7650000000000001,14.57,122
2019-10-15,0.21246269981824994,113.1999969482422,2325400,1.77,13.54,123
2019-10-16,-0.15901087458340957,113.0199966430664,2079100,1.75,13.68,125
2019-10-17,0.14157110853108001,113.18000030517578,1922000,1.76,13.79,126
2019-10-18,0.0883534845833811,113.27999877929688,1463400,1.76,14.25,125
2019-10-21,-0.3619315299549286,112.87000274658205,3033400,1.8,14.0,121
2019-10-22,0.363246232602088,113.27999877929688,2694700,1.78,14.46,123
2019-10-23,0.1765577152118336,113.4800033569336,2369400,1.77,14.01,123
2019-10-24,0.0,113.4800033569336,1706400,1.77,13.71,123
2019-10-25,-0.026442023091077793,113.4499969482422,1786500,1.8,12.65,120
2019-10-28,-0.15866047599623068,113.2699966430664,4973500,1.85,13.11,118
2019-10-29,-0.26484985543755446,112.97000122070312,3403100,1.84,13.2,121
2019-10-30,0.10621856766477311,113.08999633789062,3228600,1.78,12.33,128
2019-10-31,0.45097015894022263,113.5999984741211,3954300,1.69,13.22,131
2019-11-01,0.0,113.5999984741211,8561800,1.73,12.3,128
2019-11-04,-0.21126572798696452,113.36000061035156,3434800,1.79,12.83,125
2019-11-05,-0.7233589364936344,112.54000091552734,5758600,1.86,13.1,124
2019-11-06,0.04442457966640223,112.58999633789062,2212200,1.81,12.62,127
2019-11-07,-0.346389024188265,112.1999969482422,3859100,1.92,12.73,123
2019-11-08,0.14260576333453567,112.36000061035156,1800700,1.94,12.07,121
2019-11-11,-0.0801032100358201,112.2699966430664,1274800,1.93,12.69,121
2019-11-12,-0.20485947663316795,112.04000091552734,2738200,1.92,12.68,124
2019-11-13,-0.15172988892910855,111.87000274658205,2235600,1.88,13.0,126
2019-11-14,0.5273945860420959,112.45999908447266,2826800,1.82,13.05,128
2019-11-15,0.08003198294315172,112.5500030517578,2150500,1.84,12.05,125
2019-11-18,-0.47090750272806847,112.0199966430664,3833100,1.81,12.46,127
2019-11-19,-0.22317443982486918,111.7699966430664,1810200,1.79,12.86,131
2019-11-20,0.16999413716813905,111.95999908447266,2766400,1.73,12.78,134
2019-11-21,0.008933669446453685,111.97000122070312,1863800,1.77,13.13,131
2019-11-22,0.26792481833768367,112.2699966430664,2549500,1.77,12.34,129
2019-11-25,-0.008902206408445412,112.26000213623048,1791700,1.76,11.87,129
2019-11-26,0.2672326889850085,112.55999755859376,1805300,1.74,11.54,131
2019-11-27,-0.1421428892902865,112.4000015258789,1398100,1.77,11.75,126
2019-11-29,-0.24910923086810532,112.12000274658205,2158500,1.78,12.62,126
2019-12-02,-0.7670358448843118,111.26000213623048,4050000,1.83,14.91,125
2019-12-03,0.19773612841902377,111.4800033569336,2708500,1.72,15.96,136
2019-12-04,0.23322075619560678,111.73999786376952,2499700,1.77,14.8,128
2019-12-05,0.29533008534421423,112.06999969482422,3857300,1.8,14.52,127
2019-12-06,0.2052318707592482,112.3000030517578,2503200,1.84,13.62,124
2019-12-09,0.2671375015235178,112.5999984741211,2468900,1.83,15.86,123
2019-12-10,0.0,112.5999984741211,2367500,1.85,15.68,122
2019-12-11,0.6660746093814396,113.3499984741211,2229100,1.79,14.99,125
2019-12-12,0.008824116775585367,113.36000061035156,4475400,1.9,13.94,114
2019-12-13,0.370499441323191,113.77999877929688,1843700,1.82,12.63,118
2019-12-16,0.061521968338218436,113.8499984741211,3503500,1.89,12.14,110
2019-12-17,0.3689048525027161,114.2699966430664,2569600,1.89,12.29,109
2019-12-18,0.19252754630798563,114.48999786376952,4039900,1.92,12.58,105
2019-12-19,-0.7249490934987612,113.66000366210938,5080500,1.92,12.5,108
2019-12-20,0.24634767752538256,113.94000244140624,3204900,1.92,12.51,109
2019-12-23,0.11409272479596666,114.06999969482422,1556300,1.93,12.61,108
2019-12-24,0.17532826227513176,114.2699966430664,680100,1.9,12.67,110
2019-12-26,0.14002246154707354,114.43000030517578,731500,1.9,12.65,110
2019-12-27,0.27090584441753496,114.73999786376952,1828400,1.88,13.43,112
2019-12-30,-0.16558725426969456,114.5500030517578,1572200,1.9,14.82,110
2019-12-31,0.00872501664748171,114.55999755859376,1120400,1.92,13.78,107
2020-01-02,0.12220617373601694,114.6999969482422,2004500,1.88,12.47,110
2020-01-03,-0.2528276319516243,114.41000366210938,1904400,1.8,14.02,116
2020-01-06,-0.20103430606721595,114.18000030517578,4713700,1.81,13.85,113
2020-01-07,0.15764608924040413,114.36000061035156,3098800,1.83,13.79,112
2020-01-08,0.26233215298763213,114.66000366210938,3606200,1.87,13.45,107
2020-01-09,-0.06977309305733481,114.58000183105467,3172700,1.85,12.54,111
2020-01-10,0.01745212318629008,114.5999984741211,1465600,1.83,12.56,112
2020-01-13,0.0959865722654385,114.70999908447266,2108600,1.85,12.32,110
2020-01-14,-0.026151843375732398,114.68000030517578,1912600,1.82,12.39,112
2020-01-15,0.37495666553148954,115.11000061035156,2834400,1.79,12.42,113
2020-01-16,0.20849436408389987,115.3499984741211,2948900,1.81,12.32,110
2020-01-17,-0.12136921673201462,115.20999908447266,2723800,1.84,12.1,107
2020-01-21,-0.08679669726217032,115.11000061035156,2871400,1.78,12.85,112
2020-01-22,0.07818290106285097,115.1999969482422,3377900,1.77,12.91,112
2020-01-23,-0.23437209220389388,114.93000030517578,2747300,1.74,12.98,116
2020-01-24,-0.13051555336344167,114.77999877929688,6578300,1.7,14.56,119
2020-01-27,-0.12197193861068767,114.63999938964844,6335300,1.61,18.23,125
2020-01-28,0.47104057781084396,115.18000030517578,3189700,1.65,16.28,121
2020-01-29,0.46014827043985296,115.70999908447266,3100700,1.6,16.39,124
2020-01-30,-0.069139946147867,115.62999725341795,1993600,1.57,15.49,121
2020-01-31,0.3026948991000644,115.9800033569336,3835900,1.51,18.84,122
2020-02-03,-0.3793778484831756,115.54000091552734,3997000,1.54,17.97,124
2020-02-04,-0.12116962830110989,115.4000015258789,3943000,1.61,16.05,122
2020-02-05,0.034662837953569614,115.44000244140624,1883700,1.66,15.15,117
2020-02-06,0.2425491799855184,115.72000122070312,1559500,1.65,14.96,116
2020-02-07,0.0,115.72000122070312,1486400,1.59,15.47,120
2020-02-10,0.017280196038238493,115.73999786376952,2546900,1.56,15.04,122
2020-02-11,-0.043196322175609314,115.69000244140624,2251100,1.59,15.18,118
2020-02-12,0.14694283460787716,115.86000061035156,2525200,1.62,13.74,114
2020-02-13,0.025892265785287805,115.88999938964844,2066400,1.61,14.15,114
2020-02-14,0.39692733358815957,116.3499984741211,2163000,1.59,13.68,115
2020-02-18,0.08594626165236985,116.4499969482422,1412300,1.55,14.83,118
2020-02-19,0.19751254870001844,116.68000030517578,1355500,1.56,14.38,115
2020-02-20,0.0599928819344564,116.75,1528900,1.52,15.56,116
2020-02-21,0.22269990255288086,117.01000213623048,2561600,1.46,17.08,118
2020-02-24,-0.4358620006148728,116.5,5879600,1.38,25.03,123
2020-02-25,-0.618026798886806,115.77999877929688,5312500,1.33,27.85,130
2020-02-26,-0.051820313721129274,115.72000122070312,3743300,1.33,27.56,132
2020-02-27,-1.2443850900587639,114.27999877929688,11337200,1.3,39.16,139
2020-02-28,-0.14000353029739454,114.12000274658205,8073800,1.13,40.11,156
2020-03-02,0.4381352856346332,114.62000274658205,9913200,1.1,33.42,154
2020-03-03,1.1603508722650258,115.9499969482422,8219900,1.02,36.82,153
2020-03-04,0.7416995541064564,116.80999755859376,5128000,1.02,31.99,142
2020-03-05,-0.8817727941311082,115.77999877929688,4645000,0.92,39.62,149
2020-03-06,-0.4145756888925711,115.3000030517578,7200500,0.74,41.94,168
2020-03-09,-8.100610338312341,105.95999908447266,9597300,0.54,54.46,213
2020-03-10,1.1608185801823323,107.19000244140624,11389100,0.76,47.3,185
2020-03-11,-4.524681400363617,102.33999633789062,12859200,0.82,53.9,205
2020-03-12,-4.924754217786509,97.3000030517578,11103900,0.88,75.47,231
2020-03-13,2.8365821379962464,100.05999755859376,9183100,0.94,57.83,212
2020-03-16,-4.617224894975758,95.44000244140624,7732300,0.73,82.69,268
2020-03-17,-0.9744344943271699,94.51000213623048,7953500,1.02,75.91,264
2020-03-18,-9.215954806474059,85.80000305175781,7929400,1.18,76.45,332
2020-03-19,2.5407928061036644,87.9800033569336,11321200,1.12,72.0,357
2020-03-20,3.5348861812835253,91.08999633789062,9272900,0.92,66.04,352
2020-03-23,0.28543434700118997,91.3499984741211,5752200,0.76,61.59,372
2020-03-24,3.1198670188576916,94.1999969482422,4422000,0.84,61.67,346
2020-03-25,4.0127457867841665,97.9800033569336,5611500,0.88,63.95,294
2020-03-26,1.6533936126599036,99.5999984741211,3529800,0.83,61.0,257
2020-03-27,-2.058228367238324,97.5500030517578,4298600,0.72,65.54,279
2020-03-30,-0.13326999358830305,97.41999816894533,3480000,0.7,57.08,278
2020-03-31,-0.7595954400309468,96.68000030517578,2813100,0.7,53.54,265
2020-04-01,-2.927184342285505,93.8499984741211,6601300,0.62,57.06,285
2020-04-02,2.045815876571111,95.7699966430664,10052400,0.63,50.91,292
2020-04-03,-0.17750670868131868,95.5999984741211,6628100,0.62,46.8,297
2020-04-06,2.018828803327044,97.52999877929688,4993300,0.67,45.24,294
2020-04-07,0.5741798068315207,98.08999633789062,6479300,0.75,46.7,282
2020-04-08,0.4281841309210277,98.51000213623048,3984800,0.77,43.35,282
2020-04-09,2.8829522650533956,101.3499984741211,7431400,0.73,41.67,274
2020-04-13,-0.19733295634262182,101.1500015258789,4715400,0.76,41.17,262
2020-04-14,0.6623807798696868,101.81999969482422,6225400,0.76,37.76,257
2020-04-15,-1.9838898537819394,99.8000030517578,5294400,0.63,40.84,276
2020-04-16,-0.6513041142311327,99.1500015258789,3219500,0.61,40.11,282
2020-04-17,0.7059979197877153,99.8499984741211,3354200,0.65,38.15,271
2020-04-20,-0.630943678563245,99.22000122070312,3843700,0.63,43.83,274
2020-04-21,-1.4009266000275078,97.83000183105467,4927900,0.58,45.41,282
2020-04-22,0.08177637693687068,97.91000366210938,2738100,0.63,41.98,280
2020-04-23,0.4800261196297617,98.37999725341795,2403100,0.61,41.38,283
2020-04-24,-0.43708102986433905,97.9499969482422,2309900,0.6,35.93,284
2020-04-27,-0.1735560737537889,97.77999877929688,3672700,0.67,33.29,278
2020-04-28,0.9817949442191054,98.73999786376952,4193800,0.62,33.57,278
2020-04-29,1.6001639307655413,100.31999969482422,4191600,0.63,31.23,271
2020-04-30,0.1794261420687171,100.5,3266400,0.64,34.15,257
2020-05-01,-0.8059677199937942,99.69000244140624,3527800,0.64,37.19,252
2020-05-04,0.0,99.69000244140624,3424400,0.64,35.97,251
2020-05-05,1.0933858071989766,100.77999877929688,2744600,0.66,33.61,243
2020-05-06,-0.4465141433744879,100.33000183105467,3071400,0.72,34.12,236
2020-05-07,0.7973641062126058,101.12999725341795,2229800,0.63,31.44,241
2020-05-08,0.5141938955638414,101.6500015258789,3845000,0.69,27.98,234
2020-05-11,0.550907575196824,102.20999908447266,2173700,0.73,27.57,229
2020-05-12,-0.1858941816927473,102.0199966430664,4866600,0.69,33.04,232
2020-05-13,-0.5979151156916718,101.41000366210938,3231500,0.64,35.28,241
2020-05-14,0.46345880518312565,101.87999725341795,4075100,0.63,32.61,245
2020-05-15,0.2748394348646599,102.16000366210938,2010300,0.64,31.89,237
2020-05-18,1.7423636604244397,103.94000244140624,4484300,0.73,29.3,219
2020-05-19,0.07696190088630761,104.0199966430664,2976200,0.7,30.53,215
2020-05-20,1.9227072337473672,106.0199966430664,4965400,0.68,27.99,208
2020-05-21,-0.02829539732762676,105.98999786376952,4151600,0.68,29.53,197
2020-05-22,-0.452868890662661,105.51000213623048,2975800,0.66,28.16,195
2020-05-26,0.6160567839242681,106.16000366210938,3645200,0.69,28.01,192
2020-05-27,0.16954848301826697,106.33999633789062,2772400,0.68,27.62,194
2020-05-28,-0.2821096790431077,106.04000091552734,2717800,0.7,28.59,191
2020-05-29,0.339495103020937,106.4000015258789,4575500,0.65,27.51,191
2020-06-01,0.16917321672405006,106.58000183105467,6075600,0.66,28.23,189
2020-06-02,0.9664090463514796,107.61000061035156,5772600,0.68,26.84,183
2020-06-03,0.44605122648135875,108.08999633789062,4908900,0.77,25.66,171
2020-06-04,-0.4718239653202505,107.58000183105467,4919100,0.82,25.81,171
2020-06-05,0.8179933430378039,108.45999908447266,3594900,0.91,24.52,166
2020-06-08,0.7099430932700157,109.2300033569336,7028700,0.88,25.81,164
2020-06-09,-0.26549565743371195,108.94000244140624,5815600,0.84,27.57,169
2020-06-10,0.009174322206706442,108.9499969482422,5336500,0.75,27.57,177
2020-06-11,-2.294630628753158,106.4499969482422,11072100,0.66,40.79,191
2020-06-12,1.1648713280536294,107.69000244140624,4210500,0.71,36.09,191
2020-06-15,0.5292967609824117,108.26000213623048,5394100,0.71,34.4,194
2020-06-16,0.47108303784639816,108.7699966430664,4984800,0.75,33.67,182
2020-06-17,-0.13790006537977018,108.62000274658205,4069500,0.74,33.47,184
2020-06-18,-0.11047941773857373,108.5,3256600,0.71,32.94,186
2020-06-19,0.22119618780600536,108.73999786376952,2908400,0.7,35.12,182
2020-06-22,0.1747309592964097,108.93000030517578,2703100,0.71,31.77,181
2020-06-23,0.20196568446413377,109.1500015258789,3764400,0.72,31.37,177
2020-06-24,-0.3115015689711509,108.80999755859376,4442800,0.69,33.84,178
2020-06-25,0.06433204337359388,108.87999725341795,2757700,0.68,32.22,178
2020-06-26,-0.20205142988435343,108.66000366210938,2899300,0.64,34.73,183
2020-06-29,0.12884169421139013,108.8000030517578,3111500,0.64,31.78,184
2020-06-30,0.38602771798226243,109.22000122070312,3466200,0.66,30.43,182
2020-07-01,-0.07324833378551387,109.13999938964844,6178800,0.69,28.62,178
2020-07-02,0.5314292049645175,109.72000122070312,3606500,0.68,27.68,176
2020-07-06,0.6197596587772081,110.4000015258789,3296800,0.69,27.94,173
2020-07-07,-0.5615966829825569,109.77999877929688,3478100,0.65,29.43,176
2020-07-08,0.4281301019578354,110.25,2129300,0.67,28.08,174
2020-07-09,-0.43537719449758816,109.7699966430664,2471400,0.62,29.26,179
2020-07-10,-0.00910495321269078,109.76000213623048,1959300,0.65,27.29,177
2020-07-13,-0.20043842603982842,109.54000091552734,3220000,0.64,32.19,176
2020-07-14,0.23735816510623842,109.8000030517578,2875600,0.63,29.52,179
2020-07-15,0.409833274804261,110.25,2276300,0.64,27.76,175
2020-07-16,0.18140312765733135,110.4499969482422,3154900,0.62,28.0,176
2020-07-17,0.2263467694952892,110.6999969482422,1385400,0.64,25.68,171
2020-07-20,0.6684783320364707,111.44000244140624,1641000,0.62,24.46,169
2020-07-21,0.538404936267467,112.04000091552734,3489300,0.61,24.84,164
2020-07-22,0.2856120066131451,112.36000061035156,6438100,0.6,24.32,161
2020-07-23,-0.044502537812540766,112.30999755859376,3418200,0.59,26.08,162
2020-07-24,0.07123304495928462,112.38999938964844,2239800,0.59,25.84,164
2020-07-27,0.1690563594964667,112.58000183105467,1879000,0.62,24.74,160
2020-07-28,-0.3375420826362552,112.1999969482422,1547900,0.59,25.44,163
2020-07-29,0.5882385740293872,112.86000061035156,2066600,0.58,24.1,156
2020-07-30,-0.02658052377694231,112.83000183105467,2301100,0.55,24.76,155
2020-07-31,0.23043029568079465,113.08999633789062,2590300,0.55,24.46,150
2020-08-03,0.0795861439558676,113.18000030517578,4053800,0.56,24.28,147
2020-08-04,0.512459647897856,113.76000213623048,4032300,0.52,23.76,147
2020-08-05,0.3164562267856219,114.12000274658205,2666300,0.55,22.99,139
2020-08-06,0.25411926791774064,114.41000366210938,1508900,0.55,22.65,137
2020-08-07,-0.20977666767048042,114.16999816894533,1806300,0.57,22.21,140
2020-08-10,0.14889916061286979,114.33999633789062,1660000,0.59,22.13,140
2020-08-11,-0.10494588160813167,114.22000122070312,3212600,0.64,24.03,140
2020-08-12,-0.11381971758281928,114.08999633789062,4393500,0.69,22.28,142
2020-08-13,-0.2278854546247433,113.83000183105467,2916000,0.71,22.13,139
2020-08-14,-0.44803841520392185,113.31999969482422,2582400,0.71,22.05,143
2020-08-17,0.11471695531950488,113.4499969482422,1896600,0.69,21.35,146
2020-08-18,-0.1322114592500423,113.3000030517578,1893800,0.67,21.51,148
2020-08-19,-0.2294811378881212,113.04000091552734,2538200,0.68,22.54,147
2020-08-20,0.23000896507843205,113.3000030517578,1667100,0.65,22.72,151
2020-08-21,0.3177410420607929,113.66000366210938,4261700,0.64,22.54,152
2020-08-24,0.2023541440512311,113.88999938964844,2523900,0.65,22.37,149
2020-08-25,-0.49170037895764906,113.33000183105467,2978500,0.69,22.03,149
2020-08-26,-0.22942039356713684,113.06999969482422,3300800,0.69,23.27,149
2020-08-27,-0.4687351027923725,112.54000091552734,3802300,0.74,24.47,150
2020-08-28,0.9329975242770905,113.58999633789062,4215200,0.74,22.96,148
2020-08-31,-0.008798756191719104,113.58000183105467,3170600,0.72,26.41,151
2020-09-01,0.37858804212331787,114.01000213623048,4618400,0.68,26.12,150
2020-09-02,0.4122456029265864,114.4800033569336,3914600,0.66,26.57,150
2020-09-03,-0.5066402987832896,113.9000015258789,3250700,0.63,33.6,153
2020-09-04,-0.43020005022406105,113.41000366210938,3473600,0.72,30.75,146
2020-09-08,-0.39679443003762804,112.95999908447266,4107700,0.69,31.46,150
2020-09-09,0.5046031333604706,113.52999877929688,2678600,0.71,28.81,148
2020-09-10,-0.2818635587641505,113.20999908447266,3250400,0.68,29.71,151
2020-09-11,0.03533337677841253,113.25,2613300,0.67,26.87,158
2020-09-14,0.09713078176738499,113.36000061035156,3124200,0.68,25.85,158
2020-09-15,0.16760977450884784,113.5500030517578,2293200,0.68,25.59,156
2020-09-16,-0.23778446957667398,113.27999877929688,3710300,0.69,26.04,155
2020-09-17,-0.41490221201256894,112.80999755859376,4151000,0.69,26.46,158
2020-09-18,-0.46094907749317793,112.29000091552734,4581800,0.7,25.83,158
2020-09-21,-0.9796050094866504,111.19000244140624,4541800,0.68,27.78,166
2020-09-22,-0.20685614882937076,110.95999908447266,4286700,0.68,26.86,173
2020-09-23,-1.2887529893427119,109.52999877929688,8371000,0.68,28.58,183
2020-09-24,0.2647684823878116,109.81999969482422,7563100,0.67,28.51,181
2020-09-25,0.48260679363474335,110.3499984741211,3296300,0.66,26.38,175
2020-09-28,0.22655188351328182,110.5999984741211,3870200,0.67,26.19,171
2020-09-29,-0.2260397861203356,110.3499984741211,3130600,0.66,26.27,173
2020-09-30,0.4893528980464579,110.88999938964844,5666300,0.69,26.37,173
2020-10-01,-0.14428355450940566,110.7300033569336,13558400,0.68,26.7,171
2020-10-02,-0.3522144018959339,110.33999633789062,7086200,0.7,27.63,167
2020-10-05,0.38970483908573605,110.7699966430664,3906300,0.78,27.96,160
2020-10-06,0.07222337589525285,110.8499984741211,5501400,0.76,29.48,162
2020-10-07,0.21650687151391068,111.08999633789062,4359900,0.81,28.06,155
2020-10-08,0.9721863954066379,112.16999816894533,4718100,0.78,26.36,149
2020-10-09,0.24070988398718907,112.44000244140624,3917900,0.79,25.0,145
2020-10-12,0.2579161412580744,112.7300033569336,2194600,0.765,25.07,145
2020-10-13,-0.2483867651496663,112.4499969482422,3141500,0.74,26.07,147
2020-10-14,-0.03556539548082993,112.41000366210938,3652400,0.73,26.4,145
2020-10-15,-0.40032431543136626,111.95999908447266,2951000,0.74,26.97,142
2020-10-16,0.15183830862399716,112.12999725341795,2711400,0.76,27.41,141
2020-10-19,-0.5796788659642504,111.4800033569336,3641600,0.78,29.18,142
2020-10-20,0.05381912162456537,111.54000091552734,3683600,0.81,29.35,142
2020-10-21,-0.5110271563077196,110.97000122070312,4228000,0.83,28.65,145
2020-10-22,-0.4685989607468022,110.4499969482422,4235400,0.87,28.11,146
2020-10-23,0.4708051487811282,110.97000122070312,3120100,0.85,27.55,149
2020-10-26,-0.36045915245450644,110.56999969482422,2802300,0.81,32.46,151
2020-10-27,0.5969102504576274,111.2300033569336,3592200,0.79,33.35,149
2020-10-28,-0.8540902175361631,110.27999877929688,5907000,0.79,40.28,152
2020-10-29,0.03627213998016465,110.31999969482422,4872700,0.85,37.59,150
2020-10-30,-0.27193895267195733,110.0199966430664,4039300,0.88,38.02,149
2020-11-02,-0.1999578240511335,109.8000030517578,5619600,0.87,37.13,150
2020-11-03,0.810564084619303,110.69000244140624,4640600,0.9,35.55,146
2020-11-04,1.9333267164586498,112.83000183105467,8412000,0.78,29.57,145
2020-11-05,0.38110458051721086,113.26000213623048,7675400,0.79,27.58,143
2020-11-06,-0.44146211422333437,112.76000213623048,5941400,0.83,24.86,146
2020-11-09,0.4788940274007114,113.3000030517578,6858300,0.96,25.75,137
2020-11-10,-0.10591592528660376,113.18000030517578,3642000,0.98,24.8,144
2020-11-11,0.3799260505533919,113.61000061035156,2757100,0.9299999999999999,23.45,144
2020-11-12,-0.19364599905044022,113.38999938964844,4903200,0.88,25.35,142
2020-11-13,0.3880434286750667,113.83000183105467,2239500,0.89,23.1,142
2020-11-16,0.2196257541760005,114.08000183105467,2678200,0.91,22.45,147
2020-11-17,-0.17531957786336427,113.87999725341795,4046500,0.87,22.71,144
2020-11-18,-0.08781039386447365,113.77999877929688,2573600,0.88,23.84,143
2020-11-19,0.22851304185265153,114.04000091552734,3831500,0.86,23.11,144
2020-11-20,0.07015242933394727,114.12000274658205,3414200,0.83,23.7,142
2020-11-23,-0.07886782782947632,114.02999877929688,2943500,0.86,22.66,149
2020-11-24,0.14031716550224616,114.19000244140624,3987700,0.88,21.64,151
2020-11-25,-0.07881948100607605,114.0999984741211,3188500,0.88,21.25,154
2020-11-27,0.3242793615513939,114.47000122070312,2213700,0.84,20.84,159
2020-11-30,-0.1921911578204205,114.25,4760200,0.84,20.57,161
2020-12-01,-0.09628062175190966,114.13999938964844,11012000,0.92,20.77,152
2020-12-02,0.052564884277717105,114.1999969482422,5828100,0.95,21.17,149
2020-12-03,0.42031818718097913,114.68000030517578,6414400,0.92,21.28,151
2020-12-04,0.08719783210235921,114.77999877929688,3710000,0.97,20.79,148
2020-12-07,-0.017421713956311535,114.76000213623048,3639400,0.94,21.3,152
2020-12-08,-0.165565038227089,114.56999969482422,3035700,0.92,20.68,154
2020-12-09,-0.24439100990023555,114.29000091552734,6346700,0.95,22.27,151
2020-12-10,0.49873102656243784,114.86000061035156,4956400,0.92,22.52,154
2020-12-11,0.05223538070253664,114.91999816894533,3868100,0.9,23.31,155
2020-12-14,0.0,114.91999816894533,2532600,0.9,24.72,152
2020-12-15,0.33936599013437707,115.30999755859376,3161300,0.92,22.89,144
2020-12-16,0.06937978731118566,115.38999938964844,3171300,0.92,22.5,141
2020-12-17,-0.017329615367156492,115.37000274658205,5549600,0.94,21.93,137
2020-12-18,-0.13001778825333377,115.22000122070312,2648100,0.95,21.57,135
2020-12-21,-0.28641019576329807,114.88999938964844,4485300,0.95,25.16,137
2020-12-22,0.12185515744815856,115.02999877929688,2104400,0.93,24.23,137
2020-12-23,0.14778594344897478,115.1999969482422,1369700,0.96,23.31,134
2020-12-24,0.2517369125084379,115.48999786376952,1067800,0.94,21.53,137
2020-12-28,0.025975218505314146,115.5199966430664,2473200,0.94,21.7,136
2020-12-29,0.14716568843498035,115.69000244140624,2680800,0.94,23.08,135
2020-12-30,0.12965156307291892,115.83999633789062,1902200,0.93,22.77,136
2020-12-31,0.06043450140877926,115.91000366210938,1790600,0.93,22.75,132
2021-01-04,-0.5521585702892962,115.2699966430664,7154100,0.93,26.97,131
2021-01-05,0.06940386343761151,115.3499984741211,3575900,0.96,25.34,130
2021-01-06,-0.7195507950014446,114.5199966430664,4796000,1.04,25.07,128
2021-01-07,-0.03492253519484789,114.4800033569336,2780500,1.08,22.37,128
2021-01-08,0.05240876732566235,114.54000091552734,4835200,1.13,21.56,125
2021-01-11,-0.7857530283613801,113.63999938964844,4847500,1.15,24.08,129
2021-01-12,-0.47518560227705064,113.0999984741211,7312000,1.15,23.33,138
2021-01-13,0.46861077493129955,113.62999725341795,5885000,1.1,22.21,135
2021-01-14,-0.2904111675055332,113.3000030517578,4375200,1.15,23.25,131
2021-01-15,0.11473720204455695,113.43000030517578,2748100,1.11,24.34,134
2021-01-19,0.14105266004089678,113.58999633789062,4028400,1.1,23.24,134
2021-01-20,0.11445099656997026,113.72000122070312,3085500,1.1,21.58,134
2021-01-21,0.07034983309524012,113.8000030517578,2646800,1.12,21.32,133
2021-01-22,0.04393270740121746,113.8499984741211,2056700,1.1,21.91,131
2021-01-25,0.3952609430548204,114.3000030517578,2804700,1.05,23.19,133
2021-01-26,-0.13123492727377117,114.1500015258789,3185400,1.05,23.02,132
2021-01-27,-0.4643002822708686,113.62000274658205,4735800,1.04,37.21,133
2021-01-28,0.21122853192039326,113.86000061035156,4140000,1.07,30.21,131
2021-01-29,-0.008784591759047888,113.8499984741211,4655400,1.11,33.09,128
2021-02-01,0.1756737640028705,114.0500030517578,4772900,1.09,30.24,131
2021-02-02,0.0,114.0500030517578,5958300,1.12,25.56,130
2021-02-03,-0.25427523697277854,113.76000213623048,2827000,1.15,22.91,132
2021-02-04,0.29007928574489306,114.08999633789062,3177400,1.15,21.77,137
2021-02-05,0.11394941448457097,114.22000122070312,3336800,1.19,20.87,135
2021-02-08,0.0,114.22000122070312,5153500,1.19,21.24,136
2021-02-09,-0.35895960228290447,113.80999755859376,2742400,1.18,21.63,135
2021-02-10,0.2020941585691327,114.04000091552734,1984400,1.15,21.99,137
2021-02-11,0.06138170314122782,114.11000061035156,3366600,1.16,21.25,134
2021-02-12,-0.5520964420718921,113.4800033569336,6524400,1.2,19.97,133
2021-02-16,-1.2248915914030434,112.08999633789062,8498000,1.3,21.46,136
2021-02-17,0.5531294199645265,112.70999908447266,6065900,1.29,21.5,136
2021-02-18,-0.10647036425942558,112.58999633789062,2652400,1.29,22.49,138
2021-02-19,-0.5329056698078816,111.98999786376952,4524200,1.34,22.05,137
2021-02-22,-0.6786271286123413,111.2300033569336,5033900,1.37,23.45,141
2021-02-23,0.1168724710012059,111.36000061035156,7176400,1.37,23.11,145
2021-02-24,0.15265640087425147,111.52999877929688,5420300,1.38,21.34,145
2021-02-25,-1.7842713938403865,109.54000091552734,9819200,1.54,28.89,147
2021-02-26,0.4473232240954639,110.02999877929688,8060000,1.44,27.95,164
2021-03-01,0.2363011352494837,110.29000091552734,5013500,1.45,23.35,159
2021-03-02,-0.06346875894744919,110.22000122070312,5862300,1.42,24.1,165
2021-03-03,-0.5988057111229517,109.55999755859376,5171300,1.47,26.67,166
2021-03-04,-0.8579726478261329,108.62000274658205,8697800,1.54,28.57,170
2021-03-05,-0.01841674825550088,108.5999984741211,12208400,1.56,24.66,178
2021-03-08,-1.7311208838239223,106.72000122070312,9895300,1.59,25.47,185
2021-03-09,1.1806616583752705,107.9800033569336,8196200,1.55,24.03,184
2021-03-10,0.9723980271536536,109.02999877929688,5711600,1.53,22.56,180
2021-03-11,0.7429125632050892,109.83999633789062,6994400,1.54,21.91,173
2021-03-12,-1.2563704474031545,108.45999908447266,5986400,1.64,20.69,166
2021-03-15,0.6546183758674884,109.16999816894533,3879300,1.62,20.03,166
2021-03-16,0.3480854531337396,109.5500030517578,4319300,1.62,19.79,160
2021-03-17,0.8397974836300781,110.47000122070312,9837300,1.63,19.23,159
2021-03-18,-1.3578346912509032,108.97000122070312,7538500,1.71,21.58,157
2021-03-19,0.29365852183125263,109.29000091552734,4752000,1.74,20.95,156
2021-03-22,0.21959727491907,109.52999877929688,4615900,1.69,18.88,160
2021-03-23,-0.3560662777275181,109.13999938964844,4658400,1.63,20.3,161
2021-03-24,0.21989908842923178,109.37999725341795,4270500,1.62,21.2,161
2021-03-25,-0.14627540385115934,109.22000122070312,3860500,1.63,19.81,162
2021-03-26,0.03662416689276249,109.26000213623048,1997500,1.67,18.86,160
2021-03-29,-0.5216910888520276,108.69000244140624,7379700,1.73,20.74,156
2021-03-30,0.04599817944639373,108.73999786376952,6058900,1.73,19.61,161
2021-03-31,0.1287469122666529,108.87999725341795,8844400,1.74,19.4,152
2021-04-01,0.468407557949746,109.38999938964844,7724400,1.69,17.33,152
2021-04-05,-0.11883833453083525,109.26000213623048,3134600,1.73,17.91,148
2021-04-06,0.33863729631467,109.62999725341795,3791300,1.67,18.12,148
2021-04-07,-0.34661795397071815,109.25,3194000,1.68,17.16,149
2021-04-08,0.5766565248676914,109.87999725341795,3091400,1.64,16.95,151
2021-04-09,-0.27302095910267665,109.58000183105467,5464200,1.67,16.69,152
2021-04-12,0.1642638274941044,109.76000213623048,2741200,1.69,16.91,159
2021-04-13,0.5284203629481343,110.33999633789062,3270400,1.64,16.65,164
2021-04-14,-0.09062758513683766,110.23999786376952,3239700,1.64,16.99,160
2021-04-15,1.2155333755912157,111.58000183105467,6935200,1.56,16.57,161
2021-04-16,-0.3226390073882923,111.22000122070312,3335900,1.59,16.25,157
2021-04-19,-0.07193115462742483,111.13999938964844,3153900,1.61,17.29,164
2021-04-20,-0.25193340006708365,110.86000061035156,2521400,1.58,18.68,175
2021-04-21,0.18942728063908731,111.06999969482422,1670000,1.57,17.5,181
2021-04-22,0.15305498281479313,111.23999786376952,1552400,1.57,18.71,188
2021-04-23,0.17080406783085422,111.43000030517578,1935100,1.58,17.33,180
2021-04-26,-0.45768835576927014,110.91999816894533,2746100,1.58,17.64,185
2021-04-27,-0.5409290335609551,110.31999969482422,3286000,1.63,17.56,181
2021-04-28,0.3353904528694329,110.69000244140624,4071600,1.63,17.28,177
2021-04-29,0.11744263307500447,110.81999969482422,3306300,1.65,17.61,170
2021-04-30,0.2887562675558897,111.13999938964844,3777200,1.65,18.61,165
2021-05-03,-0.44988303288273634,110.63999938964844,3258500,1.63,18.31,164
2021-05-04,0.09038184623348933,110.73999786376952,4239900,1.61,19.48,167
2021-05-05,0.13545379155908144,110.88999938964844,2036400,1.59,19.15,175
2021-05-06,0.1893760353760543,111.0999984741211,2512600,1.58,18.39,174
2021-05-07,0.45004501068148794,111.5999984741211,5003600,1.6,16.69,164
2021-05-10,-0.2240143399804495,111.3499984741211,2708300,1.63,19.66,159
2021-05-11,-0.2334999010268457,111.08999633789062,2550400,1.64,21.84,158
2021-05-12,-0.9091678280049309,110.08000183105467,5320800,1.69,27.59,157
2021-05-13,0.5178049467141621,110.6500015258789,3533200,1.66,23.13,155
2021-05-14,0.5241769751978209,111.2300033569336,3731600,1.63,18.81,154
2021-05-17,-0.05394694432914182,111.16999816894533,1495000,1.64,19.72,153
2021-05-18,-0.008990291446042686,111.16000366210938,1917800,1.64,21.34,152
2021-05-19,-0.46779799867727734,110.63999938964844,3791600,1.68,22.18,155
2021-05-20,0.6959546969529162,111.41000366210938,2877000,1.63,20.67,159
2021-05-21,-0.19746989809853455,111.19000244140624,1784100,1.63,20.15,164
2021-05-24,0.10791898062125771,111.30999755859376,1688000,1.61,18.4,172
2021-05-25,0.4851324475531271,111.8499984741211,2543400,1.56,18.84,174
2021-05-26,-0.008942455401805827,111.83999633789062,2000700,1.58,17.36,171
2021-05-27,-0.18776742788708667,111.62999725341795,2739000,1.61,16.74,170
2021-05-28,0.20604081572399569,111.86000061035156,3458600,1.58,16.76,169
2021-06-01,-0.1877338488528668,111.6500015258789,1936500,1.62,17.9,167
2021-06-02,0.15225988949576497,111.81999969482422,2728300,1.59,17.48,167
2021-06-03,-0.491864651456686,111.2699966430664,3296400,1.63,18.04,165
2021-06-04,0.665053936810911,112.01000213623048,2624700,1.56,16.42,167
2021-06-07,-0.22319435338992166,111.76000213623048,1554800,1.57,16.42,180
2021-06-08,0.3936961377965842,112.1999969482422,3897200,1.53,17.07,176
2021-06-09,0.3565076085192853,112.5999984741211,3847200,1.5,17.89,172
2021-06-10,0.1509752853010804,112.7699966430664,3290600,1.45,16.1,174
2021-06-11,0.11528321954641374,112.9000015258789,2102300,1.47,15.65,170
2021-06-14,-0.6023031851066118,112.22000122070312,4677300,1.51,16.39,169
2021-06-15,0.22277668622399105,112.47000122070312,7737400,1.51,17.02,169
2021-06-16,-0.8535601263031989,111.51000213623048,6415100,1.57,18.15,169
2021-06-17,0.3945787853848248,111.9499969482422,5237800,1.52,17.75,170
2021-06-18,0.28584162889451203,112.2699966430664,6615000,1.45,20.7,174
2021-06-21,-0.0623494227462662,112.1999969482422,2978500,1.5,17.89,174
2021-06-22,-0.04455920117926171,112.1500015258789,2929800,1.48,16.66,170
2021-06-23,0.11591373308004194,112.27999877929688,2097600,1.5,16.32,168
2021-06-24,0.03562603844160517,112.31999969482422,2504200,1.49,15.97,167
2021-06-25,-0.16916171823584403,112.12999725341795,3713000,1.54,15.62,163
2021-06-28,0.18728180648936998,112.33999633789062,3114800,1.49,15.76,165
2021-06-29,-0.02670356086413861,112.30999755859376,3136500,1.49,16.02,164
2021-06-30,0.1335602610093911,112.45999908447266,9725700,1.45,15.83,163
2021-07-01,-0.41792746267951264,111.98999786376952,5653200,1.48,15.48,163
2021-07-02,0.11608615527494148,112.12000274658205,3669100,1.44,15.07,166
2021-07-06,0.1159447469081698,112.25,4849800,1.37,16.44,166
2021-07-07,0.14254223795935328,112.41000366210938,3602700,1.33,16.2,167
2021-07-08,-0.2046111106133841,112.18000030517578,3741600,1.3,19.0,167
2021-07-09,-0.0267416466529391,112.1500015258789,3386300,1.37,16.18,163
2021-07-12,0.06241613363515697,112.22000122070312,3274900,1.38,16.17,163
2021-07-13,-0.3564440576793615,111.81999969482422,5184100,1.42,17.12,160
2021-07-14,0.4292643160826337,112.3000030517578,3359300,1.37,16.33,161
2021-07-15,0.31166381532492515,112.6500015258789,4205600,1.31,17.01,165
2021-07-16,-0.13315714500407028,112.5,2693000,1.31,18.45,163
2021-07-19,0.01777479383680003,112.5199966430664,4850000,1.19,22.5,171
2021-07-20,0.2755111955536682,112.83000183105467,5233900,1.23,19.73,169
2021-07-21,-0.38110458051717755,112.4000015258789,4152700,1.3,17.91,169
2021-07-22,0.2224199258061832,112.6500015258789,2874000,1.27,17.69,173
2021-07-23,0.008878949041268847,112.66000366210938,2527700,1.3,17.2,172
2021-07-26,-0.2751688069512648,112.3499984741211,3296000,1.29,17.58,173
2021-07-27,-0.2670186261127472,112.0500030517578,4321800,1.25,19.36,179
2021-07-28,0.249887346426525,112.33000183105467,3771700,1.26,18.31,182
2021-07-29,0.08902205331706714,112.43000030517578,2915700,1.28,17.7,187
2021-07-30,0.2668354095379355,112.7300033569336,6666600,1.24,18.24,197
2021-08-02,-0.17741911796405052,112.52999877929688,6646600,1.2,19.46,193
2021-08-03,0.044435308184676,112.58000183105467,3001200,1.19,18.04,187
2021-08-04,0.044408795123573874,112.62999725341795,3663100,1.19,17.97,186
2021-08-05,-0.0621501345389297,112.55999755859376,1716000,1.23,17.28,182
2021-08-06,-0.533047696459632,111.95999908447266,6417800,1.31,16.15,179
2021-08-09,-0.3304776255873887,111.58999633789062,4868500,1.33,16.72,179
2021-08-10,-0.017919745248362595,111.56999969482422,2832900,1.36,16.79,183
2021-08-11,0.06274060680799831,111.63999938964844,4094700,1.35,16.06,184
2021-08-12,0.13436181180490614,111.79000091552734,2356600,1.36,15.59,183
2021-08-13,0.47410213342546914,112.31999969482422,3617000,1.29,15.45,188
2021-08-16,0.017803279131700656,112.33999633789062,2098900,1.26,16.12,189
2021-08-17,-0.0890141333282024,112.23999786376952,3205500,1.26,17.91,188
2021-08-18,-0.08018205595463623,112.1500015258789,2362400,1.27,21.57,187
2021-08-19,0.09808346754787145,112.26000213623048,1829100,1.24,21.67,187
2021-08-20,-0.1425295377379565,112.0999984741211,4432600,1.26,18.56,185
2021-08-23,0.37466384894042637,112.5199966430664,3305400,1.25,17.15,185
2021-08-24,0.06221089309685901,112.58999633789062,1994800,1.29,17.22,179
2021-08-25,-0.07104912004799457,112.51000213623048,1684100,1.35,16.79,174
2021-08-26,-0.15998604724748455,112.33000183105467,2477300,1.34,18.84,178
2021-08-27,0.640969650998513,113.0500030517578,4964400,1.31,16.39,178
2021-08-30,0.26536524923925775,113.3499984741211,2226400,1.29,16.19,177
2021-08-31,0.0352897362733362,113.38999938964844,5386200,1.3,16.48,175
2021-09-01,-0.1322881441805701,113.23999786376952,5756700,1.31,16.11,175
2021-09-02,0.27375944351502035,113.5500030517578,3752800,1.29,16.41,178
2021-09-03,-0.32585005428257263,113.18000030517578,4474200,1.33,16.41,175
2021-09-07,-0.27389782449007694,112.87000274658205,3497900,1.38,18.14,171
2021-09-08,0.17719229500792189,113.06999969482422,3241000,1.35,17.96,174
2021-09-09,0.16803965854699232,113.26000213623048,4375000,1.3,18.8,175
2021-09-10,-0.3178532611349927,112.9000015258789,3135900,1.35,20.95,172
2021-09-13,0.13286228861963956,113.0500030517578,3367200,1.33,19.37,174
2021-09-14,0.19459848329936857,113.2699966430664,2110100,1.28,19.46,178
2021-09-15,-0.01765396279600484,113.25,2088400,1.31,18.18,174
2021-09-16,-0.3355384136140893,112.87000274658205,4144800,1.34,18.69,172
2021-09-17,-0.3278131811627394,112.5,4562500,1.37,20.81,169
2021-09-20,-0.46221923828124734,111.9800033569336,8051500,1.31,25.71,177
2021-09-21,0.18753266491988718,112.19000244140624,3619900,1.33,24.36,175
2021-09-22,0.06239387940187857,112.26000213623048,4988400,1.32,20.87,175
2021-09-23,-0.7660792748854117,111.4000015258789,8424200,1.41,18.63,169
2021-09-24,-0.412925563888622,110.94000244140624,5935900,1.47,17.75,170
2021-09-27,-0.2974597293964987,110.61000061035156,5592000,1.48,18.76,172
2021-09-28,-0.5695662688198322,109.9800033569336,6043600,1.54,23.25,173
2021-09-29,0.09092423265031346,110.08000183105467,5891000,1.55,22.56,175
2021-09-30,-0.018172485581546827,110.05999755859376,5882900,1.52,23.14,180
2021-10-01,-0.3361758362665279,109.69000244140624,8394300,1.48,21.15,186
2021-10-04,-0.48317874692360707,109.16000366210938,11547300,1.49,22.96,186
2021-10-05,0.06412577178074308,109.2300033569336,6736600,1.54,21.3,183
2021-10-06,-0.21056792993222606,109.0,9146900,1.53,21.0,185
2021-10-07,0.11009426291930247,109.12000274658205,5635700,1.58,19.54,173
2021-10-08,-0.2474379267456639,108.8499984741211,4164900,1.61,18.77,171
2021-10-11,-0.27560443414670344,108.5500030517578,1997500,1.6,20.0,171
2021-10-12,0.32243064420203194,108.9000015258789,5427200,1.59,19.85,174
2021-10-13,0.6336040425561906,109.58999633789062,6229200,1.56,18.64,173
2021-10-14,0.42887237558983937,110.05999755859376,6519200,1.52,16.86,170
2021-10-15,-0.11811489760280569,109.93000030517578,6233700,1.59,16.3,170
2021-10-18,-0.32748167866112343,109.56999969482422,6353300,1.59,16.31,172
2021-10-19,-0.07301435728531702,109.48999786376952,5955600,1.65,15.7,165
2021-10-20,0.05480426446162756,109.5500030517578,4268100,1.65,15.49,162
2021-10-21,-0.4290289435054273,109.08000183105467,8084000,1.68,15.01,161
2021-10-22,0.3942063604305712,109.51000213623048,6091900,1.66,15.43,161
2021-10-25,0.07304739302318453,109.58999633789062,4612800,1.64,15.24,159
2021-10-26,0.20987623379824516,109.81999969482422,3541700,1.63,15.98,164
2021-10-27,0.5918790090012616,110.47000122070312,7438500,1.54,16.98,166
2021-10-28,-0.1900960280185826,110.26000213623048,6509900,1.57,16.53,171
2021-10-29,-0.3355729543020436,109.88999938964844,6552600,1.55,16.26,181
2021-11-01,-0.6005969937033395,109.2300033569336,9179200,1.58,16.41,181
2021-11-02,0.12816935397408358,109.37000274658205,3496000,1.56,16.03,183
2021-11-03,-0.15544097473761953,109.1999969482422,5427500,1.6,15.1,175
2021-11-04,0.7234440820559351,109.98999786376952,6439700,1.53,15.44,179
2021-11-05,0.7546157352259497,110.81999969482422,8755800,1.45,16.48,182
2021-11-08,-0.0902350427688714,110.72000122070312,5875300,1.51,17.22,173
2021-11-09,0.18063307987463695,110.91999816894533,3725500,1.46,17.78,176
2021-11-10,-1.4605077027859958,109.3000030517578,12496500,1.56,18.73,172
2021-11-11,0.0,109.3000030517578,4485300,1.57,17.66,172
2021-11-12,0.256174539322096,109.58000183105467,4477400,1.58,16.29,173
2021-11-15,-0.264647664429174,109.29000091552734,4157800,1.63,16.49,171
2021-11-16,-0.22874919746156408,109.04000091552734,3689500,1.63,16.37,171
2021-11-17,0.1100538752517144,109.16000366210938,4397400,1.6,17.11,174
2021-11-18,0.2565030871229723,109.44000244140624,6348500,1.59,17.59,174
2021-11-19,-0.027411164681689915,109.41000366210938,6923900,1.54,17.91,177
2021-11-22,-1.0328167854762982,108.27999877929688,6330400,1.63,19.17,174
2021-11-23,-0.6280017665698412,107.5999984741211,7929400,1.67,19.38,178
2021-11-24,0.15799086557255482,107.7699966430664,6138800,1.64,18.58,184
2021-11-26,-1.1134796192084573,106.56999969482422,7474000,1.48,28.62,203
2021-11-29,0.8632806339305743,107.48999786376952,8511300,1.52,22.96,196
2021-11-30,-0.018603259339289302,107.47000122070312,8287600,1.43,27.19,194
2021-12-01,0.3628913978027448,107.86000061035156,11077400,1.43,31.12,188
2021-12-02,0.5933611960196927,108.5,6419400,1.44,27.95,185
2021-12-03,0.12903169552851423,108.63999938964844,5562500,1.35,30.67,191
2021-12-06,0.09204572411900536,108.73999786376952,5079500,1.43,27.18,184
2021-12-07,0.5333840743507512,109.31999969482422,5701800,1.48,21.89,175
2021-12-08,-0.14635568346276218,109.16000366210938,5153900,1.52,19.9,170
2021-12-09,-0.06413276096568499,109.08999633789062,4640100,1.49,21.58,169
2021-12-10,0.018337403183132928,109.11000061035156,4148900,1.48,18.69,169
2021-12-13,0.41242502586835705,109.55999755859376,4684400,1.42,20.31,173
2021-12-14,-0.25556661695537164,109.27999877929688,6808200,1.44,21.89,171
2021-12-15,-0.3202767917557803,108.93000030517578,10297700,1.47,19.29,170
2021-12-16,-0.23868735472508673,108.66999816894533,4734900,1.44,20.57,173
2021-12-17,-0.17483649140801472,108.4800033569336,5209800,1.41,21.57,174
2021-12-20,-0.5346624383355647,107.9000015258789,6982200,1.43,22.87,175
2021-12-21,0.2965706119544942,108.22000122070312,5202800,1.48,21.01,173
2021-12-22,0.1108807206006146,108.33999633789062,2978900,1.46,18.63,176
2021-12-23,0.14768660468693628,108.5,2573300,1.5,17.96,172
2021-12-27,0.3686650008100534,108.9000015258789,3472600,1.48,17.68,173
2021-12-28,-0.09182596209362792,108.8000030517578,2277500,1.49,17.54,171
2021-12-29,-0.10110349932548335,108.69000244140624,2931200,1.55,16.95,166
2021-12-30,0.46921933515540193,109.1999969482422,3857000,1.52,17.33,169
2021-12-31,-0.1282045728579928,109.05999755859376,2557400,1.52,17.22,170
2022-01-03,-0.9902752850144969,107.9800033569336,7038900,1.63,16.6,162
2022-01-04,-0.05557064838191961,107.91999816894533,5048300,1.66,16.91,165
2022-01-05,-0.9544095596484947,106.88999938964844,7721100,1.71,19.73,167
2022-01-06,-0.09355269407063105,106.79000091552734,8509900,1.73,19.61,176
2022-01-07,-0.19664676718074148,106.58000183105467,6154800,1.76,18.76,177
2022-01-10,-0.33777500860077136,106.22000122070312,7931400,1.78,19.4,180
2022-01-11,0.20711845055056965,106.44000244140624,7766000,1.75,18.41,181
2022-01-12,-0.2066903566863565,106.22000122070312,5497000,1.74,17.62,179
2022-01-13,-0.338919794967385,105.86000061035156,7146100,1.7,20.31,180
2022-01-14,-0.8785190816301913,104.93000030517578,8349900,1.78,19.19,176
2022-01-18,-0.9244269683427064,103.95999908447266,9744600,1.87,22.79,177
2022-01-19,0.6733403076196076,104.66000366210938,9557500,1.83,23.85,177
2022-01-20,0.3535210244995035,105.02999877929688,7904600,1.83,25.59,175
2022-01-21,0.5331786776180847,105.58999633789062,8765600,1.75,28.85,180
2022-01-24,-0.6724113165045065,104.87999725341795,14850600,1.75,29.9,179
2022-01-25,0.1525587970056641,105.04000091552734,6197500,1.78,31.16,177
2022-01-26,-0.5236129540784562,104.48999786376952,10195900,1.85,31.96,174
2022-01-27,0.5646511430255519,105.08000183105467,7410800,1.81,30.49,182
2022-01-28,0.31404817786857553,105.41000366210938,7223200,1.78,27.66,186
2022-01-31,-0.02846637667104357,105.37999725341795,4809900,1.79,24.83,186
2022-02-01,-0.0948932214152598,105.27999877929688,5899800,1.81,21.96,191
2022-02-02,0.455930245534919,105.76000213623048,7244800,1.78,22.09,190
2022-02-03,-0.8604421744784041,104.8499984741211,6752600,1.82,24.35,186
2022-02-04,-0.4768717284468149,104.3499984741211,9835900,1.93,23.22,186
2022-02-07,-0.11499292663359473,104.2300033569336,5035500,1.92,22.86,192
2022-02-08,-0.25904659288584764,103.95999908447266,6037700,1.96,21.44,192
2022-02-09,0.355908762832291,104.33000183105467,5457700,1.94,19.96,190
2022-02-10,-1.3131436044643285,102.95999908447266,9866500,2.03,23.91,188
2022-02-11,-0.5827491059210543,102.36000061035156,11060200,1.92,27.36,204
2022-02-14,0.38100760777934894,102.75,11158600,1.98,28.33,200
2022-02-15,0.37956144977950856,103.13999938964844,7384300,2.05,25.7,192
2022-02-16,0.2908697435845653,103.44000244140624,5539500,2.03,24.29,194
2022-02-17,-0.4640403573129004,102.95999908447266,10384200,1.97,28.11,198
2022-02-18,0.03885092840232307,103.0,7250700,1.92,27.75,203
2022-02-22,-1.2621388852017468,101.6999969482422,16308300,1.94,28.81,207
2022-02-23,-1.6814150794350002,99.98999786376952,14922100,1.99,31.02,210
2022-02-24,-1.0100955379676924,98.9800033569336,21996200,1.96,30.32,211
2022-02-25,1.202257801225226,100.16999816894533,15088800,1.97,27.59,205
2022-02-28,-0.9683550348749459,99.1999969482422,11971600,1.83,30.15,213
2022-03-01,-1.895158579892775,97.31999969482422,15640900,1.72,33.32,212
2022-03-02,-0.21578204390789724,97.11000061035156,15469300,1.86,30.74,207
2022-03-03,-0.4324973394146614,96.69000244140624,9996600,1.86,30.48,211
2022-03-04,-2.1512067210000763,94.61000061035156,9520700,1.74,31.98,224
2022-03-07,-0.782156071235196,93.87000274658205,6372900,1.78,36.45,226
2022-03-08,0.8735481738909812,94.69000244140624,10283000,1.86,35.13,225
2022-03-09,0.9715895503483729,95.61000061035156,10222200,1.94,32.45,217
2022-03-10,0.14642755857621204,95.75,7325500,1.98,30.23,214
2022-03-11,-0.7728437219524986,95.01000213623048,5711300,2.0,30.75,211
2022-03-14,-0.21050897078177533,94.80999755859376,5511300,2.14,31.77,206
2022-03-15,0.6012020984094146,95.37999725341795,7626000,2.15,29.83,207
2022-03-16,2.0444586221319394,97.33000183105467,13249500,2.19,26.67,207
2022-03-17,0.6370030879725208,97.9499969482422,8794700,2.2,25.67,194
2022-03-18,-0.40836539963933216,97.5500030517578,6990100,2.14,23.87,193
2022-03-21,-1.7529540342093974,95.83999633789062,7045800,2.32,23.53,190
2022-03-22,-0.17737706118639007,95.66999816894533,7197500,2.38,22.94,190
2022-03-23,0.08362269529198496,95.75,6127700,2.32,23.57,199
2022-03-24,0.3968639722380818,96.12999725341795,6757200,2.34,21.67,192
2022-03-25,-0.22885009632178654,95.91000366210938,4222800,2.48,20.81,183
2022-03-28,0.9696513817866181,96.83999633789062,8095700,2.46,19.63,184
2022-03-29,0.9810043510555255,97.79000091552734,9243600,2.41,18.9,179
2022-03-30,0.07158164860299188,97.86000061035156,4751900,2.35,19.33,175
2022-03-31,-0.10218523758164233,97.76000213623048,5240700,2.32,20.56,171
2022-04-01,-0.0306861483647336,97.7300033569336,8681300,2.39,19.63,172
2022-04-04,0.3888235346008573,98.11000061035156,5114000,2.42,18.57,166
2022-04-05,-1.6104391206047786,96.52999877929688,7746100,2.54,21.03,165
2022-04-06,-0.30042569066058844,96.23999786376952,7718500,2.61,22.1,165
2022-04-07,-0.29093805643388704,95.95999908447266,4554800,2.66,21.55,180
2022-04-08,-0.8649456429486446,95.12999725341795,5904700,2.72,21.16,191
2022-04-11,-1.1878453548229806,94.0,6380400,2.79,24.37,197
2022-04-12,0.37233880225648885,94.3499984741211,5625300,2.72,24.26,195
2022-04-13,0.25436975903647685,94.58999633789062,4503100,2.7,21.82,189
2022-04-14,-0.9303280341342646,93.70999908447266,6758600,2.83,22.7,181
2022-04-18,-0.0533512142265824,93.66000366210938,2539000,2.85,22.17,183
2022-04-19,-0.3950488277972619,93.29000091552734,4402100,2.93,21.37,185
2022-04-20,0.6860321399588587,93.93000030517578,3247600,2.85,20.32,193
2022-04-21,-0.9049275751724539,93.08000183105467,5492200,2.9,22.68,198
2022-04-22,-1.0636070838943024,92.08999633789062,8558800,2.9,28.21,203
2022-04-25,1.1727678075825088,93.16999816894533,9107500,2.81,27.02,207
2022-04-26,-0.6869157478010646,92.52999877929688,5247000,2.77,33.52,209
2022-04-27,-0.2701826470313695,92.27999877929688,5571400,2.82,31.6,207
2022-04-28,0.18421995144570769,92.4499969482422,4298700,2.85,29.99,215
2022-04-29,-1.698214977446899,90.87999725341795,8270000,2.89,33.4,218
2022-05-02,-0.946303517102276,90.0199966430664,6916200,2.99,32.34,228
2022-05-03,0.422133855791218,90.4000015258789,5186200,2.97,29.25,223
2022-05-04,1.714596677213076,91.9499969482422,9656000,2.93,25.42,222
2022-05-05,-1.5008127234574786,90.56999969482422,9182500,3.05,31.2,214
2022-05-06,-1.3470257533553243,89.3499984741211,6780900,3.12,30.19,211
2022-05-09,-0.8841644421025419,88.55999755859375,7282100,3.05,34.75,227
2022-05-10,0.4968410721952976,89.0,6853800,2.99,32.99,224
2022-05-11,0.43820156140272903,89.38999938964844,7871400,2.91,32.56,224
2022-05-12,0.06711887124219995,89.44999694824219,5886400,2.84,31.77,224
2022-05-13,-0.16768463007457157,89.30000305175781,5150200,2.93,28.87,216
2022-05-16,-0.537517738555271,88.81999969482422,4832700,2.88,27.47,217
2022-05-17,0.360278874041553,89.13999938964844,4366000,2.98,26.1,213
2022-05-18,-0.639443233932091,88.56999969482422,4977500,2.89,30.96,226
2022-05-19,0.5419480169216229,89.05000305175781,5067200,2.84,29.35,224
2022-05-20,0.6513129497851322,89.62999725341797,3836000,2.78,29.43,228
2022-05-23,0.06694766242001382,89.69000244140625,3635900,2.86,28.48,220
2022-05-24,0.8696607849982385,90.47000122070312,4470900,2.76,29.45,225
2022-05-25,0.8842659572996681,91.2699966430664,6416700,2.75,28.37,216
2022-05-26,0.3286984362791623,91.56999969482422,4621300,2.75,27.5,210
2022-05-27,0.16381077468474725,91.72000122070312,6038200,2.74,25.72,200
2022-05-31,-0.5124304562231452,91.25,7140700,2.85,26.19,194
2022-06-01,-0.5479452054794498,90.75,6394200,2.94,25.69,192
2022-06-02,0.969693943160288,91.62999725341795,5463100,2.92,24.72,195
2022-06-03,-0.6766289815253068,91.01000213623048,5257500,2.96,24.79,197
2022-06-06,-1.3185414234366033,89.80999755859375,5603500,3.04,25.07,196
2022-06-07,0.5901333857080804,90.33999633789062,4521000,2.98,24.02,198
2022-06-08,-0.985166510655644,89.44999694824219,5419800,3.03,23.96,197
2022-06-09,-0.8272754488719669,88.70999908447266,6635200,3.04,26.09,201
2022-06-10,-1.6796278651189045,87.22000122070312,9099400,3.15,27.75,201
2022-06-13,-2.648472284182257,84.91000366210938,11596600,3.43,34.02,214
2022-06-14,-0.0471097795337827,84.87000274658203,9132200,3.49,32.69,211
2022-06-15,2.9928135187077487,87.41000366210938,10108900,3.33,29.62,215
2022-06-16,-2.2194283950673355,85.47000122070312,10930700,3.28,32.95,223
2022-06-17,0.5381994593457895,85.93000030517578,7681200,3.25,31.13,223
2022-06-21,-0.2909344805215208,85.68000030517578,6653800,3.31,30.19,218
2022-06-22,0.15172415144133478,85.80999755859375,4419200,3.16,28.95,226
2022-06-23,0.6642579082175137,86.37999725341797,6705000,3.09,29.05,223
2022-06-24,0.12734500329845133,86.48999786376953,2827100,3.13,27.23,220
2022-06-27,-1.364319961060012,85.30999755859375,7757100,3.2,26.95,219
2022-06-28,-0.7619199567294954,84.66000366210938,5845000,3.2,28.36,233
2022-06-29,0.3661676649944434,84.97000122070312,5625600,3.1,28.16,238
2022-06-30,0.4119082842096278,85.31999969482422,5880200,2.98,28.71,235
2022-07-01,0.9728104008713823,86.1500015258789,6095200,2.88,26.7,235
2022-07-05,-0.789321292085543,85.47000122070312,4720100,2.82,27.54,238
2022-07-06,-0.8073036522188715,84.77999877929688,5243200,2.93,26.73,228
2022-07-07,0.29488087237510285,85.02999877929688,5542500,3.01,26.08,223
2022-07-08,-0.47042400519979877,84.62999725341797,3599100,3.09,24.64,222
2022-07-11,-0.8389449456634335,83.91999816894531,9389500,2.99,26.17,232
2022-07-12,-0.2859841146402031,83.68000030517578,7325900,2.96,27.29,240
2022-07-13,-0.40631449097178196,83.33999633789062,11472300,2.91,26.82,246
2022-07-14,-1.7518588296468018,81.87999725341797,10206900,2.96,26.4,250
2022-07-15,1.0014652202372742,82.69999694824219,6155800,2.93,24.23,252
2022-07-18,0.04836870254345538,82.73999786376953,7826400,2.96,25.3,245
2022-07-19,1.4624113073641976,83.94999694824219,6148300,3.01,24.5,238
2022-07-20,0.7861866421702057,84.61000061035156,6210000,3.04,23.88,234
2022-07-21,0.5554913335452882,85.08000183105469,7452400,2.91,23.11,242
2022-07-22,1.093089192713581,86.01000213623047,5028700,2.77,23.03,242
2022-07-25,0.06975649006346618,86.06999969482422,5464100,2.81,23.36,236
2022-07-26,-0.9294795568657643,85.2699966430664,6867700,2.81,24.69,233
2022-07-27,1.512842695335359,86.55999755859375,5732300,2.78,23.24,228
2022-07-28,1.2939033943755396,87.68000030517578,6680000,2.68,22.33,226
2022-07-29,0.38776954460224555,88.0199966430664,6618000,2.67,21.33,219
2022-08-01,0.056808740814418,88.06999969482422,4347000,2.6,22.84,223
2022-08-02,-1.4533879683572892,86.79000091552734,6272500,2.75,23.93,215
2022-08-03,1.9241826838678255,88.45999908447266,4489400,2.73,21.95,222
2022-08-04,0.21478910623184966,88.6500015258789,6175700,2.68,21.44,213
2022-08-05,-0.20304602603219424,88.47000122070312,5134400,2.83,21.15,209
2022-08-08,1.4807251503543561,89.77999877929688,7124400,2.77,21.29,210
2022-08-09,-1.6707507467085159,88.27999877929688,6196200,2.8,21.77,215
2022-08-10,1.7897619538993714,89.86000061035156,8858600,2.78,19.74,204
2022-08-11,-0.41175466733683885,89.48999786376953,10298400,2.87,20.2,195
2022-08-12,0.7598617961874998,90.16999816894533,6929200,2.84,19.53,200
2022-08-15,-0.18853074459069807,90.0,11595900,2.79,19.95,201
2022-08-16,-0.8666653103298616,89.22000122070312,9588300,2.82,19.69,205
2022-08-17,-1.0984121761098864,88.23999786376953,7841700,2.89,19.9,209
2022-08-18,-0.1133255627175811,88.13999938964844,4122100,2.88,19.56,208
2022-08-19,-1.5203044556045264,86.80000305175781,6266700,2.98,20.6,211
2022-08-22,-0.7373264598467988,86.16000366210938,5196500,3.03,23.8,218
2022-08-23,1.0561699095134047,87.06999969482422,5325700,3.05,24.11,214
2022-08-24,-0.09188219976465906,86.98999786376953,3069300,3.11,22.82,206
2022-08-25,1.0575995182579678,87.91000366210938,3939900,3.03,21.78,209
2022-08-26,-1.5584150716768996,86.54000091552734,4766200,3.04,25.56,212
2022-08-29,-0.6008831372309786,86.0199966430664,4392200,3.12,26.21,217
2022-08-30,-0.034874192591927144,85.98999786376953,4848200,3.11,26.21,219
2022-08-31,-0.8024128726050739,85.30000305175781,4062600,3.15,25.87,218
2022-09-01,-0.6096181170655024,84.77999877929688,8189300,3.26,25.56,219
2022-09-02,0.353860646470161,85.08000183105469,7373700,3.2,25.47,223
2022-09-06,-0.916782748601408,84.30000305175781,7778300,3.33,26.91,221
2022-09-07,1.5183852111025242,85.58000183105469,7897800,3.27,24.64,223
2022-09-08,0.035053492235359585,85.61000061035156,5656300,3.29,23.61,215
2022-09-09,0.6074017513831631,86.12999725341797,7071000,3.33,22.79,210
2022-09-12,-0.034829653144663464,86.0999984741211,4478500,3.37,23.87,202
2022-09-13,-1.5331007180226286,84.77999877929688,6781300,3.42,27.27,214
2022-09-14,-0.07076852967400349,84.72000122070312,5210000,3.41,26.16,225
2022-09-15,-0.07081864698921247,84.66000366210938,6520100,3.45,26.27,225
2022-09-16,-0.5433577769535014,84.19999694824219,5536100,3.45,26.3,231
2022-09-19,0.3562981741462856,84.5,4833500,3.49,25.76,229
2022-09-20,-0.9230754784578354,83.72000122070312,4509000,3.57,27.16,230
2022-09-21,-0.28666729607044195,83.4800033569336,7387000,3.51,27.99,226
2022-09-22,-0.6708255456026713,82.91999816894531,7297100,3.7,27.35,220
2022-09-23,-1.205981695709335,81.91999816894531,9751000,3.69,29.92,227
2022-09-26,-2.355957456438784,79.98999786376953,11960800,3.88,32.26,234
2022-09-27,-1.600198541668718,78.70999908447266,13911900,3.97,32.6,237
2022-09-28,2.4012189196191747,80.5999984741211,10066800,3.72,30.18,246
2022-09-29,-1.2655045438914048,79.58000183105469,8970900,3.76,31.84,248
2022-09-30,-0.22618786257119217,79.4000015258789,11578700,3.83,31.62,246
2022-10-03,1.0453423364030545,80.2300033569336,13613000,3.67,30.1,245
2022-10-04,1.882082068622326,81.73999786376953,9842100,3.62,29.07,229
2022-10-05,-1.4191290225479714,80.58000183105469,11026900,3.76,28.55,233
2022-10-06,-0.38471727592938043,80.2699966430664,8467700,3.83,30.52,233
2022-10-07,-1.3454519083419547,79.19000244140625,6037600,3.89,31.36,241
2022-10-10,-0.29044494234455875,78.95999908447266,2397800,3.91,32.45,241
2022-10-11,-0.07598475087311485,78.9000015258789,9676300,3.93,33.63,247
2022-10-12,-0.35487804040794657,78.62000274658203,6756800,3.91,33.57,254
2022-10-13,-0.30527281198103884,78.37999725341797,9200400,3.97,31.94,257
2022-10-14,-0.7399773181733127,77.80000305175781,8054800,4.0,32.02,256
2022-10-17,0.5526995993685446,78.2300033569336,7339800,4.02,31.37,252
2022-10-18,1.0609665934350199,79.05999755859375,9070600,4.01,30.5,249
2022-10-19,-1.4925377455283217,77.87999725341797,8645200,4.14,30.76,248
2022-10-20,-1.0143823104624916,77.08999633789062,6567000,4.24,29.98,250
2022-10-21,1.102615311836308,77.94000244140625,10789100,4.21,29.69,250
2022-10-24,-0.06415582523929819,77.88999938964844,7385800,4.25,29.85,238
2022-10-25,1.7332115607905818,79.23999786376953,9292400,4.1,28.46,235
2022-10-26,0.6562396346286414,79.76000213623047,7021500,4.04,27.28,232
2022-10-27,0.22567740766648026,79.94000244140625,6896000,3.96,27.39,235
2022-10-28,0.2501838155293701,80.13999938964844,4777500,4.02,25.75,224
2022-10-31,-1.5472895847434942,78.9000015258789,27070100,4.1,25.88,228
2022-11-01,1.4321891401324338,80.02999877929688,11197900,4.07,25.81,221
2022-11-02,-0.7622149439659442,79.41999816894531,8725500,4.1,25.86,221
2022-11-03,-0.3525545023323362,79.13999938964844,9378500,4.14,25.3,221
2022-11-04,1.6047564850335982,80.41000366210938,10249600,4.17,24.55,213
2022-11-07,-0.03731676075715562,80.37999725341797,4683100,4.22,24.35,201
2022-11-08,0.696697197217766,80.94000244140625,5413800,4.14,25.54,204
2022-11-09,-1.3466814114247438,79.8499984741211,11738800,4.12,26.09,211
2022-11-10,4.596115515437038,83.5199966430664,14982500,3.82,23.53,205
2022-11-11,-0.02394234179853294,83.5,6558300,3.8499999999999996,22.52,205
2022-11-14,-0.8502983047576684,82.79000091552734,9605600,3.88,23.73,196
2022-11-15,1.8842825719804557,84.3499984741211,19587600,3.8,24.54,195
2022-11-16,0.0,84.3499984741211,10058400,3.67,24.11,201
2022-11-17,-0.9010102548651977,83.58999633789062,6657500,3.77,23.93,202
2022-11-18,0.0,83.58999633789062,4390700,3.82,23.12,200
2022-11-21,0.011965709616790221,83.5999984741211,4628300,3.83,22.36,197
2022-11-22,1.0406731608390452,84.47000122070312,5782300,3.76,21.29,197
2022-11-23,0.6511133117262036,85.0199966430664,2946500,3.71,20.35,201
2022-11-25,0.4587238701976304,85.41000366210938,1722000,3.68,20.5,202
2022-11-28,-0.39808447805510516,85.06999969482422,5452400,3.69,22.21,198
2022-11-29,0.45844526983367384,85.45999908447266,4721800,3.75,21.89,190
2022-11-30,1.1350353745549713,86.43000030517578,5681500,3.68,20.58,193
2022-12-01,1.5851009391931958,87.80000305175781,13699700,3.53,19.84,196
2022-12-02,-0.4214154142613391,87.43000030517578,5625500,3.51,19.06,196
2022-12-05,-1.532659227505262,86.08999633789062,6933900,3.6,20.75,191
2022-12-06,-0.5459328740867186,85.62000274658203,6509200,3.51,22.17,199
2022-12-07,1.4482572109226322,86.86000061035156,6651200,3.42,22.68,201
2022-12-08,-0.18420868176958205,86.69999694824219,5667700,3.48,22.29,189
2022-12-09,-0.6920397868978911,86.0999984741211,6389800,3.57,22.83,180
2022-12-12,0.3716605116089511,86.41999816894531,5203800,3.61,25.0,185
2022-12-13,0.9604279664899851,87.25,10831800,3.51,22.55,185
2022-12-14,-0.14899398672546527,87.12000274658203,6368200,3.49,21.14,197
2022-12-15,-0.9182771195323403,86.31999969482422,6104000,3.44,22.83,203
2022-12-16,-0.5213124998066587,85.87000274658203,5663900,3.48,22.62,208
2022-12-19,-0.5473404048794372,85.4000015258789,5357500,3.57,22.42,208
2022-12-20,-0.5035132289142652,84.97000122070312,5477500,3.69,21.48,209
2022-12-21,1.3063441148699395,86.08000183105469,6668600,3.68,20.07,200
2022-12-22,-0.5111552416899645,85.63999938964844,4473700,3.67,21.97,198
2022-12-23,-0.5371311160100922,85.18000030517578,2268000,3.75,20.87,193
2022-12-27,-0.5987346024926898,84.66999816894531,2358600,3.84,21.65,191
2022-12-28,-0.3661244423026955,84.36000061035156,5823400,3.88,22.14,190
2022-12-29,0.7705091526506447,85.01000213623047,4332000,3.83,21.44,195
2022-12-30,-0.4940663307674953,84.58999633789062,2465700,3.88,21.67,194
2023-01-03,0.43740721432836693,84.95999908447266,6537900,3.79,22.9,200
2023-01-04,1.2241065521826355,86.0,6395700,3.69,22.01,208
2023-01-05,-0.9069753247638035,85.22000122070312,6627500,3.71,22.46,217
2023-01-06,1.771887015490492,86.7300033569336,8135400,3.55,21.13,215
2023-01-09,-0.19601728555248554,86.55999755859375,8375400,3.53,21.97,215
2023-01-10,-0.6238458072527209,86.0199966430664,8733300,3.61,20.58,214
2023-01-11,1.1392738841877081,87.0,21637000,3.54,21.09,213
2023-01-12,1.1839066428699807,88.02999877929688,11072000,3.43,18.83,205
2023-01-13,-0.23855400134578097,87.81999969482422,7729700,3.49,18.35,202
2023-01-17,0.10248686813700836,87.91000366210938,7286400,3.53,19.36,206
2023-01-18,1.1830204104303466,88.94999694824219,13413400,3.37,20.34,207
2023-01-19,-0.2810567831109334,88.69999694824219,10619900,3.39,20.52,211
2023-01-20,-0.22547571039814862,88.5,6131600,3.48,19.85,208
2023-01-23,-0.05650062345515794,88.44999694824219,4270800,3.52,19.81,207
2023-01-24,0.4409264026053572,88.83999633789062,6428700,3.46,19.2,210
2023-01-25,-0.06753440012036149,88.77999877929688,6291200,3.46,19.08,210
2023-01-26,0.0,88.77999877929688,5835000,3.49,18.73,202
2023-01-27,-0.19148250876632744,88.61000061035156,4154600,3.52,18.51,199
2023-01-30,-1.2752479919134085,87.4800033569336,6648700,3.55,19.94,204
2023-01-31,0.4915412536294683,87.91000366210938,10027600,3.52,19.4,206
2023-02-01,1.5356596722597704,89.26000213623047,8472000,3.39,17.87,207
2023-02-02,0.32489458725839526,89.55000305175781,14188400,3.4,18.73,197
2023-02-03,-1.3735380402194797,88.31999969482422,9056000,3.53,18.33,193
2023-02-06,-1.415307975904867,87.06999969482422,8997700,3.63,19.43,190
2023-02-07,0.09188219976465906,87.1500015258789,8378700,3.67,18.66,191
2023-02-08,-0.05737584725453715,87.0999984741211,7534900,3.63,19.63,195
2023-02-09,-0.6544198677495672,86.52999877929688,7788500,3.67,20.71,193
2023-02-10,-0.7742958261841792,85.86000061035156,10120200,3.74,20.53,196
2023-02-13,0.27952231780044023,86.0999984741211,6715100,3.72,20.34,196
2023-02-14,0.05807555475489945,86.1500015258789,13109600,3.77,18.91,190
2023-02-15,-0.29019152126759096,85.9000015258789,8657100,3.81,18.23,191
2023-02-16,-0.6519268661707378,85.33999633789062,8208900,3.86,20.17,186
2023-02-17,0.03516101473990396,85.37000274658203,8941400,3.82,20.02,192
2023-02-21,-1.5110704861480029,84.08000183105469,7284700,3.95,22.87,188
2023-02-22,0.39248551839683454,84.41000366210938,8897100,3.93,22.29,191
2023-02-23,1.5993346944102704,85.76000213623047,7930200,3.88,21.14,189
2023-02-24,-0.6879710268056338,85.16999816894531,5162400,3.95,21.67,188
2023-02-27,0.5048729768936111,85.5999984741211,6826400,3.92,20.95,190
2023-02-28,-0.42056146818787443,85.23999786376953,5695100,3.92,20.7,191
2023-03-01,-1.10276259452049,84.30000305175781,7304200,4.01,20.58,191
2023-03-02,-0.3677404232096504,83.98999786376953,8891400,4.08,19.59,192
2023-03-03,1.5358982597186266,85.27999877929688,6299900,3.97,18.49,191
2023-03-06,-0.3986823906629411,84.94000244140625,4664800,3.98,18.61,187
2023-03-07,-0.41206274247174157,84.58999633789062,6995000,3.97,19.59,190
2023-03-08,-0.4728619385283128,84.19000244140625,6783900,3.98,19.11,191
2023-03-09,0.02375180245459685,84.20999908447266,11879300,3.93,22.61,197
2023-03-10,0.9381319607127292,85.0,8826200,3.7,24.8,204
2023-03-13,-0.1647051642922781,84.86000061035156,14656800,3.55,26.52,209
2023-03-14,-0.2710385991978592,84.62999725341797,7247100,3.64,23.73,200
2023-03-15,0.366306508388492,84.94000244140625,11381500,3.51,26.14,214
2023-03-16,-0.42382929126932867,84.58000183105469,7268600,3.56,22.99,204
2023-03-17,-0.44928455259618527,84.19999694824219,20251600,3.39,25.51,214
2023-03-20,0.011879022081928703,84.20999908447266,9517700,3.47,24.15,211
2023-03-21,0.71250264890661,84.80999755859375,5544000,3.59,21.38,205
2023-03-22,0.8725451178710486,85.55000305175781,9077600,3.48,22.26,216
2023-03-23,0.3623583255820684,85.86000061035156,6410200,3.38,22.61,216
2023-03-24,-0.5474041665059826,85.38999938964844,4949900,3.38,21.74,215
2023-03-27,-0.42159575234193003,85.02999877929688,4239500,3.53,20.6,206
2023-03-28,-0.352811274456144,84.7300033569336,11901400,3.55,19.97,210
2023-03-29,0.4838853021021272,85.13999938964844,6385500,3.57,19.12,207
2023-03-30,0.6929809390589403,85.7300033569336,6493100,3.55,19.02,209
2023-03-31,0.6415436846227474,86.27999877929688,7196100,3.48,18.7,209
2023-04-03,-0.04636174790598746,86.23999786376953,6277000,3.43,18.55,205
2023-04-04,0.1391497559770194,86.36000061035156,4683200,3.35,19.0,210
2023-04-05,-0.20843018052758566,86.18000030517578,4970000,3.3,19.08,212
2023-04-06,-0.10443718608312835,86.08999633789062,3563700,3.3,18.4,211
2023-04-10,-0.5227052705125135,85.63999938964844,4056100,3.41,18.97,205
2023-04-11,0.10509571219827762,85.7300033569336,4433000,3.43,19.1,204
2023-04-12,0.2916131928271781,85.9800033569336,4639100,3.41,19.09,204
2023-04-13,0.1046712425876617,86.06999969482422,2987600,3.45,17.8,201
2023-04-14,-0.20913245708609196,85.88999938964844,4158300,3.52,17.07,198
2023-04-17,-0.6403574987382088,85.33999633789062,6169600,3.6,16.95,197
2023-04-18,-0.02343173649461683,85.31999969482422,4666100,3.58,16.83,198
2023-04-19,-0.4805391868041853,84.91000366210938,5465800,3.6,16.46,200
2023-04-20,-0.11777894147030343,84.80999755859375,6161300,3.54,17.17,203
2023-04-21,0.011793581556895916,84.81999969482422,2954900,3.57,16.77,199
2023-04-24,0.2711664203738806,85.05000305175781,4877100,3.52,16.89,200
2023-04-25,0.611401086899388,85.56999969482422,4325800,3.4,18.76,201
2023-04-26,-0.26878971339707736,85.33999633789062,5070500,3.43,18.84,197
2023-04-27,0.023440676493269308,85.36000061035156,3661100,3.53,17.03,193
2023-04-28,0.9254930996703159,86.1500015258789,7019700,3.44,15.78,193
2023-05-01,-1.392924615649882,84.94999694824219,7072300,3.59,16.08,187
2023-05-02,0.4237794270562478,85.30999755859375,4142900,3.44,17.78,199
2023-05-03,0.31649780821467743,85.58000183105469,3694700,3.38,18.34,201
2023-05-04,-0.5024541902028168,85.1500015258789,6763800,3.37,20.09,201
2023-05-05,0.2818530351953008,85.38999938964844,4066400,3.44,17.19,201
2023-05-08,-0.39816880234319063,85.05000305175781,3406100,3.52,16.98,198
2023-05-09,-0.04703223291244729,85.01000213623047,3094500,3.53,17.71,197
2023-05-10,0.5528775542787745,85.4800033569336,3712700,3.43,16.94,199
2023-05-11,0.31585942028919956,85.75,3556600,3.39,16.93,199
2023-05-12,-0.6297386769998137,85.20999908447266,5072200,3.46,17.03,198
2023-05-15,-0.434224563498975,84.83999633789062,4737000,3.5,17.12,199
2023-05-16,-0.38896065052371753,84.51000213623047,2822800,3.54,17.99,198
2023-05-17,0.011826418865568122,84.5199966430664,4034600,3.57,16.87,199
2023-05-18,-0.40226733482545685,84.18000030517578,4421200,3.65,16.05,195
2023-05-19,-0.011881843899030908,84.16999816894531,4407400,3.7,16.81,194
2023-05-22,-0.011874191580563132,84.16000366210938,3578900,3.72,17.21,195
2023-05-23,0.118819474536358,84.26000213623047,3190700,3.7,18.53,199
2023-05-24,-0.16615165689419786,84.12000274658203,4770700,3.73,20.03,198
2023-05-25,-0.26153258858763184,83.9000015258789,4019000,3.83,19.14,194
2023-05-26,0.41716146335604165,84.25,4146700,3.8,17.95,196
2023-05-30,0.7596431924610458,84.88999938964844,4482100,3.69,17.46,197
2023-05-31,-0.1295801756890813,84.77999877929688,4623600,3.64,17.94,200
2023-06-01,0.2476988529090951,84.98999786376953,9882600,3.61,15.65,195
2023-06-02,-0.15295594385864586,84.86000061035156,4724100,3.69,14.6,186
2023-06-05,0.32995377949918137,85.13999938964844,6430300,3.69,14.73,192
2023-06-06,0.17618220220136926,85.29000091552734,3854300,3.7,13.96,191
2023-06-07,-0.5862351912684471,84.79000091552734,3861300,3.79,13.94,187
2023-06-08,0.5660994484683046,85.2699966430664,4117700,3.73,13.65,188
2023-06-09,-0.11727275484679778,85.16999816894531,3415200,3.75,13.83,186
2023-06-12,0.5518389465863471,85.63999938964844,5517600,3.73,15.01,185
2023-06-13,-0.15179501908506587,85.51000213623047,3637300,3.84,14.61,178
2023-06-14,0.21050204733830125,85.69000244140625,3561100,3.83,13.88,180
2023-06-15,0.5134727500008873,86.12999725341797,5592400,3.72,14.5,182
2023-06-16,-0.3947478796385684,85.79000091552734,2511600,3.77,13.54,178
2023-06-20,0.046626547500250304,85.83000183105469,3889800,3.74,13.88,179
2023-06-21,0.5242886387535561,86.27999877929688,11177200,3.72,13.2,178
2023-06-22,-0.3824777882749264,85.94999694824219,3848200,3.8,12.91,172
2023-06-23,0.11635381857646454,86.05000305175781,2917300,3.74,13.44,175
2023-06-26,0.3137671510644813,86.31999969482422,3700900,3.72,14.25,176
2023-06-27,0.0,86.31999969482422,4381300,3.77,13.74,174
2023-06-28,0.06950597637380707,86.37999725341797,4503600,3.71,13.43,178
2023-06-29,-0.5325296354468878,85.91999816894531,4319000,3.85,13.54,174
2023-06-30,0.7216047018098415,86.54000091552734,4943300,3.81,13.59,172
2023-07-03,-0.20799665272881462,86.36000061035156,5083100,3.86,13.57,168
2023-07-05,-0.5094979600469229,85.91999816894531,5234100,3.95,14.18,163
2023-07-06,-1.4315593037147356,84.69000244140625,7823100,4.05,15.44,165
2023-07-07,-0.11808489860986038,84.58999633789062,5414500,4.06,14.83,167
2023-07-10,0.42558296008614604,84.94999694824219,3788700,4.01,15.07,168
2023-07-11,0.6356691405843717,85.48999786376953,5984500,3.99,14.84,166
2023-07-12,1.1931270300022057,86.51000213623047,4950600,3.86,13.54,170
2023-07-13,1.086573562362747,87.44999694824219,6892500,3.76,13.61,170
2023-07-14,-0.5831841333714172,86.94000244140625,3907100,3.83,13.34,169
2023-07-17,0.14952524702951386,87.06999969482422,2214500,3.81,13.48,169
2023-07-18,0.49385587077399595,87.5,5535800,3.8,13.3,168
2023-07-19,-0.27428327287946086,87.26000213623047,6555500,3.75,13.76,173
2023-07-20,-0.6073788291563909,86.7300033569336,6902800,3.85,13.99,172
2023-07-21,0.31130708245823424,87.0,6036800,3.84,13.6,173
2023-07-24,0.19540019419002075,87.16999816894531,5910100,3.86,13.91,173
2023-07-25,-0.12619090588755766,87.05999755859375,3301300,3.91,13.86,175
2023-07-26,0.3216158823211801,87.33999633789062,3514400,3.86,13.19,173
2023-07-27,-0.950302537739034,86.51000213623047,6565000,4.01,14.41,165
2023-07-28,1.2137271950471318,87.55999755859375,4310300,3.96,13.33,169
2023-07-31,0.1370520213887838,87.68000030517578,4705600,3.97,13.63,163
2023-08-01,-1.3914247450465766,86.45999908447266,8951300,4.05,13.93,162
2023-08-02,-0.7170977945260892,85.83999633789062,8745800,4.08,16.09,163
2023-08-03,-0.850414443944747,85.11000061035156,7354000,4.2,15.92,162
2023-08-04,1.3276903364051185,86.23999786376953,6336600,4.05,17.1,168
2023-08-07,-0.32467391724566586,85.95999908447266,2721200,4.09,15.77,165
2023-08-08,0.25593441489795143,86.18000030517578,4013300,4.02,15.99,165
2023-08-09,0.20886551930654473,86.36000061035156,3013000,4.0,15.96,160
2023-08-10,-0.3821234700351894,86.02999877929688,4229100,4.09,15.85,159
2023-08-11,-0.23247349887248747,85.83000183105469,4950500,4.16,14.84,162
2023-08-14,-0.8039175424514489,85.13999938964844,4343600,4.19,14.82,167
2023-08-15,-0.8456674017672916,84.41999816894531,8907200,4.21,16.46,167
2023-08-16,-0.18952385238703018,84.26000213623047,6894600,4.28,16.78,172
2023-08-17,-0.08307582844709893,84.19000244140625,6233600,4.3,17.89,175
2023-08-18,-0.02376086456923332,84.16999816894531,4198800,4.26,17.3,173
2023-08-21,-0.49898797443513887,83.75,5360900,4.34,17.13,173
2023-08-22,0.2746308739505654,83.9800033569336,5616800,4.34,16.97,174
2023-08-23,1.6075237201209625,85.33000183105469,5303800,4.19,15.98,172
2023-08-24,-0.679716182595469,84.75,5073700,4.23,17.2,172
2023-08-25,0.1533890895787149,84.87999725341797,4679700,4.25,15.68,171
2023-08-28,0.31810117954504946,85.1500015258789,3304400,4.2,15.08,169
2023-08-29,1.033467102347041,86.02999877929688,5650000,4.12,14.45,164
2023-08-30,-0.2673436368738069,85.80000305175781,3956700,4.12,13.88,164
2023-08-31,-0.09324222401999593,85.72000122070312,3925100,4.09,13.57,160
2023-09-01,-0.664955304137993,85.1500015258789,5214400,4.18,13.09,160
2023-09-05,-0.9747525733190154,84.31999969482422,5055600,4.27,14.01,167
2023-09-06,-0.1541713162813818,84.19000244140625,5023300,4.3,14.45,169
2023-09-07,0.5345016453175422,84.63999938964844,3756900,4.27,14.4,169
2023-09-08,0.08270285364957441,84.70999908447266,3568000,4.26,13.84,171
2023-09-11,-0.1534615214531354,84.58000183105469,2913700,4.29,13.8,175
2023-09-12,0.07093586816608877,84.63999938964844,2630600,4.27,14.23,175
2023-09-13,0.05907733000756199,84.69000244140625,3380600,4.25,13.48,172
2023-09-14,0.03542186613778586,84.72000122070312,5665500,4.29,12.82,171
2023-09-15,-0.33049902651376417,84.44000244140625,5196300,4.33,13.79,174
2023-09-18,0.059208219940520834,84.48999786376953,2504100,4.32,14.0,170
2023-09-19,-0.11835539904063719,84.38999938964844,3252200,4.37,14.11,166
2023-09-20,-0.08294785558773388,84.31999969482422,5410200,4.35,15.14,166
2023-09-21,-1.0080627101487827,83.47000122070312,9740000,4.49,17.54,169
2023-09-22,0.4073275822671141,83.80999755859375,4928300,4.44,17.2,166
2023-09-25,-0.572718937503236,83.33000183105469,5234100,4.55,16.9,168
2023-09-26,-0.660030048808713,82.77999877929688,12528200,4.56,18.94,171
2023-09-27,-0.4348883977533968,82.41999816894531,8379700,4.61,18.22,176
2023-09-28,0.23052953849473923,82.61000061035156,9125200,4.59,17.34,174
2023-09-29,-0.10895044984889912,82.5199966430664,6968200,4.59,17.52,174
2023-10-02,-1.514784356338228,81.2699966430664,9072800,4.69,17.61,179
2023-10-03,-1.119719540178521,80.36000061035156,8120300,4.81,19.78,182
2023-10-04,0.4728686542207594,80.73999786376953,8236500,4.73,18.58,183
2023-10-05,-0.037154793275440134,80.70999908447266,4510100,4.72,18.49,179
2023-10-06,0.03716860319311621,80.73999786376953,7133400,4.78,17.45,179
2023-10-09,0.49541929212559843,81.13999938964844,3437800,4.720000000000001,17.7,179
2023-10-10,0.16021352525983357,81.2699966430664,8594900,4.66,17.03,180
2023-10-11,0.8121123284993814,81.93000030517578,6297200,4.58,16.09,176
2023-10-12,-1.049677294212381,81.06999969482422,6076200,4.7,16.69,181
2023-10-13,0.28370958159542603,81.30000305175781,6175000,4.63,19.32,178
2023-10-16,-0.11070598266503806,81.20999908447266,4714200,4.71,17.21,178
2023-10-17,-0.4802356779277539,80.81999969482422,4325300,4.83,17.88,179
2023-10-18,-0.6434009465848933,80.30000305175781,6891700,4.91,19.22,179
2023-10-19,-0.7347496200029613,79.70999908447266,9761700,4.98,21.4,185
2023-10-20,0.5520040728390407,80.1500015258789,6853500,4.93,21.71,184
2023-10-23,0.5739227395075375,80.61000061035156,6475900,4.86,20.37,183
2023-10-24,0.79394539734845,81.25,5009200,4.83,18.97,178
2023-10-25,-0.7507699819711555,80.63999938964844,5211400,4.95,20.19,183
2023-10-26,0.39682502138671527,80.95999908447266,5260400,4.86,20.68,183
2023-10-27,0.049408246022353275,81.0,3549800,4.84,21.27,181
2023-10-30,0.2592581289785789,81.20999908447266,4727100,4.88,19.75,176
2023-10-31,-0.0246233755594627,81.19000244140625,5369200,4.88,18.14,183
2023-11-01,0.862171360011188,81.88999938964844,12803100,4.77,16.87,176
2023-11-02,1.00134290015379,82.70999908447266,9214200,4.67,15.66,174
2023-11-03,0.9793224127187861,83.5199966430664,9055000,4.57,14.91,178
2023-11-06,-0.8261432468208763,82.83000183105469,7707800,4.67,14.89,183
2023-11-07,0.3380402910867719,83.11000061035156,5946400,4.58,14.81,185
2023-11-08,0.1925111677774538,83.2699966430664,4679200,4.49,14.45,180
2023-11-09,-1.0207739983040698,82.41999816894531,6049700,4.62,15.29,181
2023-11-10,0.4367879378177397,82.77999877929688,5256700,4.61,14.17,183
2023-11-13,-0.5315323120254623,82.33999633789062,5480400,4.63,14.76,181
2023-11-14,1.7367019295308594,83.7699966430664,11433000,4.44,14.16,175
2023-11-15,-0.6207433017838659,83.25,5009800,4.53,14.18,178
2023-11-16,0.8288317614489449,83.94000244140625,6221400,4.45,14.32,177
2023-11-17,0.3216543188152565,84.20999908447266,6150700,4.44,13.8,176
2023-11-20,0.629377490866867,84.73999786376953,5572400,4.42,13.41,173
2023-11-21,0.0,84.73999786376953,4787600,4.41,13.35,170
2023-11-22,0.4956405580928358,85.16000366210938,8192200,4.42,12.85,170
2023-11-24,-0.1996310369059895,84.98999786376953,1816800,4.47,12.46,171
2023-11-27,0.4353485773409549,85.36000061035156,5156700,4.39,12.69,170
2023-11-28,0.5154667739691865,85.80000305175781,16016500,4.34,12.69,164
2023-11-29,0.7925411200341959,86.4800033569336,7601600,4.27,12.98,160
2023-11-30,-0.7053660807965878,85.87000274658203,8840400,4.37,12.92,161
2023-12-01,1.1412550322505544,86.8499984741211,12641400,4.22,12.63,158
2023-12-04,-0.6908445419257836,86.25,6375900,4.28,13.08,162
2023-12-05,0.5797101449275255,86.75,5618200,4.18,12.85,163
2023-12-06,0.5533179907015517,87.2300033569336,7588800,4.12,12.97,162
2023-12-07,-0.10318005711505984,87.13999938964844,5604900,4.14,13.06,162
2023-12-08,-0.34427708728380635,86.83999633789062,7276300,4.23,12.35,163
2023-12-11,-0.16121533343196326,86.69999694824219,5497300,4.23,12.63,166
2023-12-12,0.20761281604571025,86.87999725341797,8047900,4.2,12.07,172
2023-12-13,1.657461426024165,88.31999969482422,13651500,4.04,12.19,164
2023-12-14,0.6227389647398773,88.87000274658203,9352500,3.92,12.48,164
2023-12-15,-0.13503177998568372,88.75,5146200,3.91,12.28,162
2023-12-18,0.02253142880721537,88.7699966430664,6359600,3.95,12.56,160
2023-12-19,0.24783285909959485,88.98999786376953,4787700,3.93,12.53,164
2023-12-20,0.011239618463387835,89.0,3027600,3.86,13.67,161
2023-12-21,0.17977939562852097,89.16000366210938,2706800,3.89,13.65,159
2023-12-22,-0.13459257699989235,89.04000091552734,1791700,3.9,13.03,159
2023-12-26,0.35938869219891423,89.36000061035156,2646100,3.89,12.99,167
2023-12-27,0.35810171512817845,89.68000030517578,3327200,3.79,12.43,162
2023-12-28,-0.2787689553403916,89.43000030517578,2700200,3.84,12.47,160
2023-12-29,-0.41373447983832357,89.05999755859375,3815500,3.88,12.45,160
2024-01-02,-0.9880948546388657,88.18000030517578,11544700,3.95,13.2,178
2024-01-03,-0.3855794580499672,87.83999633789062,12091700,3.91,14.04,175
2024-01-04,-0.4553664767308674,87.44000244140625,6256600,3.99,14.13,171
2024-01-05,-0.3087880431406287,87.16999816894531,9775000,4.05,13.35,176
2024-01-08,0.12619090588756876,87.27999877929688,6378700,4.01,13.08,177
2024-01-09,-0.3895466803916503,86.94000244140625,7946800,4.02,12.76,171
2024-01-10,0.713129859416961,87.55999755859375,5611000,4.04,12.69,172
2024-01-11,0.9022395358093682,88.3499984741211,7736900,3.98,12.44,169
2024-01-12,0.18110205418537806,88.51000213623047,7683800,3.96,12.7,169
2024-01-16,-0.9264486216621237,87.69000244140625,4901100,4.07,13.84,169
2024-01-17,-0.3763277704036949,87.36000061035156,7209800,4.1,14.79,170
2024-01-18,0.10301778532721961,87.44999694824219,5795600,4.14,14.13,171
2024-01-19,0.04574147161036102,87.48999786376953,6268200,4.15,13.3,177
2024-01-22,0.06858519768364602,87.55000305175781,7577600,4.11,13.19,176
2024-01-23,-0.5139972152493066,87.0999984741211,7750000,4.14,12.55,174
2024-01-24,-0.275542902381154,86.86000061035156,6172900,4.18,13.14,172
2024-01-25,0.7137954665270119,87.4800033569336,6469800,4.14,13.45,169
2024-01-26,0.1486022501480333,87.61000061035156,3695900,4.15,13.26,164
2024-01-29,0.3766714173675023,87.94000244140625,4938200,4.08,13.6,164
2024-01-30,0.22742431508964156,88.13999938964844,4118500,4.06,13.31,162
2024-01-31,-0.18152488520851717,87.9800033569336,7832100,3.99,14.35,167
2024-02-01,0.42054455907034605,88.3499984741211,11164700,3.87,13.88,169
2024-02-02,-0.8036209357497937,87.63999938964844,8210600,4.03,13.85,167
2024-02-05,-0.844360872801353,86.9000015258789,9149600,4.17,13.67,166
2024-02-06,0.9090919466693936,87.69000244140625,6415500,4.09,13.06,168
2024-02-07,-0.13684883480555854,87.56999969482422,6450300,4.09,12.83,165
2024-02-08,-0.12561449210335418,87.45999908447266,5166300,4.15,12.79,167
2024-02-09,0.03429999955510965,87.48999786376953,3689300,4.17,12.93,167
2024-02-12,0.09144111670829069,87.56999969482422,3728200,4.17,13.93,164
2024-02-13,-1.2333011702848284,86.48999786376953,10951600,4.31,15.85,161
2024-02-14,0.6821643910946529,87.08000183105469,4939200,4.27,14.38,162
2024-02-15,0.8153411455481319,87.79000091552734,7131300,4.24,14.01,158
2024-02-16,-0.6834473947647135,87.19000244140625,6211200,4.3,14.24,157
2024-02-20,-0.01147165494942426,87.18000030517578,3810100,4.27,15.42,157
2024-02-21,-0.08029329499791293,87.11000061035156,5773300,4.32,15.34,156
2024-02-22,0.6313891033223662,87.66000366210938,6108600,4.33,14.54,157
2024-02-23,0.5589754087374388,88.1500015258789,6189200,4.26,13.75,157
2024-02-26,-0.2836074823284074,87.9000015258789,6410900,4.28,13.74,155
2024-02-27,-0.09101459575189264,87.81999969482422,5653000,4.31,13.43,150
2024-02-28,0.20496504873750432,88.0,6391900,4.27,13.84,153
2024-02-29,0.34091255881569804,88.30000305175781,6174300,4.25,13.4,153
2024-03-01,0.14722225246330822,88.43000030517578,7205200,4.19,13.11,156
2024-03-04,-0.09046910638764727,88.3499984741211,6826100,4.22,13.49,154
2024-03-05,0.21505653048981,88.54000091552734,8346000,4.13,14.46,156
2024-03-06,0.37271496232480494,88.87000274658203,6322200,4.11,14.5,155
2024-03-07,0.270054975078482,89.11000061035156,9071100,4.09,14.44,160
2024-03-08,0.1122191375111159,89.20999908447266,5010300,4.09,14.74,160
2024-03-11,-0.15693239668781445,89.06999969482422,5336100,4.1,15.22,157
2024-03-12,-0.1347285808837917,88.94999694824219,5657800,4.16,13.84,155
2024-03-13,0.10118490204955588,89.04000091552734,5381400,4.19,13.75,151
2024-03-14,-0.5053959714843681,88.58999633789062,13262600,4.29,14.4,150
2024-03-15,-0.3160613961749492,88.30999755859375,5383100,4.31,14.41,151
2024-03-18,0.05662218677406905,88.36000061035156,6625100,4.34,14.33,151
2024-03-19,0.4640063715287246,88.7699966430664,5647900,4.3,13.82,153
2024-03-20,0.47313936490123165,89.19000244140625,5660700,4.27,13.04,150
2024-03-21,0.3475698510014169,89.5,5595300,4.27,12.92,146
2024-03-22,0.32402336930430486,89.79000091552734,6202500,4.22,13.06,148
2024-03-25,-0.07795934303428398,89.72000122070312,5487300,4.25,13.19,148
2024-03-26,-0.011148167737828896,89.70999908447266,4173200,4.24,13.24,150
2024-03-27,0.4124431505496018,90.08000183105467,5799200,4.2,12.78,151
2024-03-28,-0.4551550330541998,89.66999816894531,5938500,4.2,13.01,152
2024-04-01,-0.8364001509032493,88.91999816894531,5906000,4.33,13.65,150
2024-04-02,0.04498528604481855,88.95999908447266,11510400,4.36,14.61,153
2024-04-03,0.21358188327522676,89.1500015258789,6781000,4.36,14.33,153
2024-04-04,-0.044869225847099514,89.11000061035156,6796000,4.31,16.35,154
2024-04-05,0.15710850486985173,89.25,6478900,4.39,16.03,149
2024-04-08,0.03361207764356333,89.27999877929688,4387000,4.42,15.19,150
2024-04-09,0.6720413108475931,89.87999725341797,6975100,4.36,14.98,148
2024-04-10,-1.5798823012217134,88.45999908447266,11693800,4.55,15.8,146
2024-04-11,-0.2939205730515426,88.19999694824219,7787900,4.56,14.91,147
2024-04-12,-0.2834467218255199,87.94999694824219,7635000,4.5,17.31,150
2024-04-15,-1.159746081249624,86.93000030517578,12162000,4.63,19.23,154
2024-04-16,-0.3105908686512837,86.66000366210938,9436100,4.67,18.4,157
2024-04-17,0.7846672594575166,87.33999633789062,7853500,4.59,18.21,158
2024-04-18,-0.08014620764742464,87.2699966430664,5759000,4.64,18.0,157
2024-04-19,0.2864672964552728,87.5199966430664,5004000,4.62,18.71,157
2024-04-22,0.5370215250577903,87.98999786376953,3935100,4.62,16.94,156
2024-04-23,0.13638225877425914,88.11000061035156,8467800,4.61,15.69,155
2024-04-24,-0.7150121995844749,87.4800033569336,7289500,4.65,15.97,156
2024-04-25,-0.285779595800828,87.2300033569336,6358100,4.7,15.37,157
2024-04-26,0.43562677839534825,87.61000061035156,3072800,4.67,15.03,158
2024-04-29,0.4908118961078678,88.04000091552734,5154200,4.63,14.67,158
2024-04-30,-1.0109034307057452,87.1500015258789,8032900,4.69,15.65,160
2024-05-01,0.0,87.1500015258789,7677600,4.63,15.39,160
2024-05-02,0.8146862559283097,87.86000061035156,6833700,4.58,14.68,158
2024-05-03,0.8194869288656648,88.58000183105469,7832500,4.5,13.49,156
2024-05-06,0.2822307460286666,88.83000183105469,3552800,4.49,13.49,154
2024-05-07,0.07880186128708111,88.9000015258789,4844000,4.47,13.23,155
2024-05-08,-0.3712056528577534,88.56999969482422,3699400,4.48,13.0,149
2024-05-09,0.33871858732246185,88.87000274658203,3371700,4.45,12.69,150
2024-05-10,-0.23629917630528796,88.66000366210938,3446100,4.5,12.55,151
2024-05-13,0.10150725713209408,88.75,2199600,4.48,13.6,150
2024-05-14,0.22534867407570935,88.94999694824219,3054200,4.45,13.42,155
2024-05-15,1.0455315762595507,89.87999725341797,5781600,4.36,12.45,154
2024-05-16,-0.33377328830733743,89.58000183105469,3590600,4.38,12.42,153
2024-05-17,-0.18977245531421882,89.41000366210938,3692300,4.42,11.99,153
2024-05-20,0.011178287022239886,89.41999816894531,2007700,4.44,12.15,151
2024-05-21,0.07828192379513155,89.48999786376953,3202000,4.41,11.86,150
2024-05-22,-0.3240595848139516,89.19999694824219,3410300,4.43,12.29,158
2024-05-23,-0.6838572098892715,88.58999633789062,4828600,4.47,12.77,158
2024-05-24,0.39508535724583904,88.94000244140625,2493100,4.46,11.93,161
2024-05-28,-0.5959059644124021,88.41000366210938,4121900,4.54,12.92,169
2024-05-29,-0.3619582750406525,88.08999633789062,6739400,4.61,14.28,161
2024-05-30,0.6016646960211425,88.62000274658203,4333500,4.55,14.47,158
2024-05-31,0.48521811312216556,89.05000305175781,3414600,4.51,12.92,159
2024-06-03,0.04491104409010127,89.08999633789062,7177200,4.41,13.11,160
2024-06-04,0.06735345207637966,89.1500015258789,4822700,4.33,13.16,162
2024-06-05,0.26920679715285445,89.38999938964844,6391400,4.29,12.63,161
2024-06-06,-0.23492458430084406,89.18000030517578,6800300,4.28,12.58,163
2024-06-07,-0.7849259316514701,88.4800033569336,5313900,4.43,12.22,160
2024-06-10,-0.02260880617311889,88.45999908447266,2466700,4.47,12.74,161
2024-06-11,0.38435899932631745,88.80000305175781,2707200,4.39,12.85,165
2024-06-12,0.3941424122666959,89.1500015258789,7730500,4.31,12.04,161
2024-06-13,0.26920679715285445,89.38999938964844,7293500,4.24,11.94,163
2024-06-14,-0.12305695391279237,89.27999877929688,6126000,4.2,12.66,166
2024-06-17,-0.3024155989672983,89.01000213623047,6689500,4.28,12.75,162
2024-06-18,0.6628427409625548,89.5999984741211,6888900,4.22,12.3,164
2024-06-20,-0.36830562128860045,89.2699966430664,3845200,4.25,13.28,162
2024-06-21,0.12322237536468439,89.37999725341797,5485300,4.25,13.2,160
2024-06-24,0.044753766789606964,89.41999816894531,4124100,4.25,13.33,160
2024-06-25,-0.011177037620879737,89.41000366210938,3534700,4.23,12.84,158
2024-06-26,-0.3355363376245424,89.11000061035156,6212800,4.32,12.55,156
2024-06-27,0.08977873471744946,89.19000244140625,3116800,4.29,12.24,156
2024-06-28,-0.7960523209303516,88.4800033569336,6568000,4.36,12.44,154
2024-07-01,-0.8250489706569275,87.75,7698900,4.48,12.22,157
2024-07-02,0.4900288378071549,88.18000030517578,7236900,4.43,12.03,159
2024-07-03,0.7824931265800306,88.87000274658203,3882100,4.36,12.09,160
2024-07-05,0.652632141031928,89.44999694824219,5429100,4.28,12.48,160
2024-07-08,-0.022355107600480206,89.43000030517578,6185200,4.28,12.37,157
2024-07-09,-0.3130926739812079,89.1500015258789,7367000,4.3,12.51,159
2024-07-10,0.47111403449993094,89.56999969482422,5750400,4.28,12.85,158
2024-07-11,0.5805477780932211,90.08999633789062,7045200,4.2,12.92,153
2024-07-12,0.18870663253469644,90.26000213623048,6538200,4.18,12.46,157
2024-07-15,-0.40992991117327904,89.88999938964844,4998100,4.23,13.12,157
2024-07-16,0.4449900195738321,90.29000091552734,4479100,4.17,13.19,159
2024-07-17,-0.35441321472972076,89.97000122070312,6142000,4.16,14.48,162
2024-07-18,-0.5223977040415662,89.5,7227300,4.2,15.93,161
2024-07-19,-0.2681540377313163,89.26000213623047,5649200,4.25,16.52,158
2024-07-22,0.4481307599213613,89.66000366210938,4999200,4.26,14.91,160
2024-07-23,0.033458373936645636,89.69000244140625,2737800,4.25,14.72,157
2024-07-24,-0.6466738937080496,89.11000061035156,5463800,4.28,18.04,156
2024-07-25,0.16833298715237532,89.26000213623047,4761100,4.27,18.46,157
2024-07-26,0.5601613130558736,89.76000213623047,4145200,4.2,16.39,159
2024-07-29,0.16711399544224737,89.91000366210938,4848400,4.17,16.6,159
2024-07-30,0.13346136391947372,90.02999877929688,5755700,4.15,17.69,161
2024-07-31,0.46650913544377115,90.4499969482422,8133900,4.09,16.36,164
2024-08-01,-0.4864508865196626,90.01000213623047,10278100,3.99,18.59,174
2024-08-02,0.6665908897691031,90.61000061035156,8525900,3.8,23.39,185
2024-08-05,-1.0153384424988143,89.69000244140625,9960500,3.78,38.57,191
2024-08-06,-0.3344888433399307,89.38999938964844,11282400,3.9,27.71,181
2024-08-07,0.21255447220447365,89.58000183105469,7626700,3.96,27.85,177
2024-08-08,0.46885260142930374,90.0,4410200,3.99,23.79,175
2024-08-09,0.4444461398654509,90.4000015258789,2746500,3.94,20.37,174
2024-08-12,0.11061777924026295,90.5,2962100,3.9,20.71,175
2024-08-13,0.5414341036127368,90.98999786376952,4940500,3.85,18.12,173
2024-08-14,0.21980941019053013,91.19000244140624,4819500,3.83,16.19,169
2024-08-15,-0.032897004598875235,91.16000366210938,3591700,3.92,15.23,167
2024-08-16,0.40587439921448976,91.52999877929688,3384000,3.89,14.8,166
2024-08-19,0.3059093008097147,91.80999755859376,3313700,3.86,14.65,164
2024-08-20,0.23962664911596487,92.02999877929688,4948200,3.82,15.88,165
2024-08-21,0.29338723898979513,92.3000030517578,9428100,3.79,16.27,163
2024-08-22,-0.8342407876510416,91.52999877929688,9946700,3.86,17.55,163
2024-08-23,1.0816102665495375,92.5199966430664,9595800,3.81,15.86,163
2024-08-26,-0.2053554030537974,92.33000183105467,3212700,3.82,16.15,160
2024-08-27,-0.129971563091269,92.20999908447266,4374000,3.83,15.43,161
2024-08-28,-0.16267381777270717,92.05999755859376,3237400,3.84,17.11,162
2024-08-29,-0.04345091960479275,92.0199966430664,4481200,3.87,15.65,164
2024-08-30,0.08693961527188598,92.0999984741211,4776700,3.91,15.0,157
2024-09-03,-0.7926120951502136,91.37000274658205,4829800,3.84,20.72,166
2024-09-04,0.4487206089420548,91.77999877929688,7196000,3.77,21.32,166
2024-09-05,0.38134504115947543,92.12999725341795,5510700,3.73,19.9,170
2024-09-06,-0.22793779521668167,91.91999816894533,7799300,3.72,22.38,169
2024-09-09,0.2719756364012449,92.16999816894533,3758200,3.7,19.45,171
2024-09-10,0.07594629078313542,92.23999786376952,5013500,3.65,19.08,171
2024-09-11,0.2601967679124906,92.4800033569336,7223400,3.65,17.69,173
2024-09-12,0.16219062612428115,92.62999725341795,5108800,3.68,17.07,168
2024-09-13,0.4534230927274896,93.0500030517578,5162900,3.66,16.56,168
2024-09-16,0.612573536947858,93.62000274658205,5280200,3.63,17.14,167
2024-09-17,-0.021367519626225295,93.5999984741211,6273200,3.65,17.61,164
2024-09-18,-0.2884579566965195,93.33000183105467,9523100,3.7,18.23,159
2024-09-19,0.4392971441884441,93.73999786376952,6006200,3.73,16.33,158
2024-09-20,-0.19202081211623367,93.55999755859376,5187800,3.73,16.15,159
2024-09-23,-0.28858128485662604,93.29000091552734,5260500,3.75,15.89,159
2024-09-24,0.12863409304786355,93.41000366210938,6010800,3.74,15.39,160
2024-09-25,-0.29976062275329785,93.12999725341795,4842300,3.79,15.41,155
2024-09-26,0.13959506780480968,93.26000213623048,6844300,3.79,15.37,156
2024-09-27,0.17155911328539108,93.41999816894533,5447800,3.75,16.96,156
2024-09-30,0.17127345883691802,93.58000183105467,5789700,3.81,16.73,154
2024-10-01,-0.12823546081850434,93.45999908447266,6208000,3.74,19.26,154
2024-10-02,-0.2246940793171337,93.25,8465100,3.79,18.9,152
2024-10-03,-0.41822990847016905,92.86000061035156,7976900,3.85,20.49,150
2024-10-04,-0.37690983396575506,92.51000213623048,8880000,3.98,19.21,149
2024-10-07,-0.4540112297493626,92.08999633789062,4694000,4.03,22.64,151
2024-10-08,0.162885798505763,92.23999786376952,4639500,4.04,21.42,155
2024-10-09,-0.16262091213448127,92.08999633789062,5971100,4.06,20.86,153
2024-10-10,-0.16287751378992743,91.94000244140624,5923300,4.09,20.93,158
2024-10-11,0.1305145899512139,92.05999755859376,4002300,4.08,20.46,156
2024-10-14,0.20638979626879106,92.25,1876600,4.055,19.7,158
2024-10-15,0.27100271002709064,92.5,4980100,4.03,20.64,158
2024-10-16,0.24865227776604826,92.7300033569336,3762500,4.02,19.58,155
2024-10-17,-0.6362600516837347,92.13999938964844,6027500,4.09,19.11,152
2024-10-18,0.227913051729689,92.3499984741211,4612500,4.08,18.03,153
2024-10-21,-0.985377420412048,91.44000244140624,5709900,4.19,18.37,152
2024-10-22,-0.22965778528626357,91.2300033569336,5541200,4.2,18.2,156
2024-10-23,-0.37268875893263775,90.88999938964844,5110400,4.24,19.24,157
2024-10-24,0.40708851256101575,91.26000213623048,4880700,4.21,19.08,157
2024-10-25,0.0,91.26000213623048,4617700,4.25,20.33,154
2024-10-28,0.09861531424935066,91.3499984741211,4655100,4.28,19.8,152
2024-10-29,0.22988405909187826,91.55999755859376,6079000,4.28,19.34,154
2024-10-30,-0.10921633550406984,91.45999908447266,4005000,4.29,20.35,151
2024-10-31,-0.5904230493470553,90.91999816894533,10214600,4.28,23.16,156
2024-11-01,-0.8578957270187315,90.13999938964844,8926100,4.37,21.88,153
2024-11-04,0.43265963200487256,90.52999877929688,4915700,4.31,21.98,157
2024-11-05,0.30928839398252084,90.80999755859376,6384800,4.26,20.49,160
2024-11-06,-0.31934910618209855,90.5199966430664,7362600,4.42,16.27,155
2024-11-07,1.093687063498039,91.51000213623048,8684600,4.31,15.2,151
2024-11-08,0.2731941800502069,91.76000213623048,7686300,4.3,14.94,153
2024-11-11,-0.20706455643296762,91.56999969482422,2220000,4.365,14.97,153
2024-11-12,-0.7753621129615307,90.86000061035156,7934800,4.43,14.71,151
2024-11-13,-0.1430742378876415,90.7300033569336,4797400,4.44,14.02,149
2024-11-14,-0.25350308434218816,90.5,6237600,4.43,14.31,148
2024-11-15,-0.1436433739424925,90.37000274658205,8478400,4.43,16.14,157
2024-11-18,0.1217224820275975,90.4800033569336,4404400,4.42,15.58,162
2024-11-19,0.4752434673100936,90.91000366210938,5749500,4.39,16.35,154
2024-11-20,0.010993847138207613,90.91999816894533,6009600,4.41,17.16,156
2024-11-21,0.04399572847879618,90.95999908447266,4023400,4.43,16.87,154
2024-11-22,-0.12093295015253025,90.8499984741211,4167500,4.41,15.24,155
2024-11-25,0.9356064814500131,91.6999969482422,7184700,4.27,14.6,162
2024-11-26,-0.14176363985197726,91.56999969482422,4765600,4.3,14.1,159
2024-11-27,0.34945909783845597,91.88999938964844,3478100,4.25,14.1,157
2024-11-29,0.282949328498705,92.1500015258789,2447300,4.18,13.51,161
2024-12-02,-0.5317393984328067,91.66000366210938,5734200,4.19,13.34,161
2024-12-03,0.021816105463101643,91.68000030517578,4021700,4.23,13.3,155
2024-12-04,0.37085115266020097,92.0199966430664,3907000,4.19,13.45,158
2024-12-05,0.13040942290782898,92.13999938964844,4392800,4.17,13.54,156
2024-12-06,0.3364418934743263,92.4499969482422,4125200,4.15,12.77,153
2024-12-09,-0.22714882791208257,92.23999786376952,4377000,4.2,14.19,150
2024-12-10,-0.16262091213448127,92.08999633789062,4801300,4.22,14.18,150
2024-12-11,-0.05428974302468248,92.04000091552734,3577500,4.26,13.58,147
2024-12-12,-0.5215160279867015,91.55999755859376,4609100,4.32,13.92,147
2024-12-13,-0.5133259428085513,91.08999633789062,5677100,4.4,13.81,150
2024-12-16,0.08782724148757026,91.16999816894533,5256300,4.39,14.69,157
2024-12-17,-0.05483758184423593,91.12000274658205,7183900,4.4,15.87,154
2024-12-18,-1.964443438951169,89.33000183105469,9094400,4.5,27.62,153
2024-12-19,-0.4365827624027374,88.94000244140625,15042100,4.57,24.09,161
2024-12-20,0.6970936588358567,89.55999755859375,6712000,4.52,18.36,157
2024-12-23,-0.2568063128726483,89.33000183105469,4949100,4.59,16.78,153
2024-12-24,0.44777960111923587,89.7300033569336,2512500,4.59,14.27,154
2024-12-26,-0.10030532031424233,89.63999938964844,2379700,4.58,14.73,157
2024-12-27,-0.3792908748389445,89.30000305175781,2166200,4.62,15.95,152
2024-12-30,-0.10078831378426134,89.20999908447266,4014100,4.55,17.4,160
2024-12-31,-0.19055954566745692,89.04000091552734,4415200,4.58,17.35,157
2025-01-02,0.3369220791539451,89.33999633789062,7709700,4.57,17.93,159
2025-01-03,0.17909521901504633,89.5,4988400,4.6,16.13,155
2025-01-06,0.0446937603657549,89.54000091552734,5044200,4.62,16.04,156
2025-01-07,-0.4020556250509677,89.18000030517578,9445600,4.67,17.82,154
2025-01-08,0.078492593165147,89.25,5579300,4.67,17.7,161
2025-01-10,-0.5378188873205514,88.7699966430664,7313600,4.77,19.54,158
2025-01-13,-0.14644278284775547,88.63999938964844,6512900,4.79,19.19,157
2025-01-14,0.14665755224851917,88.7699966430664,4067100,4.78,18.71,157
2025-01-15,1.1490416931773106,89.79000091552734,6638700,4.66,16.12,157
2025-01-16,-0.12250875290117369,89.68000030517578,5421800,4.61,16.6,158
2025-01-17,0.1895608478666544,89.8499984741211,3558200,4.61,15.97,155
2025-01-21,0.6789099840967205,90.45999908447266,6997100,4.57,15.06,154
2025-01-22,-0.27636524710391575,90.20999908447266,6916200,4.6,15.1,153
2025-01-23,-0.022166770058040797,90.19000244140624,8020700,4.65,15.02,155
2025-01-24,0.1663087841491384,90.33999633789062,3170300,4.63,14.85,154
2025-01-27,0.28780401457844107,90.5999984741211,5632600,4.53,17.9,158
2025-01-28,-0.04415112163468349,90.55999755859376,5528600,4.55,16.41,158
2025-01-29,-0.08833282223579264,90.4800033569336,5118400,4.55,16.56,159
2025-01-30,0.41997926538410724,90.86000061035156,5949100,4.52,15.84,158
2025-01-31,-0.3411815501995985,90.5500030517578,9075200,4.58,16.43,159
2025-02-03,-0.33131202832352713,90.25,6566100,4.54,18.62,161
2025-02-04,0.35457029897421055,90.56999969482422,7381700,4.52,17.21,161
2025-02-05,0.5631027249076936,91.08000183105467,5726900,4.43,15.77,161
2025-02-06,-0.08783687905833393,91.0,3296400,4.45,15.5,157
2025-02-07,-0.3846137078253764,90.6500015258789,4935800,4.49,16.54,159
2025-02-10,0.0,90.6500015258789,3331500,4.51,15.81,158
2025-02-11,-0.4302254639643732,90.26000213623048,5996000,4.54,16.02,158
2025-02-12,-0.3212950461597086,89.97000122070312,6819800,4.62,15.89,157
2025-02-13,0.8224940021444027,90.70999908447266,6017900,4.52,15.1,158
2025-02-14,0.3086746578358168,90.98999786376952,7764000,4.47,14.77,154
2025-02-18,-0.4286178687819442,90.5999984741211,7565300,4.55,15.35,151
2025-02-19,0.02207977130006533,90.62000274658205,4731700,4.53,15.27,155
2025-02-20,0.18759453078003308,90.79000091552734,5621400,4.5,15.66,156
2025-02-21,0.033041941837619326,90.81999969482422,5734700,4.42,18.21,159
2025-02-24,0.0991014838004789,90.91000366210938,5036700,4.4,18.98,160
2025-02-25,0.6269933691156471,91.4800033569336,8637600,4.3,19.43,162
2025-02-26,0.3279355174406362,91.77999877929688,5851900,4.25,19.1,160
2025-02-27,-0.33776156321291273,91.47000122070312,8490500,4.29,21.13,160
2025-02-28,0.6122199093914427,92.02999877929688,8204300,4.24,19.63,164
2025-03-03,-0.630231271050663,91.4499969482422,8870600,4.16,22.78,167
2025-03-04,-0.15308845743065014,91.30999755859376,7549800,4.22,23.51,160
2025-03-05,-0.03285377297008729,91.27999877929688,7621500,4.28,21.93,155
2025-03-06,-0.5915873386819537,90.73999786376952,6056200,4.29,24.87,161
2025-03-07,0.27551245964909654,90.98999786376952,5292900,4.32,23.37,158
2025-03-10,-0.13187726124263,90.87000274658205,6780900,4.22,27.86,162
2025-03-11,-0.19808550647654188,90.69000244140624,10043100,4.28,26.92,162
2025-03-12,-0.022057858553736764,90.66999816894533,7540800,4.32,24.23,161
2025-03-13,-0.04411703577278381,90.62999725341795,9328700,4.27,24.66,171
2025-03-14,0.09930924640051408,90.72000122070312,4198700,4.31,21.77,167
2025-03-17,0.26454790623917646,90.95999908447266,6304400,4.31,20.51,169
2025-03-18,-0.03298018865305341,90.93000030517578,4764700,4.29,21.7,168
2025-03-19,0.5498735272428501,91.43000030517578,7578200,4.25,19.9,164
2025-03-20,-0.19687225699985822,91.25,8001200,4.24,19.8,162
2025-03-21,-0.29588673212757044,90.9800033569336,5559800,4.25,19.28,162
2025-03-24,-0.0659542600288221,90.91999816894533,4259200,4.34,17.48,158
2025-03-25,0.09899248690909968,91.01000213623048,4176200,4.31,17.15,160
2025-03-26,-0.5713704650644691,90.48999786376952,8930700,4.35,18.33,159
2025-03-27,-0.2210155298525529,90.29000091552734,5748800,4.38,18.69,162
2025-03-28,0.11075254525099165,90.38999938964844,5205100,4.27,21.65,168
2025-03-31,0.2212600393767472,90.58999633789062,6536500,4.23,22.28,170
2025-04-01,-0.12141846274810186,90.4800033569336,10159100,4.17,21.77,168
2025-04-02,-0.044209675114137426,90.44000244140624,4780700,4.2,21.51,168
2025-04-03,-0.5970819338236732,89.9000015258789,7118300,4.06,30.02,178
2025-04-04,-1.457180384597856,88.58999633789062,15339200,4.01,45.31,185
2025-04-07,-1.61416947160391,87.16000366210938,21774200,4.15,46.98,186
2025-04-08,-0.7113385962965069,86.54000091552734,13280700,4.26,52.33,187
2025-04-09,2.5768381141060948,88.7699966430664,18436700,4.34,33.62,180
2025-04-10,-1.9375843825076178,87.05000305175781,10675300,4.4,40.72,177
2025-04-11,0.356114356951176,87.36000061035156,7298400,4.48,37.56,183
2025-04-14,1.041662118082698,88.2699966430664,5177600,4.38,30.89,179
2025-04-15,0.30588453917443914,88.54000091552734,4518700,4.35,30.12,180
2025-04-16,0.033881611685870894,88.56999969482422,3566900,4.29,32.64,184
2025-04-17,0.25968539881007224,88.80000305175781,3325400,4.34,29.65,179
2025-04-21,-1.1599170870422837,87.7699966430664,5740000,4.42,33.82,180
2025-04-22,1.0368049412261993,88.68000030517578,5868000,4.41,30.57,176
2025-04-23,0.4397828014279792,89.06999969482422,5841800,4.4,28.45,169
2025-04-24,1.0665734270765892,90.0199966430664,3271700,4.32,26.47,172
2025-04-25,0.39991182379062185,90.37999725341795,4015100,4.29,24.84,171
2025-04-28,0.1106507043093119,90.4800033569336,5043500,4.23,25.15,173
2025-04-29,0.13262059320902075,90.5999984741211,5574100,4.19,24.17,176
2025-04-30,-0.7064011042243523,89.95999908447266,12070400,4.17,24.7,176
2025-05-01,-0.40017853936783476,89.5999984741211,4837600,4.25,24.6,172
2025-05-02,-0.2678547632328887,89.36000061035156,3303100,4.33,22.68,167
2025-05-05,-0.20143274837324254,89.18000030517578,4309000,4.36,23.64,169
2025-05-06,0.41489430961636486,89.55000305175781,7230400,4.3,24.76,167
2025-05-07,0.39084138715081984,89.9000015258789,4383400,4.26,23.55,169
2025-05-08,-0.4004456109468868,89.54000091552734,5234500,4.37,22.48,162
2025-05-09,0.156354018558158,89.68000030517578,3615800,4.37,21.9,163
2025-05-12,0.5798356838725427,90.1999969482422,6084800,4.45,18.39,155
2025-05-13,0.08869382900376088,90.27999877929688,4821800,4.49,18.22,154
2025-05-14,-0.33229444663226415,89.9800033569336,3366700,4.53,18.62,154
2025-05-15,0.3334023240399997,90.27999877929688,4056700,4.45,17.83,155
2025-05-16,0.1883010315063327,90.4499969482422,3062000,4.43,17.24,156
2025-05-19,0.06634072969911031,90.51000213623048,3858700,4.46,18.14,153
2025-05-20,-0.15467836299210003,90.37000274658205,5181900,4.48,18.09,153
2025-05-21,-0.9184483853366898,89.54000091552734,7544900,4.58,20.87,150
2025-05-22,0.335040673772502,89.83999633789062,6326100,4.54,20.28,154
2025-05-23,0.10018251441890058,89.93000030517578,4432900,4.51,22.29,154
2025-05-27,0.6115901811313051,90.4800033569336,6079000,4.43,18.96,152
2025-05-28,-0.20999384875872718,90.29000091552734,4109700,4.47,19.31,154
2025-05-29,0.3433354252413645,90.5999984741211,4568700,4.43,19.18,153
2025-05-30,0.0,90.5999984741211,8235700,4.41,18.57,158
2025-06-02,-0.48564549605085716,90.16000366210938,5414800,4.46,18.36,157
2025-06-03,0.3216429396116993,90.4499969482422,5761600,4.46,17.69,154
2025-06-04,0.375902685192675,90.79000091552734,4655800,4.37,17.61,160
2025-06-05,-0.24231877793218226,90.56999969482422,6480100,4.4,18.48,157
2025-06-06,-0.154575897228848,90.43000030517578,5160200,4.51,16.77,151
2025-06-09,0.2543440851016321,90.66000366210938,3577600,4.49,17.16,154
2025-06-10,0.44120216228444864,91.05999755859376,6668200,4.47,16.95,153
2025-06-11,0.2965124969250832,91.33000183105467,6011000,4.41,17.26,151
2025-06-12,0.1751845280927533,91.48999786376952,5468100,4.36,18.02,154
2025-06-13,-0.6339427425976818,90.91000366210938,6522400,4.41,20.82,151
2025-06-16,0.10999721713000898,91.01000213623048,5454100,4.46,19.11,146
2025-06-17,0.076914287639962,91.08000183105467,4668500,4.39,21.6,149
2025-06-18,-0.06588184758666848,91.0199966430664,5097600,4.38,20.14,153
2025-06-20,0.13184217865072068,91.13999938964844,3351300,4.38,20.62,154
2025-06-23,0.2852777462932554,91.4000015258789,5895700,4.34,19.83,155
2025-06-24,0.6017455286448481,91.9499969482422,10997500,4.3,17.48,156
2025-06-25,-0.05437240241719099,91.9000015258789,5299300,4.29,16.76,158
2025-06-26,0.30467766555806186,92.18000030517578,5574800,4.26,16.59,160
2025-06-27,-0.08678870773468628,92.0999984741211,6464900,4.29,16.32,155
2025-06-30,0.5646083399307278,92.62000274658205,13050700,4.24,16.73,154
2025-07-01,-0.21594101890058948,92.41999816894533,10515400,4.26,16.83,149
2025-07-02,-0.09737755861685127,92.33000183105467,10020700,4.3,16.64,149
2025-07-03,0.17328715427473718,92.48999786376952,3216900,4.35,16.38,143
2025-07-07,-0.5081643762122057,92.0199966430664,6999300,4.4,17.79,141
2025-07-08,-0.31514159607901604,91.7300033569336,8096700,4.42,16.81,145
2025-07-09,0.7085946502750629,92.37999725341795,6169000,4.34,15.94,142
2025-07-10,-0.15154729791168053,92.23999786376952,5247600,4.35,15.78,142
2025-07-11,-0.520376993338556,91.76000213623048,6748000,4.43,16.4,135
2025-07-14,0.010892008068053016,91.7699966430664,5403400,4.43,17.2,138
2025-07-15,-0.27242019085209623,91.5199966430664,8144400,4.5,17.38,134
2025-07-16,0.0764856833389338,91.58999633789062,9524600,4.46,17.16,140
2025-07-17,0.10918889345368221,91.69000244140624,5462500,4.47,16.52,139
2025-07-18,0.21812296097385442,91.88999938964844,6848100,4.44,16.41,139
2025-07-21,0.3808885367785786,92.23999786376952,4334500,4.38,16.65,137
2025-07-22,0.1734645119416678,92.4000015258789,8572600,4.35,16.5,142
2025-07-23,0.04329103340559026,92.44000244140624,7278700,4.4,15.37,140
2025-07-24,-0.021640276863454933,92.41999816894533,3561900,4.43,15.39,138
2025-07-25,0.324608372323687,92.72000122070312,4583200,4.4,14.93,142
2025-07-28,-0.06470832377464264,92.66000366210938,7068100,4.42,15.03,139
2025-07-29,0.3777233545094516,93.01000213623048,6547900,4.34,15.98,142
2025-07-30,-0.17202844687073116,92.8499984741211,6119000,4.38,15.48,142
2025-07-31,0.021544720290456176,92.87000274658205,7525700,4.37,16.72,140
2025-08-01,-0.1615177360209996,92.72000122070312,11771400,4.23,20.38,147
2025-08-04,0.49611634859421105,93.18000030517578,5397900,4.22,17.52,143
2025-08-05,0.0,93.18000030517578,8602300,4.22,17.85,144
2025-08-06,0.06438888001421006,93.23999786376952,5786400,4.22,16.77,137
2025-08-07,0.1501494989875285,93.37999725341795,5698300,4.23,16.57,138
2025-08-08,0.0,93.37999725341795,3442600,4.27,15.15,134
2025-08-11,0.1285101200596328,93.5,3606600,4.27,16.25,133
2025-08-12,0.19251369537516272,93.68000030517578,7298100,4.29,14.73,132
2025-08-13,0.49103232597582647,94.13999938964844,6574900,4.24,14.49,131
2025-08-14,-0.22307104932459687,93.93000030517578,7868300,4.29,14.83,128
2025-08-15,-0.08517175640877506,93.8499984741211,3679500,4.33,15.09,126
2025-08-18,0.09590193793125312,93.94000244140624,2727200,4.34,14.99,125
2025-08-19,0.04258134392993718,93.9800033569336,4412700,4.3,15.57,126
2025-08-20,-0.1596100452446403,93.83000183105467,4509500,4.29,15.69,128
2025-08-21,-0.31973041234505395,93.52999877929688,11054800,4.33,16.6,130
2025-08-22,0.7270397883575086,94.20999908447266,8250400,4.26,14.22,131
2025-08-25,-0.3927425434430476,93.83999633789062,4721200,4.28,14.79,129
2025-08-26,-0.021309296511906606,93.81999969482422,6172100,4.26,14.62,131
2025-08-27,-0.11724644074756485,93.70999908447266,4194700,4.24,14.85,136
2025-08-28,0.5869203469546891,94.26000213623048,9425600,4.22,14.43,135
2025-08-29,-0.14852470451475197,94.12000274658205,8476400,4.23,15.36,131
2025-09-02,-0.8074820591291165,93.36000061035156,9614900,4.28,17.17,133
2025-09-03,0.42845064616952033,93.76000213623048,9263900,4.22,16.35,133
2025-09-04,0.39461935660995984,94.12999725341795,5900200,4.17,15.3,133
2025-09-05,0.6692923628972558,94.76000213623048,10635500,4.1,15.18,133
2025-09-08,-0.01055523006014969,94.75,6535200,4.05,15.11,132
2025-09-09,-0.09498294236477411,94.66000366210938,6004100,4.08,15.04,131
2025-09-10,0.549330892614952,95.18000030517578,9816200,4.04,15.35,128
2025-09-11,0.36772270750040636,95.52999877929688,11143500,4.01,14.71,123
2025-09-12,-0.2931003693863343,95.25,5215800,4.06,14.76,122
2025-09-15,0.3569515358431863,95.58999633789062,5308700,4.05,15.69,123
2025-09-16,-0.06276552033925853,95.52999877929688,5454700,4.04,16.36,123
2025-09-17,-0.052334788026942025,95.4800033569336,8381900,4.06,15.72,120
2025-09-18,-0.41893748619131754,95.08000183105467,7793600,4.11,15.7,117
2025-09-19,-0.10517298295678046,94.9800033569336,6499600,4.14,15.45,118
2025-09-22,0.22109820704414584,95.19000244140624,5110100,4.15,16.1,118
2025-09-23,0.3886911521147063,95.55999755859376,5840300,4.12,16.64,119
2025-09-24,-0.06278522407555664,95.5,7173600,4.16,16.18,117
2025-09-25,-0.2513066636329997,95.26000213623048,7982600,4.18,16.74,118
2025-09-26,-0.03149147451623202,95.2300033569336,6119900,4.2,15.29,118
2025-09-29,0.16801010928788607,95.38999938964844,4182200,4.15,16.12,120
2025-09-30,-0.20966238549311456,95.19000244140624,7422900,4.16,16.28,119
2025-10-01,-0.07353681377125776,95.12000274658205,10072500,4.12,16.29,121
2025-10-02,0.0525603668205088,95.16999816894533,6074000,4.1,16.63,122
2025-10-03,0.04203101428699174,95.20999908447266,4600800,4.13,16.65,119
2025-10-06,-0.12604006694251213,95.08999633789062,5126800,4.18,16.37,117
2025-10-07,-0.04205835279529335,95.0500030517578,7018300,4.14,17.24,120
2025-10-08,0.05259907496906191,95.0999984741211,10027500,4.13,16.3,119
2025-10-09,-0.05257142288692673,95.0500030517578,7375700,4.14,16.43,121
2025-10-10,-0.4418787846972916,94.62999725341795,16586400,4.05,21.66,131
2025-10-13,0.686887398018432,95.27999877929688,4121700,4.04,19.03,131
2025-10-14,-0.04198248954643269,95.23999786376952,9988300,4.03,20.81,131
2025-10-15,0.34649500047945203,95.56999969482422,11401300,4.05,20.64,126
2025-10-16,0.14648884597203704,95.70999908447266,7380300,3.99,25.31,129
2025-10-17,0.03134341195676349,95.73999786376952,6359200,4.02,20.78,126
2025-10-20,0.43869417976956093,96.16000366210938,7665700,4.0,18.23,124
2025-10-21,0.12478693075881342,96.27999877929688,4754100,3.98,17.87,120
2025-10-22,-0.20772429453458363,96.08000183105467,6725600,3.97,18.6,123
2025-10-23,-0.07285563435696085,96.01000213623048,4820500,4.01,17.3,124
2025-10-24,0.2916350099644527,96.29000091552734,4003300,4.02,16.37,122
2025-10-27,0.7685095614639259,97.02999877929688,5751700,4.01,15.79,123
2025-10-28,0.0,97.02999877929688,4779900,3.99,16.42,124
2025-10-29,-0.44316222878024725,96.5999984741211,7368500,4.08,16.92,118
2025-10-30,-0.1138722692434091,96.48999786376952,9112500,4.11,16.91,122
2025-10-31,0.18654814919774054,96.66999816894533,8851600,4.11,17.44,120
2025-11-03,-0.7241098184556205,95.97000122070312,9436800,4.13,17.17,124
2025-11-04,-0.114619786341974,95.86000061035156,6231700,4.1,19.0,127
2025-11-05,-0.21906851985767917,95.6500015258789,5893900,4.17,18.01,125
2025-11-06,0.33455273363236504,95.97000122070312,6867800,4.11,19.5,129
2025-11-07,0.052094843938066404,96.0199966430664,6388900,4.11,19.08,129
2025-11-10,0.229120212866607,96.23999786376952,6128300,4.13,17.6,125
2025-11-11,0.22859645218877844,96.45999908447266,2303500,4.105,17.28,125
2025-11-12,0.041468915516285065,96.5,7200700,4.08,17.51,126
2025-11-13,-0.48704789710168894,96.02999877929688,6880200,4.11,20.0,124
2025-11-14,-0.06247793330877993,95.97000122070312,7216100,4.14,19.83,119
2025-11-17,0.020836347621178142,95.98999786376952,9950600,4.13,22.38,124
2025-11-18,-0.03125198454472233,95.95999908447266,6411200,4.12,24.69,125
2025-11-19,0.16673995793656804,96.12000274658205,8184800,4.13,23.66,120
2025-11-20,-0.2392877136510374,95.88999938964844,14798800,4.1,26.42,126
2025-11-21,0.2711462487072769,96.1500015258789,5329600,4.06,23.43,127
2025-11-24,0.20800514307672824,96.3499984741211,5421700,4.04,20.52,129
2025-11-25,0.2594706839223804,96.5999984741211,10391300,4.01,18.56,130
2025-11-26,0.10351809078743557,96.6999969482422,4718700,4.0,17.19,130
2025-11-28,0.031030413276478264,96.7300033569336,2628400,4.02,16.35,128
2025-12-01,-0.7340087762090386,96.0199966430664,11152100,4.09,17.24,124
2025-12-02,0.4165814828819947,96.41999816894533,10879900,4.09,16.59,123
2025-12-03,0.12445835808019279,96.54000091552734,6136300,4.06,16.08,123
2025-12-04,-0.08286910119742474,96.45999908447266,8229000,4.11,15.78,121
2025-12-05,-0.13476804338774517,96.33000183105467,5998300,4.14,15.41,121
2025-12-08,-0.4152408577552169,95.93000030517578,6617200,4.17,16.66,122
2025-12-09,-0.08339605003667705,95.8499984741211,7763900,4.18,16.93,124
2025-12-10,0.40688512869795357,96.23999786376952,7249100,4.13,15.77,124
2025-12-11,0.07273451410849674,96.30999755859376,4875800,4.14,14.85,124
2025-12-12,-0.05191093721382822,96.26000213623048,8805800,4.19,15.74,121
2025-12-15,0.1350480475098781,96.38999938964844,7951600,4.18,16.5,120
2025-12-16,0.2697397425841075,96.6500015258789,8632600,4.15,16.48,124
2025-12-17,-0.38282746067309636,96.27999877929688,7068300,4.16,17.62,121
2025-12-18,0.43622577302695476,96.6999969482422,5520100,4.12,16.87,127
2025-12-19,-0.4446745798822982,96.2699966430664,4903900,4.16,14.91,129
2025-12-22,0.041550760280650856,96.30999755859376,2877200,4.17,14.08,128
2025-12-23,-0.05191093721382822,96.26000213623048,4529900,4.18,14.0,132
2025-12-24,0.301268345202077,96.5500030517578,1328900,4.15,13.47,134
2025-12-26,-0.010359540045890014,96.54000091552734,2965600,4.14,13.6,132
2025-12-29,0.051787261124047745,96.58999633789062,4935600,4.12,14.2,136
2025-12-30,-0.12423141291747486,96.47000122070312,4021700,4.14,14.33,137
