Price,Adj Close,Close,High,Low,Open,Volume
Ticker,EMB,EMB,EMB,EMB,EMB,EMB
Date,,,,,,
2014-01-02,59.197410583496094,108.18000030517578,108.29000091552734,107.95999908447266,108.1500015258789,841500
2014-01-03,59.25214767456055,108.27999877929688,108.37000274658203,108.1500015258789,108.36000061035156,442000
2014-01-06,59.48743438720703,108.70999908447266,108.77999877929688,108.37999725341797,108.51000213623047,534100
2014-01-07,59.56407165527344,108.8499984741211,108.9000015258789,108.69999694824219,108.83999633789062,902000
2014-01-08,59.23573684692383,108.25,108.69000244140625,108.23999786376953,108.69000244140625,665400
2014-01-09,59.27949905395508,108.33000183105469,108.45999908447266,108.26000213623047,108.38999938964844,746500
2014-01-10,59.5312614440918,108.79000091552734,108.9000015258789,108.4800033569336,108.62000274658203,1398300
2014-01-13,59.58047103881836,108.87999725341797,109.01000213623047,108.75,108.9800033569336,1013500
2014-01-14,59.635215759277344,108.9800033569336,109.02999877929688,108.73999786376953,108.73999786376953,385700
2014-01-15,59.64612579345703,109.0,109.0199966430664,108.81999969482422,108.81999969482422,284000
2014-01-16,59.70083999633789,109.0999984741211,109.22000122070312,109.02999877929688,109.02999877929688,428000
2014-01-17,59.73371124267578,109.16000366210938,109.2699966430664,109.06999969482422,109.20999908447266,311100
2014-01-21,59.607818603515625,108.93000030517578,109.13999938964844,108.8499984741211,109.0999984741211,724500
2014-01-22,59.427242279052734,108.5999984741211,108.9000015258789,108.56999969482422,108.9000015258789,643600
2014-01-23,59.175506591796875,108.13999938964844,108.5,108.02999877929688,108.5,1222800
2014-01-24,58.85271072387695,107.55000305175781,107.95999908447266,107.55000305175781,107.95999908447266,678600
2014-01-27,58.78703689575195,107.43000030517578,107.75,107.41999816894531,107.75,396700
2014-01-28,59.11536407470703,108.02999877929688,108.02999877929688,107.69999694824219,107.69999694824219,672000
2014-01-29,58.962162017822266,107.75,108.04000091552734,107.5999984741211,107.87000274658203,1109600
2014-01-30,58.84720230102539,107.54000091552734,107.83999633789062,107.41000366210938,107.66999816894531,891800
2014-01-31,58.704959869384766,107.27999877929688,107.44000244140625,106.94000244140625,107.0999984741211,806000
2014-02-03,58.61207580566406,106.69000244140625,107.12000274658203,106.69000244140625,107.05000305175781,730000
2014-02-04,59.00212478637695,107.4000015258789,107.48999786376953,107.23999786376953,107.33000183105469,760700
2014-02-05,59.17792892456055,107.72000122070312,108.05000305175781,107.55000305175781,107.55000305175781,1005300
2014-02-06,59.29330825805664,107.93000030517578,108.19999694824219,107.91999816894531,108.18000030517578,901100
2014-02-07,59.661373138427734,108.5999984741211,108.61000061035156,108.04000091552734,108.04000091552734,471600
2014-02-10,59.56248474121094,108.41999816894531,108.79000091552734,108.41999816894531,108.58999633789062,603900
2014-02-11,59.6009521484375,108.48999786376953,108.79000091552734,108.43000030517578,108.58000183105469,830700
2014-02-12,59.59550857543945,108.4800033569336,108.76000213623047,108.41999816894531,108.72000122070312,1621400
2014-02-13,59.58998489379883,108.47000122070312,108.5,107.81999969482422,107.81999969482422,1264000
2014-02-14,59.62294006347656,108.52999877929688,108.54000091552734,108.31999969482422,108.43000030517578,475900
2014-02-18,59.6284294128418,108.54000091552734,108.94999694824219,108.25,108.3499984741211,660500
2014-02-19,59.546051025390625,108.38999938964844,108.6500015258789,108.25,108.45999908447266,806300
2014-02-20,59.46361541748047,108.23999786376953,108.33000183105469,108.1500015258789,108.27999877929688,491800
2014-02-21,59.727298736572266,108.72000122070312,108.80999755859375,108.55000305175781,108.58000183105469,860500
2014-02-24,60.07891082763672,109.36000061035156,109.41999816894531,109.12000274658203,109.2300033569336,717500
2014-02-25,60.13386535644531,109.45999908447266,109.61000061035156,108.45999908447266,109.47000122070312,600400
2014-02-26,60.12834548950195,109.44999694824219,109.56999969482422,109.36000061035156,109.54000091552734,675800
2014-02-27,60.408512115478516,109.95999908447266,109.97000122070312,109.62000274658203,109.73999786376953,647800
2014-02-28,60.7271842956543,110.54000091552734,110.54000091552734,110.02999877929688,110.16999816894531,866100
2014-03-03,60.18169021606445,109.12000274658203,109.4000015258789,109.0199966430664,109.36000061035156,696000
2014-03-04,60.578792572021484,109.83999633789062,109.86000061035156,109.54000091552734,109.62999725341797,1571100
2014-03-05,60.644989013671875,109.95999908447266,109.98999786376953,109.77999877929688,109.94999694824219,833500
2014-03-06,60.523677825927734,109.73999786376953,109.94000244140625,109.70999908447266,109.87999725341797,433900
2014-03-07,60.418888092041016,109.55000305175781,109.69000244140625,109.27999877929688,109.68000030517578,772700
2014-03-10,60.29752731323242,109.33000183105469,109.68000030517578,109.2699966430664,109.2699966430664,751500
2014-03-11,60.18169021606445,109.12000274658203,109.45999908447266,109.12000274658203,109.33999633789062,431000
2014-03-12,60.192752838134766,109.13999938964844,109.30000305175781,108.9800033569336,109.12000274658203,611400
2014-03-13,60.07693862915039,108.93000030517578,109.33999633789062,108.9000015258789,109.16000366210938,448600
2014-03-14,60.20376205444336,109.16000366210938,109.30000305175781,108.93000030517578,108.93000030517578,303000
2014-03-17,60.269901275634766,109.27999877929688,109.47000122070312,109.0199966430664,109.37000274658203,442000
2014-03-18,60.44640350341797,109.5999984741211,109.62999725341797,109.4000015258789,109.5,441900
2014-03-19,60.39122009277344,109.5,109.94999694824219,109.33000183105469,109.8499984741211,930900
2014-03-20,60.35264205932617,109.43000030517578,109.5,109.16999816894531,109.25,676300
2014-03-21,60.269901275634766,109.27999877929688,109.5,109.19999694824219,109.4800033569336,481100
2014-03-24,60.49055862426758,109.68000030517578,109.77999877929688,109.45999908447266,109.54000091552734,605600
2014-03-25,60.6505012512207,109.97000122070312,109.98999786376953,109.69999694824219,109.69999694824219,323300
2014-03-26,60.826988220214844,110.29000091552734,110.37000274658203,110.1500015258789,110.1500015258789,528000
2014-03-27,61.24614334106445,111.05000305175781,111.12999725341797,110.66999816894531,110.72000122070312,978100
2014-03-28,61.21307373046875,110.98999786376953,111.45999908447266,110.9000015258789,111.11000061035156,1205300
2014-03-31,61.45015335083008,111.41999816894531,111.44999694824219,110.98999786376953,111.12999725341797,1410100
2014-04-01,61.8017692565918,111.62999725341797,111.62999725341797,111.01000213623047,111.12000274658203,6149800
2014-04-02,61.47510528564453,111.04000091552734,111.36000061035156,111.04000091552734,111.33999633789062,1235300
2014-04-03,61.414222717285156,110.93000030517578,110.9800033569336,110.6500015258789,110.95999908447266,390000
2014-04-04,61.78515625,111.5999984741211,111.5999984741211,111.0,111.0,530500
2014-04-07,61.635684967041016,111.33000183105469,111.55000305175781,111.2699966430664,111.4800033569336,403700
2014-04-08,61.923580169677734,111.8499984741211,111.9000015258789,111.51000213623047,111.51000213623047,724400
2014-04-09,61.96782302856445,111.93000030517578,111.95999908447266,111.66000366210938,111.66000366210938,946800
2014-04-10,62.261260986328125,112.45999908447266,112.6500015258789,112.16000366210938,112.19999694824219,1297100
2014-04-11,62.161643981933594,112.27999877929688,112.43000030517578,112.16999816894531,112.37999725341797,582200
2014-04-14,62.03984069824219,112.05999755859375,112.36000061035156,111.97000122070312,112.08999633789062,387400
2014-04-15,61.82390213012695,111.66999816894531,111.97000122070312,111.38999938964844,111.95999908447266,1013700
2014-04-16,62.00107955932617,111.98999786376953,112.01000213623047,111.25,111.94999694824219,373300
2014-04-17,62.06748962402344,112.11000061035156,112.48999786376953,111.8499984741211,111.98999786376953,512500
2014-04-21,62.178218841552734,112.30999755859375,112.3499984741211,111.63999938964844,111.83999633789062,691100
2014-04-22,62.11735534667969,112.19999694824219,112.33999633789062,112.12000274658203,112.27999877929688,534500
2014-04-23,62.03984069824219,112.05999755859375,112.16000366210938,111.9000015258789,112.08000183105469,586500
2014-04-24,61.978946685791016,111.94999694824219,112.33999633789062,111.88999938964844,112.19999694824219,550000
2014-04-25,61.75747299194336,111.55000305175781,111.93000030517578,111.45999908447266,111.81999969482422,867500
2014-04-28,61.77962112426758,111.58999633789062,111.91999816894531,111.48999786376953,111.91999816894531,379800
2014-04-29,62.02320861816406,112.02999877929688,112.12000274658203,111.75,111.83000183105469,389900
2014-04-30,62.1007194519043,112.16999816894531,112.4000015258789,111.97000122070312,112.12000274658203,908200
2014-05-01,62.086769104003906,111.7300033569336,112.01000213623047,111.6500015258789,112.01000213623047,6716400
2014-05-02,62.2313232421875,111.98999786376953,112.05000305175781,111.77999877929688,111.9000015258789,1039200
2014-05-05,62.2535285949707,112.02999877929688,112.30999755859375,111.97000122070312,112.30999755859375,1388800
2014-05-06,62.45362854003906,112.38999938964844,112.43000030517578,112.11000061035156,112.23999786376953,521900
2014-05-07,62.95368576049805,113.29000091552734,113.33000183105469,112.91000366210938,112.91999816894531,864000
2014-05-08,63.220394134521484,113.7699966430664,113.91999816894531,113.48999786376953,113.7699966430664,826600
2014-05-09,63.09819030761719,113.55000305175781,113.87999725341797,113.5,113.83999633789062,634500
2014-05-12,63.042633056640625,113.44999694824219,113.75,113.23999786376953,113.41000366210938,665400
2014-05-13,63.0648193359375,113.48999786376953,113.70999908447266,113.38999938964844,113.58999633789062,328700
2014-05-14,63.38713836669922,114.06999969482422,114.08999633789062,113.7699966430664,113.8499984741211,614800
2014-05-15,63.337100982666016,113.9800033569336,114.30000305175781,113.87000274658203,114.02999877929688,926900
2014-05-16,63.27601623535156,113.87000274658203,114.0,113.6500015258789,113.9800033569336,863200
2014-05-19,63.398216247558594,114.08999633789062,114.08999633789062,113.80000305175781,113.93000030517578,562700
2014-05-20,63.42047882080078,114.12999725341797,114.25,114.0199966430664,114.06999969482422,803800
2014-05-21,63.376014709472656,114.05000305175781,114.19000244140625,113.94000244140625,114.11000061035156,1244200
2014-05-22,63.487144470214844,114.25,114.25,114.0999984741211,114.12999725341797,761800
2014-05-23,63.51495361328125,114.30000305175781,114.37999725341797,114.23999786376953,114.25,374500
2014-05-27,63.598270416259766,114.44999694824219,114.56999969482422,114.37000274658203,114.51000213623047,685500
2014-05-28,63.92616271972656,115.04000091552734,115.16999816894531,114.62999725341797,114.7300033569336,443900
2014-05-29,64.19845581054688,115.52999877929688,115.56999969482422,115.1500015258789,115.33999633789062,2480800
2014-05-30,64.25398254394531,115.62999725341797,115.73999786376953,115.41999816894531,115.56999969482422,1043900
2014-06-02,64.26515197753906,115.23999786376953,115.48999786376953,114.94000244140625,115.27999877929688,6032800
2014-06-03,63.79671096801758,114.4000015258789,114.88999938964844,114.37000274658203,114.88999938964844,1237500
2014-06-04,63.757686614990234,114.33000183105469,114.41999816894531,114.0999984741211,114.25,1084600
2014-06-05,63.91939163208008,114.62000274658203,114.6500015258789,114.19999694824219,114.3499984741211,661600
2014-06-06,64.44361114501953,115.55999755859375,115.69000244140625,115.19999694824219,115.4000015258789,1663100
2014-06-09,64.41568756103516,115.51000213623047,115.91000366210938,115.47000122070312,115.80999755859375,581200
2014-06-10,64.17591857910156,115.08000183105469,115.62999725341797,115.05999755859375,115.62999725341797,725000
2014-06-11,63.95843505859375,114.69000244140625,115.04000091552734,114.66999816894531,114.81999969482422,491600
2014-06-12,63.88591384887695,114.55999755859375,114.7300033569336,114.47000122070312,114.62000274658203,818300
2014-06-13,64.01982116699219,114.80000305175781,114.86000061035156,114.48999786376953,114.58000183105469,478600
2014-06-16,63.65174865722656,114.13999938964844,114.69000244140625,114.01000213623047,114.6500015258789,668100
2014-06-17,63.44536209106445,113.7699966430664,114.12999725341797,113.72000122070312,114.12999725341797,1056100
2014-06-18,63.9138069152832,114.61000061035156,114.62000274658203,113.6500015258789,113.73999786376953,744300
2014-06-19,63.802284240722656,114.41000366210938,114.8499984741211,114.37000274658203,114.68000030517578,788900
2014-06-20,63.9138069152832,114.61000061035156,114.68000030517578,114.41999816894531,114.5,496800
2014-06-23,64.0588150024414,114.87000274658203,114.88999938964844,114.66000366210938,114.69000244140625,373600
2014-06-24,64.30416107177734,115.30999755859375,115.36000061035156,115.05999755859375,115.06999969482422,458500
2014-06-25,64.45476531982422,115.58000183105469,115.61000061035156,115.36000061035156,115.36000061035156,816600
2014-06-26,64.43805694580078,115.55000305175781,115.6500015258789,115.44000244140625,115.58999633789062,278600
2014-06-27,64.44361114501953,115.55999755859375,115.66000366210938,115.37999725341797,115.58000183105469,577600
2014-06-30,64.2818832397461,115.2699966430664,115.55999755859375,115.19999694824219,115.19999694824219,393500
2014-07-01,64.21524047851562,114.75,115.16999816894531,114.62999725341797,114.77999877929688,925300
2014-07-02,64.11454772949219,114.56999969482422,114.83000183105469,114.54000091552734,114.75,383600
2014-07-03,64.06979370117188,114.48999786376953,114.6500015258789,114.33999633789062,114.5999984741211,713600
2014-07-07,64.17051696777344,114.66999816894531,114.79000091552734,114.56999969482422,114.63999938964844,350900
2014-07-08,64.58462524414062,115.41000366210938,115.44000244140625,115.01000213623047,115.13999938964844,760400
2014-07-09,64.79171752929688,115.77999877929688,115.83000183105469,115.41000366210938,115.43000030517578,427500
2014-07-10,64.60142517089844,115.44000244140625,115.69999694824219,115.43000030517578,115.63999938964844,849500
2014-07-11,64.6629867553711,115.55000305175781,115.68000030517578,115.5,115.52999877929688,502100
2014-07-14,64.5342788696289,115.31999969482422,115.62000274658203,115.30000305175781,115.62000274658203,358100
2014-07-15,64.46155548095703,115.19000244140625,115.30000305175781,115.08999633789062,115.25,928100
2014-07-16,64.4111328125,115.0999984741211,115.25,115.0199966430664,115.18000030517578,533300
2014-07-17,64.27124786376953,114.8499984741211,115.19999694824219,114.8499984741211,115.1500015258789,421000
2014-07-18,64.50068664550781,115.26000213623047,115.36000061035156,114.91000366210938,114.9800033569336,894300
2014-07-21,64.64617156982422,115.5199966430664,115.54000091552734,115.01000213623047,115.33000183105469,677800
2014-07-22,64.74691772460938,115.69999694824219,115.7300033569336,115.45999908447266,115.6500015258789,489600
2014-07-23,65.08827209472656,116.30999755859375,116.31999969482422,115.95999908447266,115.9800033569336,634100
2014-07-24,64.99312591552734,116.13999938964844,116.27999877929688,116.11000061035156,116.26000213623047,441600
2014-07-25,64.90360260009766,115.9800033569336,116.30000305175781,115.93000030517578,116.05000305175781,516100
2014-07-28,64.67418670654297,115.56999969482422,115.87999725341797,115.44000244140625,115.87999725341797,538100
2014-07-29,64.60142517089844,115.44000244140625,115.70999908447266,115.44000244140625,115.48999786376953,595700
2014-07-30,64.57343292236328,115.38999938964844,115.93000030517578,115.3499984741211,115.93000030517578,688200
2014-07-31,64.12019348144531,114.58000183105469,115.16999816894531,114.55999755859375,115.04000091552734,2600400
2014-08-01,63.642818450927734,113.33000183105469,114.05000305175781,113.0199966430664,113.91000366210938,5321200
2014-08-04,63.822513580322266,113.6500015258789,114.05000305175781,113.56999969482422,113.58999633789062,1644700
2014-08-05,63.743900299072266,113.51000213623047,113.79000091552734,113.41000366210938,113.62000274658203,1832100
2014-08-06,63.6652717590332,113.37000274658203,113.5199966430664,112.94000244140625,113.05999755859375,1835200
2014-08-07,63.55293273925781,113.16999816894531,113.48999786376953,113.12000274658203,113.20999908447266,452500
2014-08-08,63.77764129638672,113.56999969482422,113.6500015258789,113.0199966430664,113.1500015258789,1237200
2014-08-11,63.906761169433594,113.80000305175781,113.88999938964844,113.62999725341797,113.63999938964844,637400
2014-08-12,63.991031646728516,113.94999694824219,114.20999908447266,113.80000305175781,114.0,659000
2014-08-13,64.15946197509766,114.25,114.31999969482422,114.0,114.0,726400
2014-08-14,64.50763702392578,114.87000274658203,114.9000015258789,114.51000213623047,114.52999877929688,754000
2014-08-15,64.60311126708984,115.04000091552734,115.25,114.80000305175781,115.12000274658203,632700
2014-08-18,64.60868072509766,115.05000305175781,115.13999938964844,115.01000213623047,115.06999969482422,367800
2014-08-19,64.7940673828125,115.37999725341797,115.4000015258789,115.19000244140625,115.33000183105469,562200
2014-08-20,64.48519134521484,114.83000183105469,115.4000015258789,114.7699966430664,115.29000091552734,824000
2014-08-21,64.58064270019531,115.0,115.08000183105469,114.80000305175781,114.88999938964844,518800
2014-08-22,64.57501220703125,114.98999786376953,115.20999908447266,114.80999755859375,115.19000244140625,848300
2014-08-25,64.5525894165039,114.94999694824219,115.0,114.87999725341797,114.97000122070312,526300
2014-08-26,64.73226165771484,115.2699966430664,115.33000183105469,115.16000366210938,115.26000213623047,548800
2014-08-27,65.14224243164062,116.0,116.0,115.54000091552734,115.58000183105469,686000
2014-08-28,64.97935485839844,115.70999908447266,115.9000015258789,115.61000061035156,115.69000244140625,630700
2014-08-29,64.93443298339844,115.62999725341797,115.81999969482422,115.58999633789062,115.75,460200
2014-09-02,64.64169311523438,114.81999969482422,115.29000091552734,114.75,115.25,1050200
2014-09-03,64.75990295410156,115.02999877929688,115.11000061035156,114.80999755859375,114.87000274658203,819100
2014-09-04,64.74866485595703,115.01000213623047,115.43000030517578,114.9000015258789,115.37999725341797,1366700
2014-09-05,64.97946166992188,115.41999816894531,115.51000213623047,115.11000061035156,115.16999816894531,1036300
2014-09-08,64.56283569335938,114.68000030517578,115.27999877929688,114.68000030517578,115.18000030517578,1249200
2014-09-09,64.3658218383789,114.33000183105469,114.61000061035156,114.33000183105469,114.61000061035156,794700
2014-09-10,64.34892272949219,114.30000305175781,114.37999725341797,113.94999694824219,114.08999633789062,946200
2014-09-11,64.35453796386719,114.30999755859375,114.5999984741211,114.2699966430664,114.4800033569336,441700
2014-09-12,63.99983215332031,113.68000030517578,114.1500015258789,113.66000366210938,114.0199966430664,1504300
2014-09-15,63.86473846435547,113.44000244140625,113.69999694824219,113.38999938964844,113.5,591800
2014-09-16,63.94357681274414,113.58000183105469,113.79000091552734,113.5,113.58999633789062,642700
2014-09-17,63.77468490600586,113.27999877929688,113.66000366210938,113.2300033569336,113.61000061035156,487900
2014-09-18,63.797245025634766,113.31999969482422,113.44999694824219,113.18000030517578,113.33999633789062,547400
2014-09-19,63.89289855957031,113.48999786376953,113.63999938964844,113.37999725341797,113.47000122070312,396600
2014-09-22,63.98862838745117,113.66000366210938,113.80000305175781,113.63999938964844,113.79000091552734,504900
2014-09-23,64.06182098388672,113.79000091552734,113.79000091552734,113.5999984741211,113.68000030517578,456100
2014-09-24,64.15747833251953,113.95999908447266,114.01000213623047,113.80999755859375,113.9000015258789,717400
2014-09-25,64.05619812011719,113.77999877929688,114.13999938964844,113.6500015258789,113.97000122070312,1003100
2014-09-26,63.86473846435547,113.44000244140625,113.69999694824219,113.30999755859375,113.33000183105469,887900
2014-09-29,63.566410064697266,112.91000366210938,113.06999969482422,112.69999694824219,113.02999877929688,1220400
2014-09-30,63.5325813293457,112.8499984741211,113.11000061035156,112.75,112.83000183105469,1136800
2014-10-01,63.911094665527344,113.12999725341797,113.1500015258789,112.63999938964844,112.80999755859375,5037600
2014-10-02,63.67951202392578,112.72000122070312,112.97000122070312,112.58999633789062,112.8499984741211,964700
2014-10-03,63.76421356201172,112.87000274658203,112.91000366210938,112.56999969482422,112.76000213623047,608500
2014-10-06,63.8941535949707,113.0999984741211,113.2699966430664,112.94999694824219,112.97000122070312,778300
2014-10-07,63.89979934692383,113.11000061035156,113.19999694824219,112.9800033569336,113.01000213623047,1023800
2014-10-08,64.15399169921875,113.55999755859375,113.58000183105469,113.08000183105469,113.19000244140625,1024800
2014-10-09,64.14836883544922,113.55000305175781,113.97000122070312,113.5199966430664,113.76000213623047,979900
2014-10-10,63.95635223388672,113.20999908447266,113.51000213623047,113.18000030517578,113.47000122070312,608300
2014-10-13,63.87158203125,113.05999755859375,113.4800033569336,113.01000213623047,113.36000061035156,553800
2014-10-14,64.02974700927734,113.33999633789062,113.5199966430664,113.19000244140625,113.20999908447266,1301200
2014-10-15,64.0354232788086,113.3499984741211,113.52999877929688,113.0199966430664,113.19000244140625,867600
2014-10-16,64.04105377197266,113.36000061035156,113.38999938964844,112.7699966430664,112.95999908447266,1408700
2014-10-17,64.3799819946289,113.95999908447266,114.08999633789062,113.69999694824219,113.76000213623047,811600
2014-10-20,64.52122497558594,114.20999908447266,114.20999908447266,114.02999877929688,114.02999877929688,802800
2014-10-21,64.3799819946289,113.95999908447266,114.20999908447266,113.91999816894531,114.16999816894531,822700
2014-10-22,64.51556396484375,114.19999694824219,114.3499984741211,114.04000091552734,114.06999969482422,1474700
2014-10-23,64.42520141601562,114.04000091552734,114.33999633789062,114.04000091552734,114.23999786376953,801100
2014-10-24,64.45345306396484,114.08999633789062,114.18000030517578,113.94000244140625,114.05000305175781,424500
2014-10-27,64.57769775390625,114.30999755859375,114.30999755859375,113.91999816894531,114.08999633789062,602100
2014-10-28,64.72460174560547,114.56999969482422,114.62000274658203,114.0,114.30999755859375,983300
2014-10-29,64.54951477050781,114.26000213623047,114.8499984741211,114.11000061035156,114.56999969482422,724500
2014-10-30,64.69073486328125,114.51000213623047,114.55999755859375,114.26000213623047,114.26000213623047,347300
2014-10-31,64.78678131103516,114.68000030517578,114.72000122070312,114.41000366210938,114.51000213623047,590600
2014-11-03,64.51744842529297,113.80000305175781,114.4800033569336,113.79000091552734,114.4800033569336,2478600
2014-11-04,64.3587417602539,113.5199966430664,113.87000274658203,113.47000122070312,113.69999694824219,730300
2014-11-05,64.31903076171875,113.44999694824219,113.66000366210938,113.43000030517578,113.4800033569336,1200400
2014-11-06,64.27369689941406,113.37000274658203,113.58000183105469,113.26000213623047,113.51000213623047,1161900
2014-11-07,64.38140106201172,113.55999755859375,113.5999984741211,113.20999908447266,113.2699966430664,1174700
2014-11-10,64.30204010009766,113.41999816894531,113.91000366210938,113.27999877929688,113.91000366210938,911900
2014-11-11,64.26802062988281,113.36000061035156,113.41000366210938,113.08999633789062,113.30999755859375,428500
2014-11-12,64.29069519042969,113.4000015258789,113.44000244140625,113.19999694824219,113.33999633789062,795800
2014-11-13,64.25670623779297,113.33999633789062,113.55000305175781,113.18000030517578,113.55000305175781,542400
2014-11-14,64.20565032958984,113.25,113.37000274658203,113.18000030517578,113.26000213623047,861100
2014-11-17,64.01856231689453,112.91999816894531,113.19999694824219,112.91000366210938,113.19999694824219,459700
2014-11-18,64.14329528808594,113.13999938964844,113.18000030517578,112.88999938964844,113.05999755859375,425400
2014-11-19,64.18297576904297,113.20999908447266,113.27999877929688,113.12000274658203,113.12000274658203,417100
2014-11-20,64.375732421875,113.55000305175781,113.5999984741211,113.2300033569336,113.30999755859375,808900
2014-11-21,64.63650512695312,114.01000213623047,114.11000061035156,113.7300033569336,113.87000274658203,583900
2014-11-24,64.64788055419922,114.02999877929688,114.20999908447266,113.97000122070312,114.05000305175781,938600
2014-11-25,64.66487121582031,114.05999755859375,114.20999908447266,113.91000366210938,114.08999633789062,379600
2014-11-26,64.8803482055664,114.44000244140625,114.44000244140625,114.13999938964844,114.2300033569336,239300
2014-11-28,64.51744842529297,113.80000305175781,114.45999908447266,113.80000305175781,114.38999938964844,328600
2014-12-01,64.1231918334961,112.69000244140625,113.38999938964844,112.66000366210938,113.04000091552734,3015500
2014-12-02,64.09468078613281,112.63999938964844,113.08000183105469,112.61000061035156,112.70999908447266,2422800
2014-12-03,64.18572998046875,112.80000305175781,112.98999786376953,112.55000305175781,112.5999984741211,741900
2014-12-04,64.25968933105469,112.93000030517578,113.16999816894531,112.66000366210938,112.66000366210938,554500
2014-12-05,64.00932312011719,112.48999786376953,113.0199966430664,112.44000244140625,113.0,1096800
2014-12-08,63.54841613769531,111.68000030517578,112.27999877929688,111.66000366210938,112.27999877929688,829000
2014-12-09,63.354949951171875,111.33999633789062,111.47000122070312,110.7300033569336,111.2300033569336,3242200
2014-12-10,62.751766204833984,110.27999877929688,111.0199966430664,110.05999755859375,110.76000213623047,959200
2014-12-11,62.41604232788086,109.69000244140625,110.25,109.66999816894531,110.05999755859375,1045500
2014-12-12,61.60805892944336,108.2699966430664,109.37000274658203,108.13999938964844,109.37000274658203,1168500
2014-12-15,60.71470260620117,106.69999694824219,108.0999984741211,106.55000305175781,108.04000091552734,1337800
2014-12-16,60.33916473388672,106.04000091552734,106.48999786376953,104.94000244140625,105.1500015258789,2431500
2014-12-17,61.858428955078125,108.70999908447266,109.12000274658203,106.95999908447266,107.19999694824219,1149400
2014-12-18,62.717655181884766,110.22000122070312,110.54000091552734,109.44999694824219,110.1500015258789,1386800
2014-12-19,63.372013092041016,111.37000274658203,111.45999908447266,110.23999786376953,110.23999786376953,816400
2014-12-22,63.474449157714844,111.55000305175781,111.9000015258789,111.05999755859375,111.12000274658203,1746800
2014-12-23,63.22407913208008,111.11000061035156,111.5199966430664,111.0999984741211,111.36000061035156,828000
2014-12-24,63.433467864990234,110.87999725341797,111.11000061035156,110.44000244140625,111.11000061035156,278000
2014-12-26,63.38768768310547,110.80000305175781,111.02999877929688,110.68000030517578,110.68000030517578,201100
2014-12-29,63.078773498535156,110.26000213623047,110.8499984741211,110.02999877929688,110.4800033569336,854500
2014-12-30,63.25041961669922,110.55999755859375,110.5999984741211,110.05999755859375,110.08999633789062,690700
2014-12-31,62.76414108276367,109.70999908447266,110.86000061035156,109.63999938964844,110.77999877929688,512400
2015-01-02,62.540992736816406,109.31999969482422,110.30999755859375,108.7300033569336,110.01000213623047,4506900
2015-01-05,62.14052200317383,108.62000274658203,109.88999938964844,108.56999969482422,109.88999938964844,1378500
2015-01-06,61.946044921875,108.27999877929688,108.9000015258789,108.2699966430664,108.63999938964844,768100
2015-01-07,62.724056243896484,109.63999938964844,109.80000305175781,108.86000061035156,109.1500015258789,1408700
2015-01-08,62.99296951293945,110.11000061035156,110.80999755859375,110.05999755859375,110.1500015258789,831900
2015-01-09,62.952919006347656,110.04000091552734,110.13999938964844,109.77999877929688,109.94000244140625,606200
2015-01-12,62.586753845214844,109.4000015258789,109.86000061035156,109.3499984741211,109.86000061035156,420100
2015-01-13,62.78697204589844,109.75,110.05999755859375,109.4800033569336,109.61000061035156,1375200
2015-01-14,63.2618408203125,110.58000183105469,110.69000244140625,110.01000213623047,110.45999908447266,685500
2015-01-15,63.347660064697266,110.7300033569336,111.4000015258789,110.62000274658203,111.02999877929688,1117800
2015-01-16,63.39344787597656,110.80999755859375,111.0999984741211,110.55999755859375,111.0999984741211,735500
2015-01-20,63.38200759887695,110.79000091552734,111.05999755859375,110.70999908447266,110.81999969482422,649900
2015-01-21,63.324764251708984,110.69000244140625,110.97000122070312,110.52999877929688,110.58999633789062,1051000
2015-01-22,63.13022994995117,110.3499984741211,110.7699966430664,110.18000030517578,110.38999938964844,1794100
2015-01-23,63.873958587646484,111.6500015258789,111.9000015258789,111.13999938964844,111.33999633789062,1129200
2015-01-26,63.27900314331055,110.61000061035156,111.66000366210938,110.61000061035156,111.5199966430664,1304200
2015-01-27,63.73091506958008,111.4000015258789,111.41999816894531,110.80000305175781,110.80000305175781,602400
2015-01-28,63.793853759765625,111.51000213623047,111.83999633789062,111.19999694824219,111.41000366210938,1036700
2015-01-29,63.87968826293945,111.66000366210938,111.76000213623047,111.43000030517578,111.75,391800
2015-01-30,63.93688201904297,111.76000213623047,111.94000244140625,111.47000122070312,111.8499984741211,867800
2015-02-02,63.999473571777344,111.48999786376953,111.75,111.18000030517578,111.63999938964844,1557800
2015-02-03,64.3438720703125,112.08999633789062,112.16999816894531,111.69999694824219,111.80000305175781,933700
2015-02-04,63.8043098449707,111.1500015258789,111.97000122070312,111.0,111.9000015258789,636400
2015-02-05,64.1429672241211,111.73999786376953,111.75,111.29000091552734,111.30000305175781,505100
2015-02-06,63.9765510559082,111.44999694824219,111.91999816894531,111.41999816894531,111.73999786376953,507300
2015-02-09,64.01097106933594,111.51000213623047,111.55999755859375,111.3499984741211,111.48999786376953,566800
2015-02-10,63.545982360839844,110.69999694824219,110.94000244140625,110.51000213623047,110.88999938964844,829000
2015-02-11,63.48854446411133,110.5999984741211,110.83999633789062,110.4800033569336,110.80000305175781,447800
2015-02-12,63.99372863769531,111.4800033569336,111.51000213623047,110.75,111.0,2686500
2015-02-13,64.14869689941406,111.75,111.8499984741211,111.5,111.80000305175781,539600
2015-02-17,64.03964233398438,111.55999755859375,111.76000213623047,111.5,111.58999633789062,761800
2015-02-18,64.01668548583984,111.5199966430664,111.56999969482422,111.08999633789062,111.51000213623047,303300
2015-02-19,63.827239990234375,111.19000244140625,111.55999755859375,111.1500015258789,111.30999755859375,343900
2015-02-20,64.00521850585938,111.5,111.5999984741211,111.26000213623047,111.30000305175781,401400
2015-02-23,63.91910934448242,111.3499984741211,111.3499984741211,110.9800033569336,111.30999755859375,649400
2015-02-24,64.21759796142578,111.87000274658203,111.87999725341797,111.16000366210938,111.31999969482422,592500
2015-02-25,64.51036834716797,112.37999725341797,112.37999725341797,112.02999877929688,112.22000122070312,587500
2015-02-26,64.44147491455078,112.26000213623047,112.62000274658203,112.16999816894531,112.5,613300
2015-02-27,64.55055236816406,112.44999694824219,112.55000305175781,112.01000213623047,112.2699966430664,350200
2015-03-02,64.3351821899414,111.72000122070312,112.27999877929688,111.69999694824219,112.2300033569336,1097600
2015-03-03,64.45034790039062,111.91999816894531,112.06999969482422,111.7300033569336,111.94000244140625,381100
2015-03-04,64.19696807861328,111.4800033569336,111.97000122070312,111.43000030517578,111.97000122070312,654700
2015-03-05,64.19120025634766,111.47000122070312,111.66000366210938,111.29000091552734,111.5199966430664,442300
2015-03-06,63.759334564208984,110.72000122070312,111.33999633789062,110.63999938964844,111.08999633789062,623600
2015-03-09,63.713260650634766,110.63999938964844,110.83999633789062,110.63999938964844,110.72000122070312,366300
2015-03-10,63.465633392333984,110.20999908447266,110.30999755859375,109.87000274658203,110.29000091552734,478000
2015-03-11,63.5750617980957,110.4000015258789,110.44000244140625,109.94999694824219,110.08000183105469,460000
2015-03-12,63.64986801147461,110.52999877929688,110.98999786376953,110.41000366210938,110.66999816894531,1303500
2015-03-13,63.183467864990234,109.72000122070312,110.2699966430664,109.61000061035156,110.19999694824219,821600
2015-03-16,62.9991455078125,109.4000015258789,109.81999969482422,109.31999969482422,109.73999786376953,1381800
2015-03-17,63.08555221557617,109.55000305175781,109.61000061035156,109.2699966430664,109.5,447400
2015-03-18,63.91478729248047,110.98999786376953,111.08999633789062,109.30999755859375,109.4800033569336,628600
2015-03-19,63.62687683105469,110.48999786376953,111.02999877929688,110.44000244140625,110.94000244140625,836300
2015-03-20,64.31790924072266,111.69000244140625,111.69999694824219,111.0199966430664,111.0199966430664,582200
2015-03-23,64.49068450927734,111.98999786376953,112.12000274658203,111.75,111.7699966430664,561500
2015-03-24,64.52521514892578,112.05000305175781,112.27999877929688,111.80000305175781,112.0999984741211,894000
2015-03-25,64.68643188476562,112.33000183105469,112.62000274658203,112.04000091552734,112.16999816894531,674900
2015-03-26,64.3351821899414,111.72000122070312,112.19000244140625,111.4800033569336,112.16999816894531,527600
2015-03-27,64.4446029663086,111.91000366210938,111.9800033569336,111.61000061035156,111.69999694824219,480300
2015-03-30,64.59432220458984,112.16999816894531,112.20999908447266,111.88999938964844,112.05999755859375,397700
2015-03-31,64.56554412841797,112.12000274658203,112.30000305175781,112.0,112.04000091552734,637400
2015-04-01,64.88218688964844,112.29000091552734,112.41999816894531,112.0199966430664,112.16000366210938,1491500
2015-04-02,65.20574188232422,112.8499984741211,112.87000274658203,112.51000213623047,112.51000213623047,681600
2015-04-06,65.442626953125,113.26000213623047,113.51000213623047,112.94000244140625,112.98999786376953,571400
2015-04-07,65.32131958007812,113.05000305175781,113.23999786376953,112.88999938964844,113.16000366210938,1217500
2015-04-08,65.62751770019531,113.58000183105469,113.6500015258789,113.3499984741211,113.3499984741211,706200
2015-04-09,65.64488983154297,113.61000061035156,113.86000061035156,113.45999908447266,113.81999969482422,872700
2015-04-10,65.65068817138672,113.62000274658203,113.87000274658203,113.48999786376953,113.51000213623047,445300
2015-04-13,65.55818939208984,113.45999908447266,113.6500015258789,113.43000030517578,113.62000274658203,529800
2015-04-14,65.63333129882812,113.58999633789062,113.83999633789062,113.51000213623047,113.66999816894531,784900
2015-04-15,65.73728942871094,113.7699966430664,113.77999877929688,113.51000213623047,113.63999938964844,457800
2015-04-16,65.5928726196289,113.5199966430664,113.77999877929688,113.44999694824219,113.66999816894531,764300
2015-04-17,65.50624084472656,113.37000274658203,113.4800033569336,113.05000305175781,113.4000015258789,778900
2015-04-20,65.35022735595703,113.0999984741211,113.22000122070312,112.87999725341797,113.18000030517578,855600
2015-04-21,65.40797424316406,113.19999694824219,113.26000213623047,113.01000213623047,113.02999877929688,853400
2015-04-22,65.64488983154297,113.61000061035156,113.62999725341797,113.43000030517578,113.51000213623047,1366400
2015-04-23,65.79508209228516,113.87000274658203,113.9800033569336,113.54000091552734,113.58999633789062,1374300
2015-04-24,65.9337387084961,114.11000061035156,114.11000061035156,113.94999694824219,114.11000061035156,744200
2015-04-27,66.0088882446289,114.23999786376953,114.30999755859375,114.11000061035156,114.22000122070312,617700
2015-04-28,65.96268463134766,114.16000366210938,114.30000305175781,114.02999877929688,114.12999725341797,1967500
2015-04-29,65.54661560058594,113.44000244140625,113.73999786376953,113.33000183105469,113.70999908447266,520900
2015-04-30,65.36174011230469,113.12000274658203,113.31999969482422,112.97000122070312,113.31999969482422,455500
2015-05-01,65.42675018310547,112.83000183105469,112.9800033569336,112.3499984741211,112.68000030517578,831200
2015-05-04,65.33392333984375,112.66999816894531,112.80000305175781,112.66000366210938,112.80000305175781,316400
2015-05-05,65.23529815673828,112.5,112.69000244140625,112.36000061035156,112.69000244140625,529100
2015-05-06,65.2179183959961,112.47000122070312,112.62000274658203,112.38999938964844,112.52999877929688,476200
2015-05-07,65.11939239501953,112.30000305175781,112.37000274658203,112.08999633789062,112.2699966430664,488200
2015-05-08,65.47885131835938,112.91999816894531,112.94999694824219,112.58999633789062,112.5999984741211,911500
2015-05-11,65.17738342285156,112.4000015258789,112.98999786376953,112.2300033569336,112.87999725341797,1393900
2015-05-12,64.82943725585938,111.80000305175781,112.05000305175781,111.5999984741211,111.75,752200
2015-05-13,64.89900970458984,111.91999816894531,112.4000015258789,111.88999938964844,112.30000305175781,811200
2015-05-14,65.11357879638672,112.29000091552734,112.29000091552734,111.93000030517578,111.94000244140625,679800
2015-05-15,65.43827819824219,112.8499984741211,112.8499984741211,112.3499984741211,112.38999938964844,479700
2015-05-18,65.27010345458984,112.55999755859375,113.04000091552734,112.48999786376953,113.04000091552734,1375100
2015-05-19,64.95124053955078,112.01000213623047,112.41000366210938,111.98999786376953,112.41000366210938,639000
2015-05-20,65.00920104980469,112.11000061035156,112.27999877929688,111.91000366210938,112.0999984741211,849700
2015-05-21,65.35710144042969,112.70999908447266,112.77999877929688,112.2699966430664,112.30999755859375,768600
2015-05-22,65.444091796875,112.86000061035156,112.88999938964844,112.62999725341797,112.66999816894531,633900
2015-05-26,65.26432037353516,112.55000305175781,112.75,112.5199966430664,112.69000244140625,295800
2015-05-27,65.14830017089844,112.3499984741211,112.58999633789062,112.31999969482422,112.55000305175781,373700
2015-05-28,64.96855163574219,112.04000091552734,112.27999877929688,111.9800033569336,112.19000244140625,469600
2015-05-29,65.15995025634766,112.37000274658203,112.44000244140625,112.02999877929688,112.06999969482422,563300
2015-06-01,64.79849243164062,111.33000183105469,111.80999755859375,111.19000244140625,111.66000366210938,849300
2015-06-02,64.71124267578125,111.18000030517578,111.36000061035156,111.0,111.2300033569336,529100
2015-06-03,64.48416900634766,110.79000091552734,111.18000030517578,110.66999816894531,111.05999755859375,699200
2015-06-04,64.41436004638672,110.66999816894531,110.94999694824219,110.3499984741211,110.55000305175781,824900
2015-06-05,64.07096862792969,110.08000183105469,110.31999969482422,109.95999908447266,110.20999908447266,633100
2015-06-08,63.9138069152832,109.80999755859375,110.05999755859375,109.77999877929688,110.0,447900
2015-06-09,63.675174713134766,109.4000015258789,109.80000305175781,109.38999938964844,109.77999877929688,758600
2015-06-10,63.44820022583008,109.01000213623047,109.33999633789062,109.01000213623047,109.1500015258789,529000
2015-06-11,63.616973876953125,109.30000305175781,109.77999877929688,108.9800033569336,109.77999877929688,679800
2015-06-12,63.70423889160156,109.44999694824219,109.54000091552734,109.3499984741211,109.41999816894531,610300
2015-06-15,63.38996887207031,108.91000366210938,109.44000244140625,108.87000274658203,109.44000244140625,809000
2015-06-16,63.378326416015625,108.88999938964844,108.91999816894531,108.70999908447266,108.72000122070312,1126600
2015-06-17,63.65770721435547,109.37000274658203,109.37999725341797,108.83000183105469,108.83000183105469,501400
2015-06-18,63.98365020751953,109.93000030517578,109.94999694824219,109.44000244140625,109.69999694824219,580800
2015-06-19,64.14663696289062,110.20999908447266,110.3499984741211,109.97000122070312,110.08000183105469,804900
2015-06-22,64.23971557617188,110.37000274658203,110.52999877929688,110.27999877929688,110.5199966430664,521500
2015-06-23,64.21646881103516,110.33000183105469,110.56999969482422,110.33000183105469,110.51000213623047,626800
2015-06-24,64.274658203125,110.43000030517578,110.61000061035156,110.37999725341797,110.58999633789062,536100
2015-06-25,64.18733215332031,110.27999877929688,110.5999984741211,110.16999816894531,110.5,515800
2015-06-26,63.98365020751953,109.93000030517578,110.27999877929688,109.86000061035156,110.16999816894531,723700
2015-06-29,63.814884185791016,109.63999938964844,109.79000091552734,109.36000061035156,109.66999816894531,595700
2015-06-30,63.97782897949219,109.91999816894531,110.04000091552734,109.6500015258789,109.6500015258789,788300
2015-07-01,64.21269226074219,109.9000015258789,110.05000305175781,109.58999633789062,109.80999755859375,7283200
2015-07-02,64.25360870361328,109.97000122070312,110.0199966430664,109.73999786376953,109.75,1021600
2015-07-06,63.98484802246094,109.51000213623047,109.87999725341797,109.48999786376953,109.8499984741211,915500
2015-07-07,63.93809127807617,109.43000030517578,109.83000183105469,109.33000183105469,109.44000244140625,863400
2015-07-08,63.815399169921875,109.22000122070312,109.58999633789062,109.22000122070312,109.55000305175781,940600
2015-07-09,63.96146774291992,109.47000122070312,109.73999786376953,109.33999633789062,109.33999633789062,647600
2015-07-10,64.20100402832031,109.87999725341797,109.97000122070312,109.75,109.91000366210938,584300
2015-07-13,64.1017074584961,109.70999908447266,109.87999725341797,109.61000061035156,109.77999877929688,462500
2015-07-14,63.8913459777832,109.3499984741211,109.77999877929688,109.30000305175781,109.56999969482422,1121400
2015-07-15,63.8913459777832,109.3499984741211,109.41999816894531,109.2699966430664,109.30999755859375,934400
2015-07-16,64.06082153320312,109.63999938964844,109.69000244140625,109.37000274658203,109.45999908447266,676300
2015-07-17,64.08416748046875,109.68000030517578,109.87999725341797,109.54000091552734,109.73999786376953,551100
2015-07-20,63.99652099609375,109.52999877929688,109.79000091552734,109.5,109.6500015258789,452700
2015-07-21,64.03742980957031,109.5999984741211,109.70999908447266,109.4800033569336,109.56999969482422,745000
2015-07-22,64.07833099365234,109.66999816894531,109.8499984741211,109.47000122070312,109.47000122070312,508900
2015-07-23,63.90886306762695,109.37999725341797,109.6500015258789,109.30000305175781,109.62000274658203,481000
2015-07-24,63.67517852783203,108.9800033569336,109.44000244140625,108.9000015258789,109.31999969482422,641200
2015-07-27,63.423912048339844,108.55000305175781,108.77999877929688,108.51000213623047,108.58999633789062,760800
2015-07-28,63.534942626953125,108.73999786376953,108.79000091552734,108.5,108.61000061035156,750800
2015-07-29,63.86214828491211,109.30000305175781,109.30999755859375,108.9800033569336,109.0,823400
2015-07-30,64.066650390625,109.6500015258789,109.72000122070312,108.94999694824219,109.18000030517578,995300
2015-07-31,64.07247161865234,109.66000366210938,109.8499984741211,109.51000213623047,109.76000213623047,419500
2015-08-03,63.79036331176758,108.76000213623047,109.30000305175781,108.68000030517578,109.25,3302800
2015-08-04,63.8841667175293,108.91999816894531,109.25,108.77999877929688,109.05999755859375,1428300
2015-08-05,63.819679260253906,108.80999755859375,108.94000244140625,108.76000213623047,108.91999816894531,810200
2015-08-06,63.590972900390625,108.41999816894531,108.86000061035156,108.30999755859375,108.7300033569336,1426900
2015-08-07,63.62025451660156,108.47000122070312,108.55000305175781,108.30000305175781,108.41000366210938,892900
2015-08-10,63.63201904296875,108.48999786376953,108.55999755859375,108.33999633789062,108.44999694824219,618600
2015-08-11,63.64957809448242,108.5199966430664,108.75,108.30999755859375,108.75,859400
2015-08-12,63.68475341796875,108.58000183105469,108.63999938964844,108.33999633789062,108.41999816894531,905100
2015-08-13,63.63201904296875,108.48999786376953,108.69999694824219,108.47000122070312,108.55000305175781,766200
2015-08-14,63.667171478271484,108.55000305175781,108.55000305175781,108.37999725341797,108.4800033569336,1096000
2015-08-17,63.7082405090332,108.62000274658203,108.62999725341797,108.27999877929688,108.27999877929688,576600
2015-08-18,63.479522705078125,108.2300033569336,108.51000213623047,108.19999694824219,108.44000244140625,544700
2015-08-19,63.309383392333984,107.94000244140625,108.23999786376953,107.8499984741211,108.12999725341797,1407000
2015-08-20,63.08066177368164,107.55000305175781,107.68000030517578,107.3499984741211,107.3499984741211,1412800
2015-08-21,62.81089782714844,107.08999633789062,107.52999877929688,107.05999755859375,107.25,1507000
2015-08-24,61.90171432495117,105.54000091552734,106.23999786376953,105.02999877929688,105.5999984741211,1862300
2015-08-25,62.3826789855957,106.36000061035156,106.95999908447266,106.30000305175781,106.95999908447266,1415100
2015-08-26,62.37099075317383,106.33999633789062,106.61000061035156,106.26000213623047,106.30999755859375,1745800
2015-08-27,63.27417755126953,107.87999725341797,107.97000122070312,107.38999938964844,107.38999938964844,1856000
2015-08-28,63.31527328491211,107.94999694824219,108.22000122070312,107.79000091552734,107.79000091552734,799400
2015-08-31,63.35047149658203,108.01000213623047,108.45999908447266,107.9000015258789,108.37000274658203,523300
2015-09-01,63.398197174072266,107.62999725341797,107.77999877929688,107.3499984741211,107.4800033569336,3986600
2015-09-02,63.121376037597656,107.16000366210938,107.44999694824219,107.08999633789062,107.31999969482422,780100
2015-09-03,63.45120620727539,107.72000122070312,107.86000061035156,107.2300033569336,107.25,792900
2015-09-04,63.404083251953125,107.63999938964844,107.87000274658203,107.01000213623047,107.66999816894531,698600
2015-09-08,63.38051986694336,107.5999984741211,107.80000305175781,107.5999984741211,107.5999984741211,582800
2015-09-09,63.59254837036133,107.95999908447266,108.0,107.66999816894531,107.91999816894531,972600
2015-09-10,63.49831008911133,107.80000305175781,107.9800033569336,107.75,107.87999725341797,602700
2015-09-11,63.510101318359375,107.81999969482422,107.87000274658203,107.69000244140625,107.80000305175781,520800
2015-09-14,63.55133819580078,107.88999938964844,107.88999938964844,107.70999908447266,107.70999908447266,235800
2015-09-15,63.47477722167969,107.76000213623047,108.0,107.73999786376953,107.80000305175781,576200
2015-09-16,63.73394012451172,108.19999694824219,108.27999877929688,107.69999694824219,108.02999877929688,1286700
2015-09-17,64.1050033569336,108.83000183105469,108.97000122070312,108.16999816894531,108.19999694824219,685600
2015-09-18,64.26996612548828,109.11000061035156,109.23999786376953,108.91000366210938,108.95999908447266,1064900
2015-09-21,63.9106559753418,108.5,109.12999725341797,108.48999786376953,109.06999969482422,790300
2015-09-22,63.398197174072266,107.62999725341797,108.87000274658203,107.62000274658203,108.11000061035156,571000
2015-09-23,63.26857376098633,107.41000366210938,107.76000213623047,107.29000091552734,107.70999908447266,748600
2015-09-24,63.05654525756836,107.05000305175781,107.13999938964844,106.5999984741211,106.75,1100600
2015-09-25,62.90922164916992,106.80000305175781,107.31999969482422,106.66999816894531,107.31999969482422,411800
2015-09-28,62.367332458496094,105.87999725341797,106.5,105.69999694824219,106.37000274658203,516300
2015-09-29,62.22602844238281,105.63999938964844,105.70999908447266,105.36000061035156,105.55999755859375,690600
2015-09-30,62.67367172241211,106.4000015258789,106.4000015258789,106.06999969482422,106.12999725341797,985100
2015-10-01,62.496158599853516,105.62999725341797,106.38999938964844,105.58999633789062,106.1500015258789,3095400
2015-10-02,63.20618438720703,106.83000183105469,106.83000183105469,106.04000091552734,106.26000213623047,1013300
2015-10-05,63.51968765258789,107.36000061035156,107.54000091552734,107.01000213623047,107.16000366210938,623000
2015-10-06,63.720863342285156,107.69999694824219,107.75,107.3499984741211,107.38999938964844,726400
2015-10-07,63.922027587890625,108.04000091552734,108.31999969482422,107.81999969482422,108.12999725341797,709200
2015-10-08,63.9516487121582,108.08999633789062,108.11000061035156,107.61000061035156,107.79000091552734,666900
2015-10-09,64.21788787841797,108.54000091552734,108.55999755859375,108.2300033569336,108.27999877929688,463400
2015-10-12,64.30068969726562,108.68000030517578,108.72000122070312,108.36000061035156,108.36000061035156,277900
2015-10-13,63.85108184814453,107.91999816894531,108.41999816894531,107.91999816894531,108.41999816894531,775200
2015-10-14,64.14094543457031,108.41000366210938,108.41999816894531,108.02999877929688,108.2300033569336,701700
2015-10-15,64.46040344238281,108.94999694824219,108.95999908447266,108.66000366210938,108.80999755859375,713700
2015-10-16,64.80950164794922,109.54000091552734,109.68000030517578,109.12000274658203,109.37999725341797,1156300
2015-10-19,64.8154525756836,109.55000305175781,109.55999755859375,109.20999908447266,109.20999908447266,723100
2015-10-20,64.46040344238281,108.94999694824219,109.25,108.7699966430664,109.11000061035156,1121300
2015-10-21,64.23562622070312,108.56999969482422,108.70999908447266,108.44999694824219,108.51000213623047,604000
2015-10-22,64.50780487060547,109.02999877929688,109.08999633789062,108.48999786376953,108.62000274658203,663900
2015-10-23,64.63794708251953,109.25,109.41999816894531,109.12999725341797,109.33000183105469,687800
2015-10-26,64.67341613769531,109.30999755859375,109.44999694824219,109.11000061035156,109.1500015258789,434600
2015-10-27,64.49597930908203,109.01000213623047,109.2300033569336,108.86000061035156,109.06999969482422,1288800
2015-10-28,64.22972869873047,108.55999755859375,109.23999786376953,108.48999786376953,109.0199966430664,566300
2015-10-29,64.32435607910156,108.72000122070312,108.87999725341797,108.63999938964844,108.73999786376953,654400
2015-10-30,64.19424438476562,108.5,108.81999969482422,108.41000366210938,108.7300033569336,892300
2015-11-02,64.24176025390625,108.13999938964844,108.5199966430664,107.9800033569336,108.04000091552734,3335600
2015-11-03,64.59817504882812,108.73999786376953,108.83000183105469,108.37000274658203,108.4800033569336,1028800
2015-11-04,64.58626556396484,108.72000122070312,109.30000305175781,108.68000030517578,109.01000213623047,693900
2015-11-05,64.66350555419922,108.8499984741211,109.01000213623047,108.5999984741211,108.8499984741211,840900
2015-11-06,64.27143859863281,108.19000244140625,108.26000213623047,107.83000183105469,108.22000122070312,1091200
2015-11-09,63.96254348754883,107.66999816894531,108.0,107.5199966430664,107.62999725341797,640700
2015-11-10,64.04568481445312,107.80999755859375,107.86000061035156,107.44999694824219,107.55999755859375,461500
2015-11-11,64.06352233886719,107.83999633789062,107.91000366210938,107.5199966430664,107.5199966430664,357600
2015-11-12,64.18231201171875,108.04000091552734,108.1500015258789,107.88999938964844,107.91999816894531,834700
2015-11-13,64.0872573852539,107.87999725341797,107.97000122070312,107.69999694824219,107.91000366210938,718900
2015-11-16,64.1229248046875,107.94000244140625,107.94000244140625,107.52999877929688,107.63999938964844,1843200
2015-11-17,64.27143859863281,108.19000244140625,108.23999786376953,107.95999908447266,108.12000274658203,893700
2015-11-18,64.42587280273438,108.44999694824219,108.62000274658203,108.36000061035156,108.62000274658203,539600
2015-11-19,64.54469299316406,108.6500015258789,108.7300033569336,108.55000305175781,108.66999816894531,943100
2015-11-20,64.74669647216797,108.98999786376953,109.0999984741211,108.80000305175781,108.8499984741211,1427800
2015-11-23,64.68136596679688,108.87999725341797,109.0199966430664,108.79000091552734,108.9000015258789,647400
2015-11-24,64.61602020263672,108.7699966430664,108.87000274658203,108.56999969482422,108.87000274658203,801300
2015-11-25,64.55656433105469,108.66999816894531,109.0,108.55999755859375,108.83000183105469,432900
2015-11-27,64.56253814697266,108.68000030517578,108.73999786376953,108.55000305175781,108.6500015258789,378300
2015-11-30,64.39024353027344,108.38999938964844,108.75,108.36000061035156,108.62000274658203,1260600
2015-12-01,64.5781021118164,108.27999877929688,108.33999633789062,108.08000183105469,108.20999908447266,2350100
2015-12-02,64.369384765625,107.93000030517578,108.2699966430664,107.80999755859375,108.1500015258789,793900
2015-12-03,63.92207336425781,107.18000030517578,107.93000030517578,107.16000366210938,107.93000030517578,1245000
2015-12-04,64.01750946044922,107.33999633789062,107.38999938964844,106.9000015258789,106.91000366210938,1114300
2015-12-07,63.86240005493164,107.08000183105469,107.41999816894531,107.0199966430664,107.02999877929688,637200
2015-12-08,63.76104736328125,106.91000366210938,107.08000183105469,106.9000015258789,107.0199966430664,1314400
2015-12-09,63.868385314941406,107.08999633789062,107.36000061035156,107.05000305175781,107.18000030517578,1022100
2015-12-10,63.77296447753906,106.93000030517578,107.13999938964844,106.91999816894531,107.0199966430664,902200
2015-12-11,62.794864654541016,105.29000091552734,106.54000091552734,105.19999694824219,106.51000213623047,1817500
2015-12-14,63.04536056518555,105.70999908447266,105.94000244140625,105.13999938964844,105.13999938964844,1273700
2015-12-15,63.25413513183594,106.05999755859375,106.16999816894531,105.77999877929688,105.87000274658203,1093800
2015-12-16,63.30179977416992,106.13999938964844,106.43000030517578,105.63999938964844,106.08999633789062,1379800
2015-12-17,63.35550308227539,106.2300033569336,106.61000061035156,106.19999694824219,106.37999725341797,943900
2015-12-18,63.21233367919922,105.98999786376953,106.36000061035156,105.98999786376953,106.26000213623047,1017600
2015-12-21,63.099056243896484,105.80000305175781,106.20999908447266,105.7300033569336,106.16999816894531,979800
2015-12-22,63.20639419555664,105.9800033569336,106.18000030517578,105.73999786376953,105.8499984741211,1260300
2015-12-23,63.49267578125,106.45999908447266,106.47000122070312,105.94000244140625,105.98999786376953,1357000
2015-12-24,63.52144241333008,105.95999908447266,106.37999725341797,105.9000015258789,105.93000030517578,955800
2015-12-28,63.34163284301758,105.66000366210938,106.0,105.63999938964844,106.0,534100
2015-12-29,63.40156173706055,105.76000213623047,105.91000366210938,105.66999816894531,105.7699966430664,438800
2015-12-30,63.53342819213867,105.9800033569336,106.0,105.45999908447266,105.45999908447266,1078100
2015-12-31,63.41353225708008,105.77999877929688,106.04000091552734,105.70999908447266,105.98999786376953,799600
2016-01-04,63.34759521484375,105.66999816894531,105.81999969482422,105.44999694824219,105.48999786376953,1249700
2016-01-05,63.51540756225586,105.94999694824219,106.36000061035156,105.72000122070312,105.75,1170500
2016-01-06,63.509456634521484,105.94000244140625,106.02999877929688,105.73999786376953,105.80000305175781,913900
2016-01-07,63.20973587036133,105.44000244140625,105.62000274658203,105.1500015258789,105.1500015258789,1173900
2016-01-08,63.15574645996094,105.3499984741211,105.80999755859375,105.30999755859375,105.55000305175781,2015700
2016-01-11,63.047855377197266,105.16999816894531,105.44999694824219,105.06999969482422,105.44999694824219,787800
2016-01-12,62.754119873046875,104.68000030517578,105.25,104.61000061035156,105.12999725341797,1318100
2016-01-13,62.50831604003906,104.2699966430664,104.97000122070312,104.25,104.91000366210938,1520200
2016-01-14,62.58025360107422,104.38999938964844,104.5,103.80000305175781,103.80000305175781,720900
2016-01-15,61.9627799987793,103.36000061035156,104.23999786376953,103.12000274658203,103.5999984741211,1434100
2016-01-19,62.19057083129883,103.73999786376953,103.98999786376953,103.55000305175781,103.91000366210938,1688500
2016-01-20,61.812896728515625,103.11000061035156,103.36000061035156,102.9000015258789,103.12000274658203,2162500
2016-01-21,62.094696044921875,103.58000183105469,103.69000244140625,103.26000213623047,103.31999969482422,803000
2016-01-22,62.6761589050293,104.55000305175781,104.79000091552734,104.16999816894531,104.44999694824219,1325000
2016-01-25,62.388427734375,104.06999969482422,104.73999786376953,104.06999969482422,104.66000366210938,839200
2016-01-26,62.586280822753906,104.4000015258789,104.55000305175781,103.83000183105469,104.11000061035156,1405200
2016-01-27,62.88597106933594,104.9000015258789,105.30000305175781,104.70999908447266,104.70999908447266,773400
2016-01-28,63.21574020385742,105.44999694824219,105.9000015258789,105.37999725341797,105.80000305175781,557400
2016-01-29,63.4375114440918,105.81999969482422,106.11000061035156,105.61000061035156,106.11000061035156,1099100
2016-02-01,63.123931884765625,104.87999725341797,105.29000091552734,104.69999694824219,105.19999694824219,2583100
2016-02-02,62.98551559448242,104.6500015258789,104.66999816894531,104.4000015258789,104.61000061035156,1023500
2016-02-03,63.262386322021484,105.11000061035156,105.12999725341797,104.44000244140625,104.69000244140625,1051300
2016-02-04,63.34063720703125,105.23999786376953,105.29000091552734,104.94999694824219,105.23999786376953,1302600
2016-02-05,63.2744140625,105.12999725341797,105.2699966430664,105.0999984741211,105.12000274658203,802100
2016-02-08,62.99154281616211,104.66000366210938,104.81999969482422,104.4800033569336,104.81999969482422,1115800
2016-02-09,62.786903381347656,104.31999969482422,104.58999633789062,104.25,104.25,783800
2016-02-10,62.84709167480469,104.41999816894531,104.7699966430664,104.4000015258789,104.52999877929688,745000
2016-02-11,62.774845123291016,104.30000305175781,104.36000061035156,103.94999694824219,104.0199966430664,882000
2016-02-12,63.02158737182617,104.70999908447266,104.83000183105469,104.27999877929688,104.41000366210938,991600
2016-02-16,63.22626495361328,105.05000305175781,105.2300033569336,104.73999786376953,105.2300033569336,2044000
2016-02-17,63.67164993286133,105.79000091552734,105.91000366210938,105.37000274658203,105.48999786376953,1727400
2016-02-18,63.864219665527344,106.11000061035156,106.30999755859375,105.93000030517578,106.0,1249500
2016-02-19,63.81006622314453,106.0199966430664,106.18000030517578,105.75,106.18000030517578,570100
2016-02-22,64.12303161621094,106.54000091552734,106.5999984741211,106.41999816894531,106.52999877929688,657000
2016-02-23,64.11103057861328,106.5199966430664,106.68000030517578,106.25,106.5199966430664,645600
2016-02-24,64.12303161621094,106.54000091552734,106.56999969482422,106.0,106.0,847600
2016-02-25,64.34574127197266,106.91000366210938,106.98999786376953,106.5199966430664,106.54000091552734,1161100
2016-02-26,64.4540786743164,107.08999633789062,107.45999908447266,107.01000213623047,107.2699966430664,1342000
2016-02-29,64.55036163330078,107.25,107.55999755859375,107.11000061035156,107.4000015258789,1410100
2016-03-01,65.30521392822266,108.05999755859375,108.16000366210938,107.33000183105469,107.44999694824219,7117100
2016-03-02,65.14806365966797,107.80000305175781,107.86000061035156,107.43000030517578,107.62999725341797,2353700
2016-03-03,65.22663116455078,107.93000030517578,107.97000122070312,107.63999938964844,107.80000305175781,1836700
2016-03-04,65.3837661743164,108.19000244140625,108.25,107.98999786376953,107.98999786376953,1642800
2016-03-07,65.51070404052734,108.4000015258789,108.41999816894531,108.0999984741211,108.29000091552734,1405400
2016-03-08,65.25080871582031,107.97000122070312,108.4800033569336,107.80999755859375,108.30999755859375,1896900
2016-03-09,65.4079360961914,108.2300033569336,108.25,107.86000061035156,108.0,989600
2016-03-10,65.37163543701172,108.16999816894531,108.7300033569336,108.11000061035156,108.44000244140625,1198200
2016-03-11,65.7765884399414,108.83999633789062,108.9000015258789,108.44999694824219,108.44999694824219,1250100
2016-03-14,65.63155364990234,108.5999984741211,108.9000015258789,108.5999984741211,108.68000030517578,1188700
2016-03-15,65.26290893554688,107.98999786376953,108.56999969482422,107.9800033569336,108.31999969482422,1062000
2016-03-16,65.9095687866211,109.05999755859375,109.19999694824219,107.9000015258789,107.9000015258789,1478900
2016-03-17,66.4232177734375,109.91000366210938,110.11000061035156,109.51000213623047,109.58999633789062,1627400
2016-03-18,66.47760772705078,110.0,110.41000366210938,109.91000366210938,110.36000061035156,1442700
2016-03-21,66.72542572021484,110.41000366210938,110.58000183105469,110.25,110.25,1932700
2016-03-22,66.59848022460938,110.19999694824219,110.4800033569336,110.1500015258789,110.26000213623047,1738400
2016-03-23,66.1814956665039,109.51000213623047,110.08999633789062,109.48999786376953,110.0,1193100
2016-03-24,66.02435302734375,109.25,109.48999786376953,108.86000061035156,109.33000183105469,1100800
2016-03-28,66.15126037597656,109.45999908447266,109.55000305175781,108.80999755859375,109.04000091552734,1212000
2016-03-29,66.4957504272461,110.02999877929688,110.04000091552734,109.27999877929688,109.4000015258789,1629600
2016-03-30,66.56222534179688,110.13999938964844,110.30000305175781,110.04000091552734,110.04000091552734,1205200
2016-03-31,66.68912506103516,110.3499984741211,110.63999938964844,110.26000213623047,110.30000305175781,2063500
2016-04-01,66.86447143554688,110.20999908447266,110.4800033569336,109.69999694824219,109.91000366210938,1421900
2016-04-04,66.84623718261719,110.18000030517578,110.37000274658203,110.08999633789062,110.08999633789062,1170200
2016-04-05,66.6703109741211,109.88999938964844,110.0199966430664,109.72000122070312,110.0199966430664,1325300
2016-04-06,66.82807159423828,110.1500015258789,110.1500015258789,109.80000305175781,109.8499984741211,1525100
2016-04-07,66.5550308227539,109.69999694824219,110.12999725341797,109.52999877929688,110.12999725341797,1535600
2016-04-08,66.76739501953125,110.05000305175781,110.1500015258789,109.93000030517578,110.0,1011000
2016-04-11,67.06466674804688,110.54000091552734,110.70999908447266,110.23999786376953,110.55999755859375,1608000
2016-04-12,67.15567779541016,110.69000244140625,110.83999633789062,110.58999633789062,110.63999938964844,1618100
2016-04-13,67.43476104736328,111.1500015258789,111.2300033569336,111.02999877929688,111.02999877929688,1859700
2016-04-14,67.51969909667969,111.29000091552734,111.47000122070312,111.20999908447266,111.37999725341797,752000
2016-04-15,67.55611419677734,111.3499984741211,111.41999816894531,111.23999786376953,111.4000015258789,734900
2016-04-18,67.59249114990234,111.41000366210938,111.41000366210938,111.0,111.01000213623047,891300
2016-04-19,67.85343170166016,111.83999633789062,111.83999633789062,111.48999786376953,111.75,2069100
2016-04-20,67.90800476074219,111.93000030517578,112.18000030517578,111.66999816894531,111.93000030517578,1628000
2016-04-21,67.66532897949219,111.52999877929688,112.47000122070312,111.5199966430664,112.01000213623047,1460700
2016-04-22,67.56220245361328,111.36000061035156,111.58999633789062,111.36000061035156,111.48999786376953,930200
2016-04-25,67.28914642333984,110.91000366210938,111.19000244140625,110.87999725341797,111.16000366210938,1438000
2016-04-26,67.34982299804688,111.01000213623047,111.02999877929688,110.87000274658203,111.0,1135400
2016-04-27,67.65316009521484,111.51000213623047,111.6500015258789,110.98999786376953,111.0999984741211,1227900
2016-04-28,67.79271697998047,111.73999786376953,111.9000015258789,111.61000061035156,111.69000244140625,1635200
2016-04-29,67.72598266601562,111.62999725341797,111.9800033569336,111.54000091552734,111.9000015258789,1128000
2016-05-02,67.71379852294922,111.19999694824219,111.58999633789062,111.18000030517578,111.58999633789062,1025500
2016-05-03,67.56155395507812,110.94999694824219,111.20999908447266,110.7699966430664,111.20999908447266,1387300
2016-05-04,67.40324401855469,110.69000244140625,110.87999725341797,110.63999938964844,110.7699966430664,1001300
2016-05-05,67.56155395507812,110.94999694824219,111.04000091552734,110.69999694824219,111.04000091552734,975200
2016-05-06,67.64682006835938,111.08999633789062,111.11000061035156,110.62999725341797,110.79000091552734,1031200
2016-05-09,67.476318359375,110.80999755859375,111.26000213623047,110.76000213623047,110.76000213623047,1198500
2016-05-10,67.77474212646484,111.30000305175781,111.36000061035156,111.05999755859375,111.20999908447266,969800
2016-05-11,67.93301391601562,111.55999755859375,111.61000061035156,111.37000274658203,111.54000091552734,1114900
2016-05-12,68.06697845458984,111.77999877929688,111.91999816894531,111.61000061035156,111.7699966430664,780200
2016-05-13,68.1095962524414,111.8499984741211,111.9000015258789,111.5999984741211,111.9000015258789,378100
2016-05-16,68.14617156982422,111.91000366210938,111.9800033569336,111.77999877929688,111.91999816894531,863800
2016-05-17,68.09741973876953,111.83000183105469,111.91999816894531,111.72000122070312,111.87000274658203,449300
2016-05-18,67.4398422241211,110.75,111.81999969482422,110.69999694824219,111.81999969482422,1817100
2016-05-19,67.2083740234375,110.37000274658203,110.4800033569336,110.12999725341797,110.33000183105469,1662600
2016-05-20,67.27534484863281,110.4800033569336,110.83999633789062,110.41000366210938,110.62000274658203,1528400
2016-05-23,67.28145599365234,110.48999786376953,110.81999969482422,110.4000015258789,110.81999969482422,927700
2016-05-24,67.4398422241211,110.75,110.93000030517578,110.43000030517578,110.43000030517578,1989200
2016-05-25,67.6285171508789,111.05999755859375,111.11000061035156,110.91999816894531,111.05999755859375,972900
2016-05-26,67.65288543701172,111.0999984741211,111.2300033569336,111.04000091552734,111.20999908447266,1003800
2016-05-27,67.61636352539062,111.04000091552734,111.27999877929688,111.04000091552734,111.2300033569336,555800
2016-05-31,67.57988739013672,110.9800033569336,111.16000366210938,110.94999694824219,111.01000213623047,976900
2016-06-01,67.81462860107422,110.91999816894531,110.94999694824219,110.52999877929688,110.70999908447266,1858600
2016-06-02,67.9368667602539,111.12000274658203,111.25,110.88999938964844,111.08999633789062,4650500
2016-06-03,68.47491455078125,112.0,112.31999969482422,111.77999877929688,111.79000091552734,1301800
2016-06-06,68.60331726074219,112.20999908447266,112.4000015258789,112.05999755859375,112.05999755859375,903800
2016-06-07,68.71332550048828,112.38999938964844,112.9000015258789,112.3499984741211,112.81999969482422,1512700
2016-06-08,69.07404327392578,112.9800033569336,113.18000030517578,112.81999969482422,113.18000030517578,810000
2016-06-09,68.98847961425781,112.83999633789062,112.83999633789062,112.54000091552734,112.83000183105469,916300
2016-06-10,68.72557830810547,112.41000366210938,112.66000366210938,112.4000015258789,112.6500015258789,893100
2016-06-13,68.47491455078125,112.0,112.3499984741211,112.0,112.19999694824219,816300
2016-06-14,68.1631088256836,111.48999786376953,111.62000274658203,111.3499984741211,111.51000213623047,1144200
2016-06-15,68.43212890625,111.93000030517578,112.0199966430664,111.63999938964844,111.66000366210938,1151300
2016-06-16,68.44434356689453,111.94999694824219,112.06999969482422,111.69999694824219,111.88999938964844,894900
2016-06-17,68.37712097167969,111.83999633789062,112.2300033569336,111.83000183105469,112.13999938964844,761200
2016-06-20,68.84171295166016,112.5999984741211,112.73999786376953,112.41999816894531,112.73999786376953,1483700
2016-06-21,68.7867202758789,112.51000213623047,112.70999908447266,112.4800033569336,112.68000030517578,946300
2016-06-22,69.0862808227539,113.0,113.0,112.69999694824219,112.69999694824219,1392900
2016-06-23,69.25133514404297,113.2699966430664,113.41999816894531,113.16999816894531,113.16999816894531,583900
2016-06-24,68.66443634033203,112.30999755859375,112.66999816894531,111.51000213623047,111.51000213623047,1312400
2016-06-27,68.87232208251953,112.6500015258789,112.95999908447266,111.94999694824219,112.56999969482422,1853900
2016-06-28,69.37975311279297,113.4800033569336,113.55000305175781,113.08000183105469,113.23999786376953,1278400
2016-06-29,70.07672882080078,114.62000274658203,114.69999694824219,114.0199966430664,114.37999725341797,1368300
2016-06-30,70.40074920654297,115.1500015258789,115.19000244140625,114.58000183105469,114.69000244140625,5314800
2016-07-01,70.67036437988281,115.05999755859375,115.5,114.61000061035156,115.13999938964844,1587200
2016-07-05,70.83003997802734,115.31999969482422,115.44999694824219,115.0999984741211,115.38999938964844,1809900
2016-07-06,70.92838287353516,115.4800033569336,115.51000213623047,115.12000274658203,115.19000244140625,1354700
2016-07-07,70.90380096435547,115.44000244140625,115.77999877929688,115.3499984741211,115.77999877929688,1119400
2016-07-08,71.46884155273438,116.36000061035156,116.36000061035156,115.66999816894531,115.66999816894531,1447800
2016-07-11,71.67153930664062,116.69000244140625,116.93000030517578,116.55000305175781,116.62999725341797,1456600
2016-07-12,71.42587280273438,116.29000091552734,116.66000366210938,116.29000091552734,116.61000061035156,1644300
2016-07-13,71.46271514892578,116.3499984741211,116.56999969482422,116.30000305175781,116.51000213623047,1701800
2016-07-14,71.49342346191406,116.4000015258789,116.86000061035156,116.20999908447266,116.5,3426400
2016-07-15,71.47502136230469,116.37000274658203,116.48999786376953,116.23999786376953,116.3499984741211,6078700
2016-07-18,71.3767318725586,116.20999908447266,116.36000061035156,116.08000183105469,116.31999969482422,3840700
2016-07-19,71.3951416015625,116.23999786376953,116.4000015258789,116.08999633789062,116.29000091552734,2461700
2016-07-20,71.36442565917969,116.19000244140625,116.4000015258789,116.06999969482422,116.33999633789062,2212700
2016-07-21,71.36442565917969,116.19000244140625,116.30000305175781,116.01000213623047,116.30000305175781,1963700
2016-07-22,71.37056732177734,116.19999694824219,116.73999786376953,116.12999725341797,116.33000183105469,2897300
2016-07-25,71.19247436523438,115.91000366210938,116.43000030517578,115.88999938964844,116.27999877929688,1088000
2016-07-26,70.98979949951172,115.58000183105469,115.87000274658203,115.55000305175781,115.77999877929688,3716500
2016-07-27,71.30919647216797,116.0999984741211,116.45999908447266,115.58000183105469,116.31999969482422,2657800
2016-07-28,71.13722229003906,115.81999969482422,116.47000122070312,115.72000122070312,116.01000213623047,1636100
2016-07-29,71.36442565917969,116.19000244140625,116.19999694824219,115.7699966430664,115.9000015258789,1852800
2016-08-01,71.09363555908203,115.25,115.66999816894531,115.05999755859375,115.58000183105469,2198100
2016-08-02,70.92709350585938,114.9800033569336,115.38999938964844,114.97000122070312,115.38999938964844,2596900
2016-08-03,71.02576446533203,115.13999938964844,115.26000213623047,114.94000244140625,115.0,2821500
2016-08-04,71.50077819824219,115.91000366210938,115.9800033569336,115.6500015258789,115.68000030517578,1375000
2016-08-05,71.31573486328125,115.61000061035156,116.0999984741211,115.5999984741211,116.0999984741211,1896700
2016-08-08,71.74137115478516,116.30000305175781,116.33000183105469,116.06999969482422,116.06999969482422,2728500
2016-08-09,72.07442474365234,116.83999633789062,116.87999725341797,116.5999984741211,116.6500015258789,2394600
2016-08-10,72.28417205810547,117.18000030517578,117.19999694824219,116.94000244140625,117.0199966430664,1565800
2016-08-11,72.17314147949219,117.0,117.13999938964844,116.7699966430664,117.0,2082500
2016-08-12,72.48159790039062,117.5,117.5199966430664,117.16999816894531,117.16999816894531,2981200
2016-08-15,72.5679702758789,117.63999938964844,117.66000366210938,117.52999877929688,117.52999877929688,866400
2016-08-16,72.37675476074219,117.33000183105469,117.79000091552734,117.31999969482422,117.7699966430664,3161200
2016-08-17,72.59881591796875,117.69000244140625,117.73999786376953,117.27999877929688,117.55000305175781,4524200
2016-08-18,72.77155303955078,117.97000122070312,117.98999786376953,117.68000030517578,117.79000091552734,2233700
2016-08-19,72.43223571777344,117.41999816894531,117.77999877929688,117.37999725341797,117.75,1289400
2016-08-22,72.52474212646484,117.56999969482422,117.62000274658203,117.25,117.44000244140625,2127300
2016-08-23,72.58647155761719,117.66999816894531,117.83000183105469,117.6500015258789,117.69000244140625,2851500
2016-08-24,72.33971405029297,117.2699966430664,117.76000213623047,117.25,117.68000030517578,1835800
2016-08-25,72.33354949951172,117.26000213623047,117.4000015258789,117.08999633789062,117.4000015258789,1066800
2016-08-26,72.24102783203125,117.11000061035156,117.83999633789062,117.08000183105469,117.48999786376953,2447700
2016-08-29,72.59881591796875,117.69000244140625,117.69999694824219,117.12000274658203,117.12000274658203,1803900
2016-08-30,72.57416534423828,117.6500015258789,117.73999786376953,117.37000274658203,117.7300033569336,1880300
2016-08-31,72.30885314941406,117.22000122070312,117.66000366210938,117.22000122070312,117.66000366210938,1646000
2016-09-01,72.21719360351562,116.58000183105469,116.75,116.33000183105469,116.5199966430664,4263800
2016-09-02,72.4278564453125,116.91999816894531,116.95999908447266,116.54000091552734,116.95999908447266,2233500
2016-09-06,72.87382507324219,117.63999938964844,117.63999938964844,117.06999969482422,117.31999969482422,3019200
2016-09-07,73.0782699584961,117.97000122070312,118.13999938964844,117.6500015258789,118.0199966430664,2922700
2016-09-08,72.74368286132812,117.43000030517578,118.05000305175781,117.38999938964844,117.87999725341797,2150400
2016-09-09,72.03137969970703,116.27999877929688,117.26000213623047,116.16000366210938,117.20999908447266,3323500
2016-09-12,72.0189437866211,116.26000213623047,116.56999969482422,115.5999984741211,115.5999984741211,2943900
2016-09-13,71.22605895996094,114.9800033569336,116.27999877929688,114.94000244140625,116.18000030517578,5101800
2016-09-14,71.36233520507812,115.19999694824219,115.66999816894531,115.12000274658203,115.33000183105469,2590800
2016-09-15,71.65966796875,115.68000030517578,115.72000122070312,115.16999816894531,115.16999816894531,2640900
2016-09-16,71.45528411865234,115.3499984741211,115.83000183105469,115.18000030517578,115.83000183105469,1646400
2016-09-19,71.70923614501953,115.76000213623047,115.83999633789062,115.5199966430664,115.70999908447266,2041200
2016-09-20,71.78974151611328,115.88999938964844,116.16999816894531,115.77999877929688,116.0,3388800
2016-09-21,72.57026672363281,117.1500015258789,117.20999908447266,116.22000122070312,116.3499984741211,2238300
2016-09-22,72.8552474975586,117.61000061035156,118.05000305175781,117.5999984741211,117.91000366210938,4748500
2016-09-23,72.62605285644531,117.23999786376953,117.69000244140625,116.98999786376953,117.69000244140625,2978100
2016-09-26,72.40302276611328,116.87999725341797,117.0199966430664,116.73999786376953,116.94999694824219,1771700
2016-09-27,72.60742950439453,117.20999908447266,117.2699966430664,116.86000061035156,116.95999908447266,2338500
2016-09-28,72.6817855834961,117.33000183105469,117.33999633789062,116.94999694824219,117.18000030517578,2134600
2016-09-29,72.39067077636719,116.86000061035156,117.54000091552734,116.86000061035156,117.47000122070312,2133100
2016-09-30,72.60742950439453,117.20999908447266,117.44000244140625,117.05000305175781,117.11000061035156,1942900
2016-10-03,72.75181579589844,116.94000244140625,117.05999755859375,116.69999694824219,116.94000244140625,2778600
2016-10-04,72.43449401855469,116.43000030517578,117.19000244140625,116.31999969482422,117.19000244140625,3174200
2016-10-05,72.45318603515625,116.45999908447266,116.69000244140625,116.27999877929688,116.4800033569336,1380400
2016-10-06,72.34119415283203,116.27999877929688,116.45999908447266,116.06999969482422,116.45999908447266,1722100
2016-10-07,72.38475036621094,116.3499984741211,116.37000274658203,115.88999938964844,116.1500015258789,1368300
2016-10-10,72.65223693847656,116.77999877929688,116.80000305175781,116.1500015258789,116.3499984741211,816800
2016-10-11,72.07367706298828,115.8499984741211,116.11000061035156,115.61000061035156,116.11000061035156,2282500
2016-10-12,72.07367706298828,115.8499984741211,115.87000274658203,115.37999725341797,115.68000030517578,1599000
2016-10-13,72.24163818359375,116.12000274658203,116.18000030517578,115.5999984741211,115.69000244140625,2624300
2016-10-14,71.88080596923828,115.54000091552734,116.2300033569336,115.4800033569336,116.2300033569336,1840500
2016-10-17,71.89946746826172,115.56999969482422,115.5999984741211,115.19000244140625,115.19000244140625,2873600
2016-10-18,72.0114517211914,115.75,115.7699966430664,115.4000015258789,115.47000122070312,2285000
2016-10-19,72.10474395751953,115.9000015258789,116.04000091552734,115.55999755859375,115.55999755859375,1739900
2016-10-20,72.16698455810547,116.0,116.33000183105469,115.9800033569336,116.26000213623047,1199800
2016-10-21,72.4655990600586,116.4800033569336,116.5199966430664,116.08999633789062,116.12999725341797,1019500
2016-10-24,72.45938873291016,116.47000122070312,116.58999633789062,116.30999755859375,116.43000030517578,1501300
2016-10-25,72.49048614501953,116.5199966430664,116.52999877929688,116.33000183105469,116.4000015258789,2936800
2016-10-26,72.0674057006836,115.83999633789062,116.1500015258789,115.73999786376953,116.11000061035156,947000
2016-10-27,71.4515380859375,114.8499984741211,115.61000061035156,114.69000244140625,115.61000061035156,3326400
2016-10-28,71.27733612060547,114.56999969482422,115.12999725341797,114.55000305175781,114.9800033569336,1758700
2016-10-31,71.35199737548828,114.69000244140625,115.18000030517578,114.68000030517578,114.86000061035156,1562500
2016-11-01,71.27891540527344,114.12000274658203,114.5,113.97000122070312,114.5,2315400
2016-11-02,71.20394897460938,114.0,114.19000244140625,113.91999816894531,114.0999984741211,1960900
2016-11-03,71.39132690429688,114.30000305175781,114.41999816894531,114.13999938964844,114.26000213623047,1557700
2016-11-04,71.21643829345703,114.0199966430664,114.4000015258789,114.0,114.2300033569336,1945200
2016-11-07,71.79105377197266,114.94000244140625,114.94999694824219,114.61000061035156,114.76000213623047,2077200
2016-11-08,71.97847747802734,115.23999786376953,115.29000091552734,114.97000122070312,115.0999984741211,2773600
2016-11-09,70.91040802001953,113.52999877929688,113.97000122070312,113.33999633789062,113.76000213623047,5961900
2016-11-10,68.29332733154297,109.33999633789062,112.5199966430664,109.0999984741211,112.5199966430664,12674300
2016-11-11,67.89981842041016,108.70999908447266,110.1500015258789,108.5999984741211,109.16000366210938,4638800
2016-11-14,67.55632019042969,108.16000366210938,108.58000183105469,107.73999786376953,107.91000366210938,5219100
2016-11-15,68.71805572509766,110.0199966430664,110.1500015258789,109.5999984741211,110.0999984741211,4015300
2016-11-16,68.67434692382812,109.94999694824219,110.04000091552734,109.62000274658203,109.62000274658203,1974600
2016-11-17,68.53071594238281,109.72000122070312,110.33999633789062,109.70999908447266,110.1500015258789,1671900
2016-11-18,68.1434555053711,109.0999984741211,109.91999816894531,109.08000183105469,109.72000122070312,2975600
2016-11-21,68.44324493408203,109.58000183105469,109.97000122070312,109.5,109.7300033569336,2473200
2016-11-22,68.74308776855469,110.05999755859375,110.05999755859375,109.7300033569336,109.83000183105469,1205500
2016-11-23,68.23091125488281,109.23999786376953,109.51000213623047,109.02999877929688,109.41999816894531,2676500
2016-11-25,68.27462005615234,109.30999755859375,109.68000030517578,109.29000091552734,109.68000030517578,742800
2016-11-28,68.51193237304688,109.69000244140625,109.87000274658203,109.55999755859375,109.73999786376953,1923400
2016-11-29,68.44324493408203,109.58000183105469,109.7300033569336,109.43000030517578,109.43000030517578,1733600
2016-11-30,68.27462005615234,109.30999755859375,109.54000091552734,109.16999816894531,109.38999938964844,7179400
2016-12-01,67.89518737792969,108.26000213623047,108.55000305175781,107.9800033569336,108.5,7691900
2016-12-02,67.93909454345703,108.33000183105469,108.76000213623047,108.19999694824219,108.19999694824219,2809400
2016-12-05,68.22754669189453,108.79000091552734,108.97000122070312,108.52999877929688,108.52999877929688,3110900
2016-12-06,68.5599594116211,109.31999969482422,109.56999969482422,109.1500015258789,109.19000244140625,2678100
2016-12-07,68.96131896972656,109.95999908447266,110.33000183105469,109.7699966430664,109.97000122070312,2872000
2016-12-08,68.91741943359375,109.88999938964844,110.08999633789062,109.69999694824219,109.81999969482422,3290400
2016-12-09,68.62895965576172,109.43000030517578,110.16000366210938,109.41999816894531,110.16000366210938,2115800
2016-12-12,68.80453491210938,109.70999908447266,109.83000183105469,109.5199966430664,109.83000183105469,1565100
2016-12-13,69.01779174804688,110.05000305175781,110.11000061035156,109.79000091552734,109.87000274658203,1972800
2016-12-14,68.41573333740234,109.08999633789062,110.48999786376953,108.9800033569336,110.2300033569336,3543700
2016-12-15,68.29027557373047,108.88999938964844,109.19999694824219,108.66000366210938,108.9800033569336,3649500
2016-12-16,68.42826843261719,109.11000061035156,109.55000305175781,109.0,109.22000122070312,1879000
2016-12-19,68.73555755615234,109.5999984741211,109.87000274658203,109.2699966430664,109.3499984741211,2697200
2016-12-20,68.85470581054688,109.79000091552734,109.91000366210938,109.52999877929688,109.72000122070312,1981600
2016-12-21,69.08050537109375,110.1500015258789,110.2699966430664,109.8499984741211,109.87999725341797,1650500
2016-12-22,69.10124206542969,109.91999816894531,110.0999984741211,109.66999816894531,110.05000305175781,1673300
2016-12-23,69.20812225341797,110.08999633789062,110.08999633789062,109.93000030517578,109.9800033569336,519400
2016-12-27,69.1452407836914,109.98999786376953,109.98999786376953,109.83000183105469,109.94000244140625,554600
2016-12-28,69.23953247070312,110.13999938964844,110.20999908447266,110.0,110.0,645900
2016-12-29,69.40300750732422,110.4000015258789,110.44999694824219,110.30999755859375,110.38999938964844,550200
2016-12-30,69.28983306884766,110.22000122070312,110.48999786376953,110.22000122070312,110.36000061035156,645600
2017-01-03,69.52871704101562,110.5999984741211,110.77999877929688,110.43000030517578,110.52999877929688,2818100
2017-01-04,69.96248626708984,111.29000091552734,111.33999633789062,111.11000061035156,111.12000274658203,1975600
2017-01-05,70.50314331054688,112.1500015258789,112.16000366210938,111.45999908447266,111.79000091552734,3175800
2017-01-06,70.46533966064453,112.08999633789062,112.1500015258789,111.7300033569336,112.1500015258789,1433300
2017-01-09,70.3836898803711,111.95999908447266,111.98999786376953,111.79000091552734,111.97000122070312,2148100
2017-01-10,70.27052307128906,111.77999877929688,112.11000061035156,111.72000122070312,112.06999969482422,1443800
2017-01-11,70.33966827392578,111.88999938964844,111.94000244140625,111.3499984741211,111.93000030517578,2419800
2017-01-12,70.47799682617188,112.11000061035156,112.37000274658203,112.0,112.36000061035156,2753100
2017-01-13,70.50941467285156,112.16000366210938,112.47000122070312,112.02999877929688,112.37000274658203,3549900
2017-01-17,70.79859924316406,112.62000274658203,112.91999816894531,112.5199966430664,112.88999938964844,2269900
2017-01-18,70.30196380615234,111.83000183105469,112.66999816894531,111.7300033569336,112.66999816894531,3014300
2017-01-19,70.13218688964844,111.55999755859375,111.88999938964844,111.43000030517578,111.8499984741211,2110800
2017-01-20,70.22023010253906,111.69999694824219,111.7300033569336,111.30000305175781,111.44999694824219,1487100
2017-01-23,70.55343627929688,112.2300033569336,112.30000305175781,111.69000244140625,111.7300033569336,2536600
2017-01-24,70.32085418701172,111.86000061035156,112.19999694824219,111.8499984741211,112.12999725341797,1188600
2017-01-25,70.23905944824219,111.7300033569336,111.81999969482422,111.5199966430664,111.81999969482422,2217600
2017-01-26,70.18253326416016,111.63999938964844,112.31999969482422,111.36000061035156,111.72000122070312,1642400
2017-01-27,70.3899917602539,111.97000122070312,112.05000305175781,111.7699966430664,111.83000183105469,1900000
2017-01-30,70.23279571533203,111.72000122070312,112.0,111.72000122070312,111.95999908447266,2616700
2017-01-31,70.49055480957031,112.12999725341797,112.12999725341797,111.7300033569336,111.87000274658203,3715100
2017-02-01,70.50443267822266,111.70999908447266,111.8499984741211,111.30999755859375,111.62999725341797,1830400
2017-02-02,70.71269989013672,112.04000091552734,112.36000061035156,112.0199966430664,112.33000183105469,3683600
2017-02-03,71.1229476928711,112.69000244140625,112.77999877929688,112.22000122070312,112.33999633789062,5082600
2017-02-06,71.1229476928711,112.69000244140625,113.41000366210938,112.58000183105469,112.7699966430664,1677300
2017-02-07,71.03459930419922,112.55000305175781,112.7699966430664,112.11000061035156,112.69000244140625,2529500
2017-02-08,71.31227111816406,112.98999786376953,113.12999725341797,112.55000305175781,112.55000305175781,2622200
2017-02-09,71.21762084960938,112.83999633789062,113.02999877929688,112.76000213623047,112.98999786376953,1482500
2017-02-10,71.32491302490234,113.01000213623047,113.05000305175781,112.7300033569336,112.7300033569336,1131900
2017-02-13,71.40066528320312,113.12999725341797,113.19999694824219,112.9800033569336,112.9800033569336,1544100
2017-02-14,71.32491302490234,113.01000213623047,113.47000122070312,112.83000183105469,113.33000183105469,3047100
2017-02-15,71.30599212646484,112.9800033569336,113.05000305175781,112.43000030517578,112.54000091552734,3054300
2017-02-16,71.26813507080078,112.91999816894531,113.04000091552734,112.83999633789062,112.94000244140625,2772000
2017-02-17,71.2870101928711,112.94999694824219,112.98999786376953,112.7300033569336,112.79000091552734,1661100
2017-02-21,71.39435577392578,113.12000274658203,113.16000366210938,112.81999969482422,112.93000030517578,1661400
2017-02-22,71.4953384399414,113.27999877929688,113.45999908447266,113.0999984741211,113.3499984741211,2431600
2017-02-23,71.70361328125,113.61000061035156,113.66000366210938,113.4800033569336,113.51000213623047,2271100
2017-02-24,71.8424301147461,113.83000183105469,113.86000061035156,113.58000183105469,113.69999694824219,2952600
2017-02-27,71.6720199584961,113.55999755859375,113.93000030517578,113.5199966430664,113.9000015258789,1941900
2017-02-28,71.6720199584961,113.55999755859375,113.86000061035156,113.5199966430664,113.69999694824219,1596500
2017-03-01,71.69804382324219,113.16000366210938,113.19000244140625,112.88999938964844,113.01000213623047,2632900
2017-03-02,71.36225891113281,112.62999725341797,113.0,112.58000183105469,113.0,2339300
2017-03-03,71.69169616699219,113.1500015258789,113.19000244140625,112.75,112.87000274658203,2121000
2017-03-06,71.66635131835938,113.11000061035156,113.2300033569336,112.91999816894531,113.1500015258789,1129200
2017-03-07,71.61563873291016,113.02999877929688,113.30999755859375,112.93000030517578,113.19000244140625,1074800
2017-03-08,71.0581283569336,112.1500015258789,112.55000305175781,112.12000274658203,112.51000213623047,2115400
2017-03-09,70.61457824707031,111.44999694824219,111.7300033569336,111.4000015258789,111.55000305175781,4940400
2017-03-10,70.9123764038086,111.91999816894531,112.0999984741211,111.70999908447266,111.98999786376953,2324600
2017-03-13,70.79833984375,111.73999786376953,112.19999694824219,111.6500015258789,112.0999984741211,1672700
2017-03-14,70.5828857421875,111.4000015258789,111.6500015258789,111.31999969482422,111.62000274658203,1965900
2017-03-15,71.54598999023438,112.91999816894531,112.9800033569336,111.44999694824219,111.44999694824219,2631200
2017-03-16,71.33055877685547,112.58000183105469,112.9000015258789,112.56999969482422,112.9000015258789,2371400
2017-03-17,71.62200927734375,113.04000091552734,113.08999633789062,112.81999969482422,112.83999633789062,2351800
2017-03-20,71.77406311035156,113.27999877929688,113.29000091552734,113.04000091552734,113.2699966430664,1591800
2017-03-21,71.78038787841797,113.29000091552734,113.45999908447266,113.27999877929688,113.30999755859375,2333100
2017-03-22,71.85008239746094,113.4000015258789,113.44999694824219,113.02999877929688,113.38999938964844,3487300
2017-03-23,71.95783233642578,113.56999969482422,113.66999816894531,113.47000122070312,113.52999877929688,2970600
2017-03-24,72.06553649902344,113.73999786376953,113.87000274658203,113.58999633789062,113.62999725341797,2324700
2017-03-27,72.05916595458984,113.7300033569336,113.9000015258789,113.66000366210938,113.73999786376953,2234300
2017-03-28,72.03385162353516,113.69000244140625,114.08000183105469,113.6500015258789,114.08000183105469,1393200
2017-03-29,72.26825714111328,114.05999755859375,114.08000183105469,113.5999984741211,113.5999984741211,2221500
2017-03-30,72.14152526855469,113.86000061035156,114.0999984741211,113.7699966430664,114.05999755859375,1982200
2017-03-31,72.0401611328125,113.69999694824219,113.80000305175781,113.55999755859375,113.69000244140625,2005300
2017-04-03,72.23546600341797,113.56999969482422,113.62000274658203,113.29000091552734,113.5,3490100
2017-04-04,72.10186004638672,113.36000061035156,113.47000122070312,113.2699966430664,113.44999694824219,1971500
2017-04-05,72.3689956665039,113.77999877929688,113.83999633789062,113.43000030517578,113.4800033569336,1673300
2017-04-06,72.33080291748047,113.72000122070312,113.83000183105469,113.63999938964844,113.69999694824219,1428400
2017-04-07,72.28632354736328,113.6500015258789,113.87000274658203,113.58000183105469,113.72000122070312,1374400
2017-04-10,72.27989196777344,113.63999938964844,114.02999877929688,113.58999633789062,114.02999877929688,1210600
2017-04-11,72.40077209472656,113.83000183105469,113.9000015258789,113.61000061035156,113.76000213623047,1444600
2017-04-12,72.61070251464844,114.16000366210938,114.2300033569336,113.86000061035156,113.94000244140625,2048200
2017-04-13,72.57891082763672,114.11000061035156,114.33999633789062,114.08000183105469,114.30000305175781,2477500
2017-04-17,72.69337463378906,114.29000091552734,114.43000030517578,114.20999908447266,114.2300033569336,1765600
2017-04-18,72.82695007324219,114.5,114.55000305175781,114.31999969482422,114.36000061035156,1632800
2017-04-19,72.61703491210938,114.16999816894531,114.61000061035156,114.13999938964844,114.58000183105469,3407400
2017-04-20,72.6679458618164,114.25,114.47000122070312,114.22000122070312,114.41000366210938,1225200
2017-04-21,72.85240173339844,114.54000091552734,114.61000061035156,114.44999694824219,114.5,1232100
2017-04-24,73.07501983642578,114.88999938964844,114.9000015258789,114.58999633789062,114.58999633789062,2649900
2017-04-25,72.89056396484375,114.5999984741211,114.81999969482422,114.51000213623047,114.68000030517578,1446500
2017-04-26,72.87783813476562,114.58000183105469,114.7300033569336,114.4800033569336,114.5199966430664,1123400
2017-04-27,73.04319763183594,114.83999633789062,114.8499984741211,114.52999877929688,114.56999969482422,1377500
2017-04-28,73.272216796875,115.19999694824219,115.19999694824219,114.81999969482422,114.9000015258789,1998600
2017-05-01,73.1725845336914,114.5999984741211,114.80999755859375,114.4800033569336,114.62000274658203,1754300
2017-05-02,73.43436431884766,115.01000213623047,115.01000213623047,114.5999984741211,114.7300033569336,2119500
2017-05-03,73.34500122070312,114.87000274658203,115.13999938964844,114.81999969482422,115.11000061035156,1898600
2017-05-04,73.012939453125,114.3499984741211,114.6500015258789,114.25,114.61000061035156,1877900
2017-05-05,73.08954620361328,114.47000122070312,114.54000091552734,114.18000030517578,114.30000305175781,2612800
2017-05-08,72.89163208007812,114.16000366210938,114.5,114.12000274658203,114.36000061035156,2107400
2017-05-09,72.82141876220703,114.05000305175781,114.43000030517578,113.94999694824219,114.2300033569336,2216200
2017-05-10,73.03215026855469,114.37999725341797,114.43000030517578,114.20999908447266,114.27999877929688,2248200
2017-05-11,73.15341186523438,114.56999969482422,114.62000274658203,114.37000274658203,114.44999694824219,1078500
2017-05-12,73.4088134765625,114.97000122070312,114.9800033569336,114.7300033569336,114.73999786376953,2239600
2017-05-15,73.46627807617188,115.05999755859375,115.0999984741211,114.93000030517578,115.05999755859375,2757200
2017-05-16,73.47908782958984,115.08000183105469,115.19999694824219,115.0,115.0999984741211,1947300
2017-05-17,73.47267150878906,115.06999969482422,115.11000061035156,114.87000274658203,114.9800033569336,3192900
2017-05-18,73.0959701538086,114.4800033569336,114.63999938964844,114.04000091552734,114.27999877929688,2981200
2017-05-19,73.37689971923828,114.91999816894531,115.0,114.75,114.77999877929688,2241000
2017-05-22,73.34500122070312,114.87000274658203,115.05000305175781,114.87000274658203,114.91000366210938,1351200
2017-05-23,73.38965606689453,114.94000244140625,114.98999786376953,114.79000091552734,114.87999725341797,1353400
2017-05-24,73.67061614990234,115.37999725341797,115.4800033569336,115.05000305175781,115.2300033569336,1951100
2017-05-25,73.6131362915039,115.29000091552734,115.41999816894531,115.19999694824219,115.37999725341797,2585300
2017-05-26,73.74085998535156,115.48999786376953,115.48999786376953,115.37000274658203,115.41999816894531,614200
2017-05-30,73.77919006347656,115.55000305175781,115.68000030517578,115.43000030517578,115.68000030517578,1053500
2017-05-31,73.83026123046875,115.62999725341797,115.73999786376953,115.38999938964844,115.5199966430664,2408900
2017-06-01,73.95455932617188,115.37999725341797,116.0199966430664,115.04000091552734,115.31999969482422,7100900
2017-06-02,74.35840606689453,116.01000213623047,116.0199966430664,115.44000244140625,115.55000305175781,4552000
2017-06-05,74.23019409179688,115.80999755859375,115.88999938964844,115.66999816894531,115.88999938964844,2083300
2017-06-06,74.38402557373047,116.05000305175781,116.05999755859375,115.91999816894531,115.94999694824219,2215700
2017-06-07,74.31989288330078,115.94999694824219,116.30000305175781,115.80000305175781,116.26000213623047,3462200
2017-06-08,74.21096801757812,115.77999877929688,115.80999755859375,115.48999786376953,115.80999755859375,2416300
2017-06-09,74.05072021484375,115.52999877929688,115.9000015258789,115.48999786376953,115.9000015258789,4241300
2017-06-12,74.0443115234375,115.5199966430664,116.08000183105469,115.5,115.69000244140625,3099900
2017-06-13,74.15966796875,115.69999694824219,115.69999694824219,115.52999877929688,115.62999725341797,914900
2017-06-14,74.31989288330078,115.94999694824219,116.3499984741211,115.83999633789062,116.06999969482422,3760600
2017-06-15,74.08280944824219,115.58000183105469,115.94000244140625,115.56999969482422,115.94000244140625,1868700
2017-06-16,74.07634735107422,115.56999969482422,115.79000091552734,115.48999786376953,115.66000366210938,1139400
2017-06-19,73.99945831298828,115.44999694824219,115.77999877929688,115.23999786376953,115.54000091552734,1569000
2017-06-20,73.65335845947266,114.91000366210938,115.23999786376953,114.81999969482422,115.16999816894531,2963400
2017-06-21,73.49948120117188,114.66999816894531,115.11000061035156,114.54000091552734,115.11000061035156,2164100
2017-06-22,73.65975952148438,114.91999816894531,115.06999969482422,114.75,114.79000091552734,2058900
2017-06-23,73.9033203125,115.30000305175781,115.31999969482422,115.12000274658203,115.26000213623047,2985100
2017-06-26,74.03787994384766,115.51000213623047,115.58000183105469,115.38999938964844,115.38999938964844,2732700
2017-06-27,73.65335845947266,114.91000366210938,115.47000122070312,114.91000366210938,115.45999908447266,2162400
2017-06-28,73.7366714477539,115.04000091552734,115.12999725341797,114.79000091552734,115.12999725341797,4264600
2017-06-29,73.39053344726562,114.5,114.80999755859375,114.45999908447266,114.80999755859375,5172600
2017-06-30,73.30078887939453,114.36000061035156,114.66000366210938,114.33999633789062,114.62000274658203,4519800
2017-07-03,73.06464385986328,113.55000305175781,114.08000183105469,113.44000244140625,113.95999908447266,6778100
2017-07-05,73.00028991699219,113.44999694824219,113.62999725341797,113.4000015258789,113.41999816894531,6692500
2017-07-06,72.6013412475586,112.83000183105469,113.12000274658203,112.80000305175781,112.95999908447266,5186700
2017-07-07,72.64643859863281,112.9000015258789,113.05000305175781,112.5999984741211,112.68000030517578,2760000
2017-07-10,72.9681396484375,113.4000015258789,113.58000183105469,113.33000183105469,113.33999633789062,2521600
2017-07-11,73.0389404296875,113.51000213623047,113.5999984741211,113.3499984741211,113.56999969482422,1543100
2017-07-12,73.47001647949219,114.18000030517578,114.52999877929688,114.05999755859375,114.19999694824219,1957700
2017-07-13,73.47645568847656,114.19000244140625,114.37000274658203,114.04000091552734,114.30000305175781,1629700
2017-07-14,73.66305541992188,114.4800033569336,114.66999816894531,114.43000030517578,114.58000183105469,2062800
2017-07-17,73.68879699707031,114.5199966430664,114.5999984741211,114.38999938964844,114.51000213623047,1854100
2017-07-18,73.901123046875,114.8499984741211,114.9000015258789,114.5999984741211,114.73999786376953,3067400
2017-07-19,73.98478698730469,114.9800033569336,115.05000305175781,114.88999938964844,115.05000305175781,1688400
2017-07-20,74.01049041748047,115.0199966430664,115.30000305175781,115.01000213623047,115.20999908447266,1285900
2017-07-21,74.18427276611328,115.29000091552734,115.41000366210938,115.16999816894531,115.2699966430664,1105900
2017-07-24,74.0362319946289,115.05999755859375,115.27999877929688,114.91999816894531,115.25,1192000
2017-07-25,73.81748962402344,114.72000122070312,114.8499984741211,114.6500015258789,114.8499984741211,1255400
2017-07-26,74.21643829345703,115.33999633789062,115.37999725341797,114.88999938964844,114.94999694824219,1598400
2017-07-27,74.10702514648438,115.16999816894531,115.38999938964844,114.98999786376953,115.37999725341797,1760300
2017-07-28,74.10702514648438,115.16999816894531,115.20999908447266,115.0,115.12999725341797,1821200
2017-07-31,74.1649398803711,115.26000213623047,115.27999877929688,115.0999984741211,115.25,967000
2017-08-01,74.25151824951172,114.94000244140625,115.06999969482422,114.77999877929688,114.8499984741211,1365000
2017-08-02,74.35486602783203,115.0999984741211,115.12000274658203,114.80000305175781,114.83000183105469,2062900
2017-08-03,74.61326599121094,115.5,115.51000213623047,115.02999877929688,115.02999877929688,926900
2017-08-04,74.4388427734375,115.2300033569336,115.36000061035156,115.08000183105469,115.3499984741211,1184900
2017-08-07,74.57450866699219,115.44000244140625,115.5,115.1500015258789,115.1500015258789,1293000
2017-08-08,74.41946411132812,115.19999694824219,115.55999755859375,115.19999694824219,115.33999633789062,1029100
2017-08-09,74.4453353881836,115.23999786376953,115.30000305175781,115.1500015258789,115.19999694824219,1040000
2017-08-10,74.13529968261719,114.76000213623047,115.11000061035156,114.7300033569336,115.0999984741211,1487200
2017-08-11,74.27091217041016,114.97000122070312,115.05000305175781,114.79000091552734,114.83999633789062,935500
2017-08-14,74.4388427734375,115.2300033569336,115.58000183105469,114.97000122070312,115.27999877929688,1168400
2017-08-15,74.45823669433594,115.26000213623047,115.33999633789062,115.08000183105469,115.26000213623047,1926500
2017-08-16,74.52288055419922,115.36000061035156,115.47000122070312,115.30999755859375,115.4000015258789,1787200
2017-08-17,74.45823669433594,115.26000213623047,115.52999877929688,115.20999908447266,115.45999908447266,790800
2017-08-18,74.64556884765625,115.55000305175781,115.69000244140625,115.41000366210938,115.45999908447266,974500
2017-08-21,74.7166519165039,115.66000366210938,115.7300033569336,115.55999755859375,115.6500015258789,3495100
2017-08-22,74.74246215820312,115.69999694824219,115.8499984741211,115.66000366210938,115.80999755859375,800200
2017-08-23,74.90398406982422,115.94999694824219,115.95999908447266,115.56999969482422,115.72000122070312,723500
2017-08-24,74.98149871826172,116.06999969482422,116.0999984741211,115.87000274658203,116.04000091552734,1635200
2017-08-25,75.18177032470703,116.37999725341797,116.4000015258789,116.18000030517578,116.22000122070312,982200
2017-08-28,75.06547546386719,116.19999694824219,116.41999816894531,116.08999633789062,116.2699966430664,2025900
2017-08-29,75.11073303222656,116.2699966430664,116.37000274658203,116.18000030517578,116.30999755859375,1404900
2017-08-30,75.35620880126953,116.6500015258789,116.66999816894531,116.38999938964844,116.38999938964844,923000
2017-08-31,75.64042663574219,117.08999633789062,117.2699966430664,116.80000305175781,116.9000015258789,1918800
2017-09-01,75.56978607177734,116.52999877929688,116.66999816894531,116.37999725341797,116.58000183105469,1325800
2017-09-05,75.82266998291016,116.91999816894531,117.02999877929688,116.6500015258789,116.70999908447266,1803300
2017-09-06,75.67998504638672,116.69999694824219,117.04000091552734,116.69999694824219,117.04000091552734,2192000
2017-09-07,75.97179412841797,117.1500015258789,117.25,116.9000015258789,117.0,1851500
2017-09-08,76.04310607910156,117.26000213623047,117.45999908447266,117.12000274658203,117.45999908447266,677900
2017-09-11,75.91344451904297,117.05999755859375,117.30000305175781,117.02999877929688,117.30000305175781,1789800
2017-09-12,75.75782012939453,116.81999969482422,116.94000244140625,116.77999877929688,116.83999633789062,1215900
2017-09-13,75.75782012939453,116.81999969482422,116.93000030517578,116.7699966430664,116.87999725341797,881300
2017-09-14,75.80967712402344,116.9000015258789,116.93000030517578,116.7300033569336,116.79000091552734,814300
2017-09-15,75.91344451904297,117.05999755859375,117.08000183105469,116.93000030517578,117.02999877929688,959500
2017-09-18,75.76426696777344,116.83000183105469,117.04000091552734,116.79000091552734,117.02999877929688,2226200
2017-09-19,75.6540756225586,116.66000366210938,117.04000091552734,116.56999969482422,116.63999938964844,1706700
2017-09-20,75.16768646240234,115.91000366210938,116.5999984741211,115.7300033569336,116.52999877929688,3079900
2017-09-21,75.38167572021484,116.23999786376953,116.2699966430664,116.01000213623047,116.06999969482422,2297000
2017-09-22,75.51138305664062,116.44000244140625,116.4800033569336,116.31999969482422,116.45999908447266,2095100
2017-09-25,75.44007110595703,116.33000183105469,116.44999694824219,116.0999984741211,116.41000366210938,2725800
2017-09-26,75.41410827636719,116.29000091552734,116.47000122070312,116.19999694824219,116.37000274658203,1232600
2017-09-27,75.09632873535156,115.80000305175781,115.9800033569336,115.69999694824219,115.9800033569336,2150600
2017-09-28,75.25200653076172,116.04000091552734,116.12000274658203,115.6500015258789,115.69999694824219,2359400
2017-09-29,75.49844360351562,116.41999816894531,116.51000213623047,116.12000274658203,116.25,2763000
2017-10-02,75.42808532714844,115.86000061035156,116.04000091552734,115.70999908447266,115.73999786376953,2066100
2017-10-03,75.40857696533203,115.83000183105469,115.9800033569336,115.80999755859375,115.91999816894531,2161300
2017-10-04,75.46714782714844,115.91999816894531,116.11000061035156,115.80999755859375,116.11000061035156,1801000
2017-10-05,75.5062255859375,115.9800033569336,116.0999984741211,115.9000015258789,116.04000091552734,1230600
2017-10-06,75.31742095947266,115.69000244140625,115.86000061035156,115.56999969482422,115.73999786376953,1313700
2017-10-09,75.21321868896484,115.52999877929688,115.70999908447266,115.47000122070312,115.70999908447266,1337900
2017-10-10,75.34998321533203,115.73999786376953,115.94000244140625,115.58999633789062,115.5999984741211,1717300
2017-10-11,75.43460083007812,115.87000274658203,115.94000244140625,115.77999877929688,115.80000305175781,2132900
2017-10-12,75.57784271240234,116.08999633789062,116.13999938964844,115.94000244140625,116.01000213623047,1418700
2017-10-13,75.79269409179688,116.41999816894531,116.45999908447266,116.2699966430664,116.31999969482422,1276000
2017-10-16,75.65592956542969,116.20999908447266,116.33999633789062,116.05999755859375,116.05999755859375,1054900
2017-10-17,75.69502258300781,116.2699966430664,116.3499984741211,116.12000274658203,116.27999877929688,1149100
2017-10-18,75.70805358886719,116.29000091552734,116.3499984741211,116.19000244140625,116.30000305175781,1813600
2017-10-19,75.79269409179688,116.41999816894531,116.56999969482422,116.2300033569336,116.44999694824219,1315300
2017-10-20,75.5453109741211,116.04000091552734,116.2699966430664,115.98999786376953,116.2699966430664,940300
2017-10-23,75.48017120361328,115.94000244140625,116.16000366210938,115.93000030517578,116.0999984741211,2075000
2017-10-24,75.38252258300781,115.79000091552734,115.94999694824219,115.76000213623047,115.80000305175781,1683400
2017-10-25,75.2523422241211,115.58999633789062,115.62999725341797,115.37999725341797,115.5199966430664,2402700
2017-10-26,75.03096008300781,115.25,115.62000274658203,115.2300033569336,115.62000274658203,3818800
2017-10-27,75.3890380859375,115.80000305175781,115.86000061035156,115.27999877929688,115.41999816894531,2868200
2017-10-30,75.61040496826172,116.13999938964844,116.22000122070312,115.95999908447266,115.97000122070312,2215200
2017-10-31,75.68201446533203,116.25,116.44000244140625,116.12999725341797,116.20999908447266,1250200
2017-11-01,75.6983413696289,115.83000183105469,115.97000122070312,115.69999694824219,115.83999633789062,2356000
2017-11-02,75.9074478149414,116.1500015258789,116.16999816894531,115.80999755859375,115.95999908447266,4631000
2017-11-03,75.43037414550781,115.41999816894531,115.69000244140625,115.3499984741211,115.5,2022400
2017-11-06,75.32582092285156,115.26000213623047,115.2699966430664,115.13999938964844,115.20999908447266,2305300
2017-11-07,74.92719268798828,114.6500015258789,115.1500015258789,114.62000274658203,115.0199966430664,1668200
2017-11-08,74.89451599121094,114.5999984741211,114.80999755859375,114.51000213623047,114.6500015258789,2401700
2017-11-09,74.73762512207031,114.36000061035156,114.5199966430664,114.29000091552734,114.44999694824219,2011900
2017-11-10,74.79646301269531,114.44999694824219,114.47000122070312,114.18000030517578,114.36000061035156,1948800
2017-11-13,74.8814697265625,114.58000183105469,114.69000244140625,114.5,114.5,1841800
2017-11-14,74.8226089477539,114.48999786376953,114.56999969482422,114.31999969482422,114.41000366210938,1950100
2017-11-15,74.8749008178711,114.56999969482422,114.63999938964844,114.43000030517578,114.55000305175781,1337600
2017-11-16,75.17552185058594,115.02999877929688,115.16000366210938,114.79000091552734,114.86000061035156,3362800
2017-11-17,75.31275177001953,115.23999786376953,115.33000183105469,115.06999969482422,115.12000274658203,1191700
2017-11-20,75.29314422607422,115.20999908447266,115.27999877929688,115.16999816894531,115.19999694824219,829000
2017-11-21,75.39768981933594,115.37000274658203,115.45999908447266,115.25,115.30000305175781,1248400
2017-11-22,75.71792602539062,115.86000061035156,115.93000030517578,115.4800033569336,115.61000061035156,1209900
2017-11-24,75.69178771972656,115.81999969482422,115.9000015258789,115.77999877929688,115.87000274658203,388600
2017-11-27,75.7244644165039,115.87000274658203,116.02999877929688,115.80999755859375,116.0199966430664,1518900
2017-11-28,75.82904815673828,116.02999877929688,116.13999938964844,115.86000061035156,116.08000183105469,1864000
2017-11-29,75.55451965332031,115.61000061035156,115.83000183105469,115.58999633789062,115.83000183105469,1885100
2017-11-30,75.47613525390625,115.48999786376953,115.79000091552734,115.41000366210938,115.69000244140625,5257400
2017-12-01,75.72477722167969,115.41999816894531,115.58000183105469,115.19999694824219,115.3499984741211,2354900
2017-12-04,75.77069091796875,115.48999786376953,115.5199966430664,115.33999633789062,115.44000244140625,2186100
2017-12-05,75.87570190429688,115.6500015258789,115.72000122070312,115.51000213623047,115.58999633789062,1224800
2017-12-06,75.94129943847656,115.75,115.8499984741211,115.68000030517578,115.75,1445000
2017-12-07,75.78382873535156,115.51000213623047,115.6500015258789,115.4000015258789,115.6500015258789,1661400
2017-12-08,75.79696655273438,115.52999877929688,115.69000244140625,115.41000366210938,115.58999633789062,1246200
2017-12-11,75.7575912475586,115.47000122070312,115.69999694824219,115.44999694824219,115.62000274658203,1995500
2017-12-12,75.78382873535156,115.51000213623047,115.52999877929688,115.33999633789062,115.47000122070312,1017000
2017-12-13,76.00032043457031,115.83999633789062,116.1500015258789,115.55999755859375,115.61000061035156,1888400
2017-12-14,76.03968811035156,115.9000015258789,115.94999694824219,115.7300033569336,115.80000305175781,3148300
2017-12-15,76.13810729980469,116.05000305175781,116.16999816894531,115.83999633789062,116.02999877929688,1176800
2017-12-18,76.21682739257812,116.16999816894531,116.25,116.05000305175781,116.18000030517578,1564100
2017-12-19,76.0528564453125,115.91999816894531,116.0999984741211,115.81999969482422,116.05000305175781,1048400
2017-12-20,75.93474578857422,115.73999786376953,115.87000274658203,115.62000274658203,115.87000274658203,1947800
2017-12-21,75.92882537841797,115.36000061035156,115.55000305175781,115.30999755859375,115.45999908447266,1864800
2017-12-22,76.17894744873047,115.73999786376953,115.80000305175781,115.41000366210938,115.43000030517578,1791700
2017-12-26,76.2184066772461,115.80000305175781,115.87000274658203,115.68000030517578,115.73999786376953,619400
2017-12-27,76.29080963134766,115.91000366210938,116.01000213623047,115.68000030517578,115.87000274658203,932700
2017-12-28,76.317138671875,115.94999694824219,116.01000213623047,115.83999633789062,116.01000213623047,761100
2017-12-29,76.4158935546875,116.0999984741211,116.22000122070312,115.87000274658203,116.04000091552734,1109500
2018-01-02,76.61331176757812,116.4000015258789,116.44000244140625,116.0199966430664,116.02999877929688,5965300
2018-01-03,76.5804214477539,116.3499984741211,116.58000183105469,116.22000122070312,116.58000183105469,3111100
2018-01-04,76.77790832519531,116.6500015258789,116.6500015258789,116.33000183105469,116.55000305175781,2974500
2018-01-05,76.82386779785156,116.72000122070312,116.86000061035156,116.56999969482422,116.81999969482422,1705400
2018-01-08,76.68572998046875,116.51000213623047,116.72000122070312,116.38999938964844,116.5999984741211,3412900
2018-01-09,76.44876861572266,116.1500015258789,116.5,116.05999755859375,116.5,2979000
2018-01-10,76.22501373291016,115.80999755859375,115.81999969482422,115.5999984741211,115.70999908447266,2124400
2018-01-11,76.32372283935547,115.95999908447266,116.0,115.80999755859375,115.8499984741211,1787900
2018-01-12,76.4355697631836,116.12999725341797,116.13999938964844,115.75,115.7699966430664,1651900
2018-01-16,76.44219970703125,116.13999938964844,116.33000183105469,116.06999969482422,116.16000366210938,3556900
2018-01-17,76.46195220947266,116.16999816894531,116.22000122070312,116.0199966430664,116.11000061035156,1973900
2018-01-18,76.28424072265625,115.9000015258789,116.02999877929688,115.83000183105469,115.94000244140625,2175000
2018-01-19,76.06700897216797,115.56999969482422,115.7699966430664,115.51000213623047,115.73999786376953,3803400
2018-01-22,76.0801773071289,115.58999633789062,115.66999816894531,115.3499984741211,115.4800033569336,2131900
2018-01-23,76.22501373291016,115.80999755859375,115.9000015258789,115.69000244140625,115.86000061035156,1812600
2018-01-24,76.11309814453125,115.63999938964844,115.66000366210938,115.41999816894531,115.62000274658203,2539300
2018-01-25,76.2184066772461,115.80000305175781,115.87000274658203,115.58000183105469,115.75,1937700
2018-01-26,76.36323547363281,116.0199966430664,116.04000091552734,115.77999877929688,115.98999786376953,2166400
2018-01-29,75.94856262207031,115.38999938964844,115.56999969482422,115.37000274658203,115.48999786376953,3249100
2018-01-30,75.8169174194336,115.19000244140625,115.37999725341797,115.16000366210938,115.37000274658203,2717200
2018-01-31,75.92882537841797,115.36000061035156,115.54000091552734,115.22000122070312,115.43000030517578,4581600
2018-02-01,75.89579772949219,115.0,115.25,114.94000244140625,115.0,4756500
2018-02-02,75.30848693847656,114.11000061035156,114.56999969482422,114.05999755859375,114.55999755859375,5537200
2018-02-05,74.87946319580078,113.45999908447266,114.41999816894531,113.22000122070312,113.9000015258789,9921100
2018-02-06,75.01805114746094,113.66999816894531,113.9800033569336,113.45999908447266,113.70999908447266,5534000
2018-02-07,74.8860855102539,113.47000122070312,114.16999816894531,113.30999755859375,114.04000091552734,6803800
2018-02-08,74.04133605957031,112.19000244140625,113.2699966430664,112.13999938964844,113.23999786376953,6040300
2018-02-09,73.82353210449219,111.86000061035156,112.1500015258789,111.41999816894531,111.94999694824219,6235200
2018-02-12,73.94229125976562,112.04000091552734,112.30999755859375,111.9000015258789,112.18000030517578,4462100
2018-02-13,73.67176055908203,111.62999725341797,112.12000274658203,111.38999938964844,112.12000274658203,4145500
2018-02-14,73.50675201416016,111.37999725341797,111.44000244140625,111.05999755859375,111.12000274658203,3202800
2018-02-15,73.98851013183594,112.11000061035156,112.19000244140625,111.62999725341797,111.63999938964844,3140100
2018-02-16,74.47689819335938,112.8499984741211,113.0199966430664,112.5,112.66000366210938,4307900
2018-02-20,73.98851013183594,112.11000061035156,112.48999786376953,112.01000213623047,112.4000015258789,2039200
2018-02-21,73.7311019897461,111.72000122070312,112.52999877929688,111.6500015258789,112.44000244140625,2283700
2018-02-22,73.81031799316406,111.83999633789062,112.33000183105469,111.80000305175781,112.12999725341797,3240300
2018-02-23,74.36470794677734,112.68000030517578,112.80999755859375,112.05999755859375,112.05999755859375,4685800
2018-02-26,74.56927490234375,112.98999786376953,113.06999969482422,112.62000274658203,112.73999786376953,3160900
2018-02-27,74.4306640625,112.77999877929688,113.19000244140625,112.44000244140625,113.12000274658203,4536500
2018-02-28,74.27229309082031,112.54000091552734,112.91000366210938,112.5,112.69000244140625,2861200
2018-03-01,74.00090789794922,111.79000091552734,112.20999908447266,111.73999786376953,112.05000305175781,5754700
2018-03-02,74.25244903564453,112.16999816894531,112.2300033569336,111.79000091552734,111.80999755859375,3030800
2018-03-05,74.1399154663086,112.0,112.18000030517578,111.87000274658203,112.12000274658203,2724600
2018-03-06,74.25244903564453,112.16999816894531,112.44999694824219,112.02999877929688,112.31999969482422,2065100
2018-03-07,74.1729965209961,112.05000305175781,112.12999725341797,111.88999938964844,112.08000183105469,1728100
2018-03-08,74.17958068847656,112.05999755859375,112.18000030517578,111.94000244140625,112.02999877929688,1478200
2018-03-09,74.32525634765625,112.27999877929688,112.37000274658203,112.12999725341797,112.20999908447266,1943100
2018-03-12,74.31202697753906,112.26000213623047,112.30999755859375,112.12000274658203,112.26000213623047,903300
2018-03-13,74.19288635253906,112.08000183105469,112.26000213623047,112.04000091552734,112.23999786376953,1445100
2018-03-14,74.3583755493164,112.33000183105469,112.5199966430664,112.16999816894531,112.26000213623047,1885800
2018-03-15,74.29875183105469,112.23999786376953,112.36000061035156,112.19999694824219,112.30999755859375,1406300
2018-03-16,74.29212951660156,112.2300033569336,112.30999755859375,112.13999938964844,112.22000122070312,1183500
2018-03-19,73.98104095458984,111.76000213623047,112.19999694824219,111.69999694824219,111.87999725341797,1870400
2018-03-20,73.82878112792969,111.52999877929688,111.56999969482422,111.45999908447266,111.52999877929688,1503900
2018-03-21,74.05387115478516,111.87000274658203,112.05000305175781,111.56999969482422,111.58999633789062,2371900
2018-03-22,73.83538818359375,111.54000091552734,112.0,111.38999938964844,111.9000015258789,2292300
2018-03-23,73.53752136230469,111.08999633789062,111.68000030517578,111.01000213623047,111.45999908447266,3387900
2018-03-26,73.98104095458984,111.76000213623047,111.86000061035156,111.44000244140625,111.44999694824219,4068600
2018-03-27,74.09353637695312,111.93000030517578,112.18000030517578,111.88999938964844,112.08000183105469,2247700
2018-03-28,74.2855453491211,112.22000122070312,112.30000305175781,112.08000183105469,112.16999816894531,2312100
2018-03-29,74.68272399902344,112.81999969482422,112.91999816894531,112.54000091552734,112.55000305175781,3034000
2018-04-02,74.53927612304688,112.2300033569336,112.27999877929688,112.05000305175781,112.2300033569336,1588200
2018-04-03,74.59236145019531,112.30999755859375,112.4000015258789,112.19000244140625,112.4000015258789,2351100
2018-04-04,74.67874908447266,112.44000244140625,112.56999969482422,112.19999694824219,112.20999908447266,1686900
2018-04-05,74.65217590332031,112.4000015258789,112.66999816894531,112.36000061035156,112.54000091552734,3002300
2018-04-06,74.76509857177734,112.56999969482422,112.77999877929688,112.41000366210938,112.76000213623047,2940900
2018-04-09,74.69203186035156,112.45999908447266,112.51000213623047,112.37000274658203,112.41999816894531,1191800
2018-04-10,74.57244873046875,112.27999877929688,112.45999908447266,112.19999694824219,112.38999938964844,2810500
2018-04-11,74.5989990234375,112.31999969482422,112.38999938964844,112.12999725341797,112.1500015258789,941000
2018-04-12,74.5989990234375,112.31999969482422,112.4800033569336,112.26000213623047,112.4000015258789,1734000
2018-04-13,74.6588134765625,112.41000366210938,112.48999786376953,112.26000213623047,112.31999969482422,1175200
2018-04-16,74.56582641601562,112.2699966430664,112.27999877929688,112.05000305175781,112.26000213623047,1148000
2018-04-17,74.40641784667969,112.02999877929688,112.19999694824219,112.0199966430664,112.11000061035156,2212200
2018-04-18,74.40641784667969,112.02999877929688,112.25,112.02999877929688,112.13999938964844,3187500
2018-04-19,74.14739227294922,111.63999938964844,111.95999908447266,111.47000122070312,111.87999725341797,3141800
2018-04-20,73.82196807861328,111.1500015258789,111.4000015258789,111.05999755859375,111.37000274658203,3191500
2018-04-23,73.64263153076172,110.87999725341797,111.0,110.7300033569336,110.88999938964844,2048000
2018-04-24,73.52969360351562,110.70999908447266,111.16999816894531,110.5999984741211,111.06999969482422,1668900
2018-04-25,73.26406860351562,110.30999755859375,110.5,110.08999633789062,110.44999694824219,1929800
2018-04-26,73.3238296508789,110.4000015258789,110.66999816894531,110.2300033569336,110.55999755859375,2233400
2018-04-27,73.38360595703125,110.48999786376953,110.51000213623047,110.25,110.30000305175781,1253400
2018-04-30,73.15116882324219,110.13999938964844,110.55000305175781,110.08000183105469,110.48999786376953,1981400
2018-05-01,73.01849365234375,109.52999877929688,109.6500015258789,109.25,109.56999969482422,3342500
2018-05-02,72.43852233886719,108.66000366210938,109.3499984741211,108.55999755859375,109.0999984741211,3868800
2018-05-03,72.35848999023438,108.54000091552734,108.79000091552734,108.4800033569336,108.79000091552734,3852100
2018-05-04,72.41852569580078,108.62999725341797,108.70999908447266,107.66999816894531,108.18000030517578,3246100
2018-05-07,72.11851501464844,108.18000030517578,108.62000274658203,108.12000274658203,108.5199966430664,1837600
2018-05-08,71.69187927246094,107.54000091552734,108.0999984741211,106.9800033569336,107.94999694824219,4249400
2018-05-09,71.56520080566406,107.3499984741211,107.37999725341797,106.93000030517578,107.06999969482422,3879200
2018-05-10,72.47185516357422,108.70999908447266,109.23999786376953,108.5,108.77999877929688,4064400
2018-05-11,72.77843475341797,109.16999816894531,109.25,108.83000183105469,109.0999984741211,6017200
2018-05-14,72.6518325805664,108.9800033569336,109.22000122070312,108.8499984741211,109.12000274658203,4601200
2018-05-15,72.15184020996094,108.2300033569336,108.37000274658203,107.98999786376953,108.16999816894531,5328200
2018-05-16,72.30516052246094,108.45999908447266,108.56999969482422,108.2699966430664,108.36000061035156,3515600
2018-05-17,72.01850128173828,108.02999877929688,108.4800033569336,107.9000015258789,108.19999694824219,4195100
2018-05-18,71.93851470947266,107.91000366210938,107.98999786376953,107.66999816894531,107.77999877929688,4913800
2018-05-21,71.95183563232422,107.93000030517578,108.0199966430664,107.63999938964844,107.66000366210938,3281500
2018-05-22,72.23185729980469,108.3499984741211,108.5199966430664,108.05000305175781,108.33000183105469,2728600
2018-05-23,72.678466796875,109.0199966430664,109.0999984741211,108.36000061035156,108.37999725341797,3099800
2018-05-24,72.89850616455078,109.3499984741211,109.44000244140625,109.08999633789062,109.27999877929688,2598900
2018-05-25,73.07848358154297,109.62000274658203,109.69999694824219,109.51000213623047,109.51000213623047,1687600
2018-05-29,72.87847900390625,109.31999969482422,109.55999755859375,109.13999938964844,109.51000213623047,3106400
2018-05-30,72.85851287841797,109.29000091552734,109.37000274658203,109.18000030517578,109.27999877929688,2712800
2018-05-31,72.55850219726562,108.83999633789062,109.13999938964844,108.52999877929688,109.0999984741211,3376800
2018-06-01,72.29878234863281,108.0,108.05000305175781,107.58000183105469,107.73999786376953,2781800
2018-06-04,72.27195739746094,107.95999908447266,108.26000213623047,107.93000030517578,108.11000061035156,2164800
2018-06-05,72.38578796386719,108.12999725341797,108.31999969482422,108.06999969482422,108.19000244140625,1735800
2018-06-06,72.22513580322266,107.88999938964844,108.0199966430664,107.72000122070312,107.97000122070312,2139000
2018-06-07,72.02428436279297,107.58999633789062,107.9800033569336,107.37999725341797,107.93000030517578,6189900
2018-06-08,72.09123992919922,107.69000244140625,107.7699966430664,107.3499984741211,107.63999938964844,3288000
2018-06-11,71.95065307617188,107.4800033569336,107.55999755859375,107.44999694824219,107.5,3210300
2018-06-12,71.64937591552734,107.02999877929688,107.1500015258789,106.9000015258789,107.01000213623047,2269100
2018-06-13,71.42179870605469,106.69000244140625,106.95999908447266,106.4000015258789,106.80000305175781,3705400
2018-06-14,71.33477020263672,106.55999755859375,107.55000305175781,106.47000122070312,107.31999969482422,4462400
2018-06-15,71.48204040527344,106.77999877929688,106.9800033569336,106.58999633789062,106.86000061035156,6638500
2018-06-18,71.1004867553711,106.20999908447266,106.44000244140625,106.08000183105469,106.44000244140625,4085100
2018-06-19,71.08039093017578,106.18000030517578,106.2300033569336,105.16999816894531,105.2699966430664,7584900
2018-06-20,71.234375,106.41000366210938,106.83000183105469,106.31999969482422,106.73999786376953,7578500
2018-06-21,71.49543762207031,106.80000305175781,106.81999969482422,106.44000244140625,106.52999877929688,3220000
2018-06-22,71.89708709716797,107.4000015258789,107.63999938964844,107.08999633789062,107.33999633789062,4179500
2018-06-25,71.5690689086914,106.91000366210938,107.27999877929688,106.77999877929688,107.11000061035156,1713300
2018-06-26,71.46868133544922,106.76000213623047,106.8499984741211,106.54000091552734,106.76000213623047,1788500
2018-06-27,71.32808685302734,106.55000305175781,106.8499984741211,106.54000091552734,106.8499984741211,2130400
2018-06-28,71.46868133544922,106.76000213623047,106.81999969482422,106.4000015258789,106.54000091552734,2552100
2018-06-29,71.47540283203125,106.7699966430664,107.19999694824219,106.7300033569336,107.0999984741211,3386800
2018-07-02,71.47265625,106.31999969482422,106.37999725341797,105.93000030517578,106.08999633789062,3663300
2018-07-03,71.70126342773438,106.66000366210938,106.86000061035156,106.41000366210938,106.5999984741211,2367700
2018-07-05,72.15833282470703,107.33999633789062,107.44999694824219,106.91999816894531,107.2699966430664,3749900
2018-07-06,72.77680206298828,108.26000213623047,108.38999938964844,107.47000122070312,107.80000305175781,3272000
2018-07-09,72.97847747802734,108.55999755859375,108.83999633789062,108.45999908447266,108.75,2391900
2018-07-10,73.10621643066406,108.75,108.8499984741211,108.38999938964844,108.45999908447266,3235400
2018-07-11,72.80372619628906,108.30000305175781,108.5,108.19999694824219,108.5,3601600
2018-07-12,72.94483947753906,108.51000213623047,108.5199966430664,108.2699966430664,108.43000030517578,2685700
2018-07-13,73.32135009765625,109.06999969482422,109.0999984741211,108.79000091552734,108.9000015258789,1832600
2018-07-16,73.13310241699219,108.79000091552734,109.29000091552734,108.63999938964844,109.02999877929688,2292000
2018-07-17,73.12635040283203,108.77999877929688,108.80999755859375,108.45999908447266,108.48999786376953,3356400
2018-07-18,73.05915832519531,108.68000030517578,108.94000244140625,108.58000183105469,108.69000244140625,3866300
2018-07-19,73.04570770263672,108.66000366210938,108.77999877929688,108.47000122070312,108.5,1749900
2018-07-20,72.97847747802734,108.55999755859375,108.98999786376953,108.44999694824219,108.98999786376953,2781200
2018-07-23,72.88436889648438,108.41999816894531,108.75,108.33000183105469,108.58000183105469,1150700
2018-07-24,72.81716918945312,108.31999969482422,108.47000122070312,108.29000091552734,108.43000030517578,1640500
2018-07-25,73.4692153930664,109.29000091552734,109.29000091552734,108.58999633789062,108.7300033569336,2868300
2018-07-26,73.52970886230469,109.37999725341797,109.6500015258789,109.30999755859375,109.44999694824219,1714900
2018-07-27,73.65740966796875,109.56999969482422,109.7699966430664,109.54000091552734,109.6500015258789,2253100
2018-07-30,73.44904327392578,109.26000213623047,109.55000305175781,109.20999908447266,109.5199966430664,2849800
2018-07-31,73.31460571289062,109.05999755859375,109.33000183105469,109.0199966430664,109.11000061035156,2014800
2018-08-01,73.0047607421875,108.16000366210938,108.4800033569336,108.05999755859375,108.47000122070312,2994300
2018-08-02,72.94403839111328,108.06999969482422,108.16000366210938,107.58999633789062,107.80000305175781,1924300
2018-08-03,73.10603332519531,108.30999755859375,108.4800033569336,108.26000213623047,108.26000213623047,1402300
2018-08-06,72.98453521728516,108.12999725341797,108.38999938964844,108.11000061035156,108.33000183105469,1808200
2018-08-07,72.87654113769531,107.97000122070312,108.26000213623047,107.97000122070312,108.16999816894531,1372500
2018-08-08,72.87654113769531,107.97000122070312,108.0199966430664,107.75,107.9000015258789,4281700
2018-08-09,72.62004852294922,107.58999633789062,107.94999694824219,107.38999938964844,107.77999877929688,3005800
2018-08-10,71.79657745361328,106.37000274658203,106.68000030517578,106.08000183105469,106.5999984741211,7194700
2018-08-13,71.47937774658203,105.9000015258789,106.0199966430664,105.2699966430664,105.30000305175781,7738100
2018-08-14,71.945068359375,106.58999633789062,106.70999908447266,106.29000091552734,106.55000305175781,2450400
2018-08-15,71.79657745361328,106.37000274658203,106.58000183105469,106.01000213623047,106.37000274658203,2959700
2018-08-16,71.945068359375,106.58999633789062,106.80000305175781,106.44000244140625,106.5199966430664,2551700
2018-08-17,72.2353515625,107.0199966430664,107.08999633789062,106.52999877929688,106.58999633789062,1868800
2018-08-20,72.14083099365234,106.87999725341797,106.91999816894531,106.62999725341797,106.87000274658203,1842700
2018-08-21,72.34332275390625,107.18000030517578,107.27999877929688,106.98999786376953,106.98999786376953,2580700
2018-08-22,72.66059112548828,107.6500015258789,107.69999694824219,107.37000274658203,107.56999969482422,2943500
2018-08-23,72.30281066894531,107.12000274658203,107.58999633789062,107.08000183105469,107.47000122070312,2312100
2018-08-24,72.4918212890625,107.4000015258789,107.4800033569336,107.05999755859375,107.27999877929688,1954900
2018-08-27,72.58631134033203,107.54000091552734,107.62999725341797,107.30999755859375,107.30999755859375,1932800
2018-08-28,72.45130920410156,107.33999633789062,107.55000305175781,107.31999969482422,107.5199966430664,3021200
2018-08-29,72.2353515625,107.0199966430664,107.37999725341797,106.8499984741211,107.12000274658203,3278800
2018-08-30,71.83707427978516,106.43000030517578,106.79000091552734,106.30999755859375,106.70999908447266,3149900
2018-08-31,71.61434173583984,106.0999984741211,106.5999984741211,106.05999755859375,106.12000274658203,3586100
2018-09-04,71.39472961425781,105.33999633789062,105.51000213623047,104.9800033569336,105.0,5454600
2018-09-05,71.44221496582031,105.41000366210938,105.58000183105469,105.0999984741211,105.11000061035156,5362700
2018-09-06,71.76074981689453,105.87999725341797,106.19999694824219,105.52999877929688,105.9800033569336,4234200
2018-09-07,71.57095336914062,105.5999984741211,105.95999908447266,105.55999755859375,105.86000061035156,3712900
2018-09-10,71.43541717529297,105.4000015258789,105.58999633789062,105.3499984741211,105.56999969482422,1736600
2018-09-11,71.29985809326172,105.19999694824219,105.30999755859375,105.06999969482422,105.19999694824219,3783800
2018-09-12,71.53026580810547,105.54000091552734,105.77999877929688,105.33000183105469,105.41000366210938,3019300
2018-09-13,72.2283935546875,106.56999969482422,106.72000122070312,106.26000213623047,106.38999938964844,5337900
2018-09-14,72.30973815917969,106.69000244140625,106.77999877929688,106.44999694824219,106.77999877929688,2145000
2018-09-17,72.08606719970703,106.36000061035156,106.55999755859375,106.23999786376953,106.4000015258789,1811300
2018-09-18,71.86239624023438,106.02999877929688,106.36000061035156,105.98999786376953,106.25,2801500
2018-09-19,72.11992645263672,106.41000366210938,106.5,106.26000213623047,106.27999877929688,1588600
2018-09-20,72.526611328125,107.01000213623047,107.06999969482422,106.63999938964844,106.81999969482422,2890900
2018-09-21,72.6825180053711,107.23999786376953,107.33999633789062,106.97000122070312,107.08000183105469,5276900
2018-09-24,72.60794067382812,107.12999725341797,107.44000244140625,107.12000274658203,107.29000091552734,2862600
2018-09-25,72.66213989257812,107.20999908447266,107.20999908447266,106.81999969482422,107.04000091552734,3748000
2018-09-26,72.99425506591797,107.69999694824219,107.77999877929688,107.31999969482422,107.41999816894531,4931700
2018-09-27,73.25184631347656,108.08000183105469,108.11000061035156,107.87999725341797,108.05000305175781,3777000
2018-09-28,73.06881713867188,107.80999755859375,108.05000305175781,107.80999755859375,108.04000091552734,4038100
2018-10-01,73.06884002685547,107.36000061035156,107.72000122070312,107.33000183105469,107.5199966430664,3135200
2018-10-02,73.1436538696289,107.47000122070312,107.56999969482422,107.16999816894531,107.27999877929688,4698600
2018-10-03,72.76253509521484,106.91000366210938,107.69999694824219,106.86000061035156,107.61000061035156,3699100
2018-10-04,72.25208282470703,106.16000366210938,106.62000274658203,105.95999908447266,106.29000091552734,5843200
2018-10-05,72.0342788696289,105.83999633789062,106.05000305175781,105.61000061035156,105.91000366210938,10611500
2018-10-08,72.01388549804688,105.80999755859375,105.9000015258789,105.6500015258789,105.6500015258789,2111400
2018-10-09,72.04112243652344,105.8499984741211,105.88999938964844,105.44999694824219,105.5199966430664,3093500
2018-10-10,71.74166870117188,105.41000366210938,105.8499984741211,105.4000015258789,105.77999877929688,2744400
2018-10-11,71.85051727294922,105.56999969482422,105.70999908447266,105.05000305175781,105.48999786376953,3540000
2018-10-12,72.01388549804688,105.80999755859375,106.0199966430664,105.62000274658203,105.95999908447266,2911400
2018-10-15,72.02751922607422,105.83000183105469,105.97000122070312,105.7300033569336,105.7300033569336,3005000
2018-10-16,72.29977416992188,106.2300033569336,106.36000061035156,105.9000015258789,106.08000183105469,3367600
2018-10-17,72.12960052490234,105.9800033569336,106.30999755859375,105.91000366210938,106.20999908447266,3151700
2018-10-18,71.85736846923828,105.58000183105469,105.83999633789062,105.44999694824219,105.83999633789062,3544300
2018-10-19,71.77566528320312,105.45999908447266,105.69000244140625,105.38999938964844,105.6500015258789,5447900
2018-10-22,71.70083618164062,105.3499984741211,105.69999694824219,105.30000305175781,105.55999755859375,3031200
2018-10-23,71.72122955322266,105.37999725341797,105.4800033569336,105.12999725341797,105.18000030517578,2668000
2018-10-24,71.44220733642578,104.97000122070312,105.56999969482422,104.91000366210938,105.45999908447266,2058600
2018-10-25,71.66677856445312,105.30000305175781,105.58000183105469,105.12000274658203,105.12000274658203,3057200
2018-10-26,71.76207733154297,105.44000244140625,105.55000305175781,105.22000122070312,105.30999755859375,3098200
2018-10-29,71.45578002929688,104.98999786376953,105.4800033569336,104.94999694824219,105.4000015258789,3219200
2018-10-30,71.53069305419922,105.0999984741211,105.12000274658203,104.83999633789062,104.94000244140625,2165600
2018-10-31,71.23119354248047,104.66000366210938,104.95999908447266,104.58999633789062,104.9000015258789,3564500
2018-11-01,71.5737075805664,104.69999694824219,104.79000091552734,104.3499984741211,104.48999786376953,4560400
2018-11-02,71.49163055419922,104.58000183105469,104.9800033569336,104.51000213623047,104.91000366210938,3267200
2018-11-05,71.66255950927734,104.83000183105469,104.94999694824219,104.62999725341797,104.77999877929688,8168300
2018-11-06,71.5737075805664,104.69999694824219,104.9800033569336,104.6500015258789,104.94999694824219,3053500
2018-11-07,71.74459838867188,104.94999694824219,105.19999694824219,104.79000091552734,105.12000274658203,3426100
2018-11-08,71.47796630859375,104.55999755859375,104.91999816894531,104.55999755859375,104.81999969482422,3568400
2018-11-09,71.51213836669922,104.61000061035156,104.68000030517578,104.30000305175781,104.5199966430664,2238900
2018-11-12,71.25238800048828,104.2300033569336,104.45999908447266,104.19000244140625,104.44999694824219,1380200
2018-11-13,71.16351318359375,104.0999984741211,104.31999969482422,104.02999877929688,104.18000030517578,5848500
2018-11-14,71.3002700805664,104.30000305175781,104.3499984741211,104.12000274658203,104.26000213623047,1844000
2018-11-15,71.00626373291016,103.87000274658203,104.16000366210938,103.7699966430664,104.11000061035156,3862500
2018-11-16,71.11564636230469,104.02999877929688,104.11000061035156,103.19999694824219,103.19999694824219,4184000
2018-11-19,70.86271667480469,103.66000366210938,104.0,103.62999725341797,103.94999694824219,2509900
2018-11-20,70.28849792480469,102.81999969482422,103.22000122070312,102.72000122070312,102.91000366210938,5685500
2018-11-21,70.60983276367188,103.29000091552734,103.55000305175781,103.26000213623047,103.38999938964844,2425700
2018-11-23,70.36373138427734,102.93000030517578,103.16000366210938,102.91999816894531,103.1500015258789,1568500
2018-11-26,70.46625518798828,103.08000183105469,103.20999908447266,102.8499984741211,102.95999908447266,3981700
2018-11-27,69.97407531738281,102.36000061035156,103.06999969482422,102.1500015258789,102.70999908447266,4520700
2018-11-28,70.84906005859375,103.63999938964844,103.72000122070312,102.58999633789062,102.80000305175781,4855600
2018-11-29,70.72602844238281,103.45999908447266,103.91000366210938,103.4000015258789,103.80999755859375,6056000
2018-11-30,70.88324737548828,103.69000244140625,103.88999938964844,103.5,103.66000366210938,4020700
2018-12-03,71.38032531738281,103.95999908447266,104.44000244140625,103.88999938964844,104.33000183105469,5506900
2018-12-04,71.17435455322266,103.66000366210938,104.2300033569336,103.47000122070312,104.06999969482422,5871000
2018-12-06,71.38721466064453,103.97000122070312,103.9800033569336,103.44999694824219,103.62999725341797,6485300
2018-12-07,71.45587921142578,104.06999969482422,104.37000274658203,103.98999786376953,104.16000366210938,5342800
2018-12-10,71.45587921142578,104.06999969482422,104.2699966430664,103.83999633789062,104.18000030517578,3945400
2018-12-11,71.50393676757812,104.13999938964844,104.37000274658203,104.05000305175781,104.22000122070312,3526200
2018-12-12,71.63439178466797,104.33000183105469,104.66999816894531,104.2699966430664,104.48999786376953,3188100
2018-12-13,71.84039306640625,104.62999725341797,104.97000122070312,104.4800033569336,104.91999816894531,4406700
2018-12-14,71.8541259765625,104.6500015258789,104.9000015258789,104.58000183105469,104.72000122070312,3501100
2018-12-17,71.95026397705078,104.79000091552734,104.93000030517578,104.58000183105469,104.8499984741211,3539200
2018-12-18,72.02669525146484,103.61000061035156,103.94000244140625,103.45999908447266,103.66999816894531,9264900
2018-12-19,71.92941284179688,103.47000122070312,103.91999816894531,103.22000122070312,103.73999786376953,9687400
2018-12-20,71.79729461669922,103.27999877929688,103.83999633789062,103.26000213623047,103.6500015258789,5099200
2018-12-21,71.56790161132812,102.94999694824219,103.41999816894531,102.7699966430664,103.11000061035156,8372900
2018-12-24,71.53314208984375,102.9000015258789,103.13999938964844,102.7300033569336,103.11000061035156,1857300
2018-12-26,71.6374282836914,103.05000305175781,103.48999786376953,102.62000274658203,102.98999786376953,2584800
2018-12-27,71.93632507324219,103.4800033569336,103.55000305175781,102.83999633789062,102.8499984741211,2844200
2018-12-28,71.9850082397461,103.55000305175781,103.91000366210938,103.36000061035156,103.47000122070312,3234800
2018-12-31,72.23526763916016,103.91000366210938,103.94999694824219,103.58999633789062,103.70999908447266,2039000
2019-01-02,72.23526763916016,103.91000366210938,104.2300033569336,103.56999969482422,103.66000366210938,4241600
2019-01-03,72.54110717773438,104.3499984741211,104.70999908447266,103.83999633789062,103.91000366210938,3988000
2019-01-04,73.09033203125,105.13999938964844,105.27999877929688,104.55999755859375,104.55999755859375,6787700
2019-01-07,73.40315246582031,105.58999633789062,105.69000244140625,105.23999786376953,105.36000061035156,8315200
2019-01-08,73.34756469726562,105.51000213623047,105.54000091552734,105.05999755859375,105.27999877929688,4462200
2019-01-09,73.47960662841797,105.69999694824219,105.87999725341797,105.51000213623047,105.75,4315400
2019-01-10,73.34756469726562,105.51000213623047,105.69999694824219,105.26000213623047,105.45999908447266,5080300
2019-01-11,73.35446166992188,105.5199966430664,105.61000061035156,105.12999725341797,105.44999694824219,4425400
2019-01-14,73.27106475830078,105.4000015258789,105.5199966430664,105.27999877929688,105.33000183105469,3388900
2019-01-15,73.52133178710938,105.76000213623047,105.91000366210938,105.69000244140625,105.72000122070312,6458700
2019-01-16,73.58390808105469,105.8499984741211,106.22000122070312,105.83999633789062,106.20999908447266,3549200
2019-01-17,73.83416748046875,106.20999908447266,106.27999877929688,105.62000274658203,105.87000274658203,4988600
2019-01-18,74.18865966796875,106.72000122070312,106.93000030517578,106.47000122070312,106.58999633789062,7720500
2019-01-22,74.20956420898438,106.75,106.86000061035156,106.52999877929688,106.76000213623047,5983700
2019-01-23,74.5779800415039,107.27999877929688,107.38999938964844,107.01000213623047,107.1500015258789,3434100
2019-01-24,74.93948364257812,107.80000305175781,107.8499984741211,107.62000274658203,107.69999694824219,3136300
2019-01-25,74.86996459960938,107.69999694824219,107.95999908447266,107.5999984741211,107.8499984741211,6431600
2019-01-28,74.52933502197266,107.20999908447266,107.29000091552734,107.0,107.29000091552734,5485100
2019-01-29,74.59186553955078,107.30000305175781,107.30999755859375,106.98999786376953,107.18000030517578,4031900
2019-01-30,75.12023162841797,108.05999755859375,108.20999908447266,107.05999755859375,107.08999633789062,5268100
2019-01-31,75.69025421142578,108.87999725341797,109.04000091552734,108.55999755859375,108.5999984741211,8407900
2019-02-01,75.79634094238281,108.58999633789062,108.68000030517578,108.0199966430664,108.25,13481600
2019-02-04,75.53809356689453,108.22000122070312,108.41999816894531,108.01000213623047,108.2300033569336,5968700
2019-02-05,76.0406494140625,108.94000244140625,109.04000091552734,108.48999786376953,108.81999969482422,5913300
2019-02-06,75.6497802734375,108.37999725341797,108.5999984741211,108.25,108.4000015258789,3680400
2019-02-07,75.51018524169922,108.18000030517578,108.29000091552734,108.0,108.18000030517578,7506700
2019-02-08,75.17513275146484,107.69999694824219,108.0,107.62000274658203,107.9000015258789,4336500
2019-02-11,75.00066375732422,107.44999694824219,107.69000244140625,107.36000061035156,107.5,5676600
2019-02-12,75.27983856201172,107.8499984741211,108.01000213623047,107.69000244140625,107.93000030517578,3228900
2019-02-13,75.28681945800781,107.86000061035156,108.18000030517578,107.8499984741211,108.0999984741211,5843400
2019-02-14,75.48224639892578,108.13999938964844,108.27999877929688,107.77999877929688,107.91000366210938,3100100
2019-02-15,75.54509735107422,108.2300033569336,108.31999969482422,108.02999877929688,108.27999877929688,8221800
2019-02-19,75.49625396728516,108.16000366210938,108.41000366210938,108.13999938964844,108.29000091552734,3980100
2019-02-20,75.50314331054688,108.16999816894531,108.36000061035156,108.08000183105469,108.25,1981700
2019-02-21,75.45436096191406,108.0999984741211,108.44000244140625,108.08000183105469,108.4000015258789,2771000
2019-02-22,75.92201232910156,108.7699966430664,108.80000305175781,108.33000183105469,108.33000183105469,2908100
2019-02-25,75.79634094238281,108.58999633789062,109.05000305175781,108.55999755859375,108.95999908447266,4948700
2019-02-26,76.0197525024414,108.91000366210938,109.0199966430664,108.61000061035156,108.73999786376953,2971200
2019-02-27,76.0406494140625,108.94000244140625,109.30999755859375,108.77999877929688,109.27999877929688,4394400
2019-02-28,75.9918212890625,108.87000274658203,109.0,108.69000244140625,109.0,5154700
2019-03-01,75.72056579589844,108.04000091552734,108.43000030517578,108.04000091552734,108.33000183105469,4825500
2019-03-04,75.67854309082031,107.9800033569336,108.25,107.76000213623047,108.25,5610800
2019-03-05,75.71356964111328,108.02999877929688,108.08000183105469,107.81999969482422,107.9800033569336,3170000
2019-03-06,75.65050506591797,107.94000244140625,108.2300033569336,107.91000366210938,108.08000183105469,3152900
2019-03-07,75.47528839111328,107.69000244140625,108.1500015258789,107.63999938964844,108.1500015258789,7931400
2019-03-08,75.68551635742188,107.98999786376953,107.98999786376953,107.4800033569336,107.66000366210938,4364900
2019-03-11,75.96586608886719,108.38999938964844,108.45999908447266,108.20999908447266,108.25,4401800
2019-03-12,76.20417022705078,108.7300033569336,108.80999755859375,108.56999969482422,108.56999969482422,3538900
2019-03-13,76.22521209716797,108.76000213623047,108.79000091552734,108.5,108.69999694824219,2460200
2019-03-14,76.11307525634766,108.5999984741211,108.81999969482422,108.52999877929688,108.81999969482422,4132000
2019-03-15,76.42144012451172,109.04000091552734,109.08999633789062,108.83000183105469,108.94999694824219,5163900
2019-03-18,76.49151611328125,109.13999938964844,109.30000305175781,109.01000213623047,109.18000030517578,3647800
2019-03-19,76.54759979248047,109.22000122070312,109.5,109.13999938964844,109.33999633789062,5537900
2019-03-20,77.22742462158203,110.19000244140625,110.37000274658203,108.97000122070312,109.22000122070312,7302200
2019-03-21,77.20639038085938,110.16000366210938,110.30000305175781,110.02999877929688,110.1500015258789,4208900
2019-03-22,76.69479370117188,109.43000030517578,109.81999969482422,109.30000305175781,109.75,5784000
2019-03-25,77.12226104736328,110.04000091552734,110.04000091552734,109.33999633789062,109.4000015258789,5680600
2019-03-26,77.19239044189453,110.13999938964844,110.22000122070312,109.94000244140625,109.9800033569336,4465800
2019-03-27,76.90502166748047,109.7300033569336,110.05000305175781,109.41999816894531,109.9000015258789,6022300
2019-03-28,77.06621551513672,109.95999908447266,109.98999786376953,109.5199966430664,109.55999755859375,3530000
2019-03-29,77.13632202148438,110.05999755859375,110.33999633789062,109.94999694824219,110.19000244140625,3849900
2019-04-01,77.27281951904297,109.80000305175781,110.08999633789062,109.76000213623047,110.0,5361100
2019-04-02,77.32209014892578,109.87000274658203,109.94999694824219,107.7300033569336,109.88999938964844,3906700
2019-04-03,77.14616394042969,109.62000274658203,109.94999694824219,109.61000061035156,109.8499984741211,2859800
2019-04-04,77.12504577636719,109.58999633789062,109.88999938964844,109.58000183105469,109.69999694824219,3540500
2019-04-05,77.42766571044922,110.0199966430664,110.20999908447266,109.75,109.7699966430664,3366500
2019-04-08,77.11798858642578,109.58000183105469,109.97000122070312,109.58000183105469,109.95999908447266,4782700
2019-04-09,77.1672592163086,109.6500015258789,110.02999877929688,109.58000183105469,110.02999877929688,11591300
2019-04-10,77.32209014892578,109.87000274658203,109.93000030517578,109.69999694824219,109.75,2851500
2019-04-11,77.04058074951172,109.47000122070312,109.70999908447266,109.4000015258789,109.52999877929688,5430200
2019-04-12,77.03355407714844,109.45999908447266,109.68000030517578,109.30999755859375,109.30999755859375,7801800
2019-04-15,77.08280944824219,109.52999877929688,109.72000122070312,109.36000061035156,109.52999877929688,8276800
2019-04-16,76.93505859375,109.31999969482422,109.66000366210938,109.31999969482422,109.55000305175781,4771400
2019-04-17,77.00540924072266,109.41999816894531,109.7300033569336,109.4000015258789,109.7300033569336,6140000
2019-04-18,77.06874084472656,109.51000213623047,109.69000244140625,109.43000030517578,109.61000061035156,5185300
2019-04-22,77.01245880126953,109.43000030517578,109.55000305175781,109.22000122070312,109.44999694824219,1927200
2019-04-23,77.24466705322266,109.76000213623047,109.91000366210938,109.51000213623047,109.52999877929688,3612400
2019-04-24,77.0264892578125,109.44999694824219,109.91999816894531,109.29000091552734,109.83000183105469,4366100
2019-04-25,77.13207244873047,109.5999984741211,109.87000274658203,108.88999938964844,109.01000213623047,8116000
2019-04-26,77.08280944824219,109.52999877929688,109.93000030517578,109.38999938964844,109.7699966430664,2902100
2019-04-29,77.16024017333984,109.63999938964844,109.80999755859375,109.44999694824219,109.54000091552734,3863600
2019-04-30,77.27281951904297,109.80000305175781,109.9800033569336,109.66000366210938,109.87999725341797,2829200
2019-05-01,77.25096130371094,109.31999969482422,110.04000091552734,109.0999984741211,109.5,4642800
2019-05-02,77.13082885742188,109.1500015258789,109.5,109.0,109.47000122070312,5016700
2019-05-03,77.56892395019531,109.7699966430664,109.7699966430664,109.31999969482422,109.37999725341797,4870700
2019-05-06,77.5548095703125,109.75,109.7699966430664,109.31999969482422,109.41000366210938,2701200
2019-05-07,77.14491271972656,109.16999816894531,109.55000305175781,108.93000030517578,109.31999969482422,6945800
2019-05-08,77.22970581054688,109.29000091552734,109.5,109.13999938964844,109.1500015258789,3273800
2019-05-09,76.99654388427734,108.95999908447266,109.73999786376953,108.63999938964844,108.93000030517578,7474800
2019-05-10,77.25796508789062,109.33000183105469,109.48999786376953,108.83999633789062,109.13999938964844,7133800
2019-05-13,76.63616180419922,108.44999694824219,108.94000244140625,108.41000366210938,108.87000274658203,12322200
2019-05-14,76.87642669677734,108.79000091552734,109.0,108.6500015258789,108.80999755859375,4524400
2019-05-15,77.1590576171875,109.19000244140625,109.2699966430664,108.81999969482422,109.04000091552734,5293900
2019-05-16,77.17318725585938,109.20999908447266,109.41999816894531,109.19999694824219,109.38999938964844,2657300
2019-05-17,76.99654388427734,108.95999908447266,109.30000305175781,108.94000244140625,109.16999816894531,2724900
2019-05-20,77.34276580810547,109.44999694824219,109.4800033569336,109.01000213623047,109.12999725341797,5054500
2019-05-21,77.43463897705078,109.58000183105469,109.7699966430664,109.4800033569336,109.58000183105469,3295200
2019-05-22,77.3922348022461,109.5199966430664,109.83999633789062,109.44000244140625,109.75,2430800
2019-05-23,77.2862319946289,109.37000274658203,109.45999908447266,109.19999694824219,109.3499984741211,3439500
2019-05-24,77.36402130126953,109.4800033569336,109.81999969482422,109.38999938964844,109.61000061035156,2210700
2019-05-28,77.46293640136719,109.62000274658203,109.77999877929688,109.5,109.58000183105469,2661800
2019-05-29,77.42053985595703,109.55999755859375,109.68000030517578,109.44999694824219,109.51000213623047,1806600
2019-05-30,77.65372467041016,109.88999938964844,109.95999908447266,109.61000061035156,109.81999969482422,2657100
2019-05-31,77.65372467041016,109.88999938964844,109.91999816894531,109.36000061035156,109.5,3540100
2019-06-03,77.62462615966797,109.38999938964844,109.4000015258789,109.08000183105469,109.08999633789062,7942600
2019-06-04,78.09294128417969,110.05000305175781,110.16000366210938,109.58000183105469,109.61000061035156,5434900
2019-06-05,78.3413314819336,110.4000015258789,110.63999938964844,110.2699966430664,110.52999877929688,3103600
2019-06-06,78.63932800292969,110.81999969482422,110.8499984741211,110.5199966430664,110.54000091552734,2954000
2019-06-07,79.11483001708984,111.48999786376953,111.5999984741211,111.0,111.06999969482422,4074300
2019-06-10,79.01544952392578,111.3499984741211,111.51000213623047,111.33000183105469,111.37000274658203,2191200
2019-06-11,78.90898895263672,111.19999694824219,111.47000122070312,111.19999694824219,111.3499984741211,1921900
2019-06-12,78.84516143798828,111.11000061035156,111.33000183105469,111.0199966430664,111.29000091552734,2438500
2019-06-13,79.02256774902344,111.36000061035156,111.36000061035156,111.05999755859375,111.16000366210938,3000600
2019-06-14,78.95869445800781,111.2699966430664,111.29000091552734,111.18000030517578,111.2300033569336,2456400
2019-06-17,78.99417877197266,111.31999969482422,111.4000015258789,111.0999984741211,111.27999877929688,2151400
2019-06-18,79.79602813720703,112.44999694824219,112.44999694824219,112.12999725341797,112.13999938964844,5856700
2019-06-19,80.49147033691406,113.43000030517578,113.44999694824219,112.16000366210938,112.31999969482422,5358500
2019-06-20,80.85337829589844,113.94000244140625,113.94999694824219,113.63999938964844,113.88999938964844,5624800
2019-06-21,80.06571960449219,112.83000183105469,113.5,112.83000183105469,113.30000305175781,7054300
2019-06-24,80.22178649902344,113.05000305175781,113.23999786376953,112.98999786376953,113.18000030517578,2291200
2019-06-25,79.81023406982422,112.47000122070312,113.05999755859375,112.4000015258789,113.05000305175781,6134200
2019-06-26,79.94505310058594,112.66000366210938,112.97000122070312,112.58999633789062,112.87000274658203,7807900
2019-06-27,80.27146911621094,113.12000274658203,113.23999786376953,112.8499984741211,112.91999816894531,2606900
2019-06-28,80.3921127319336,113.29000091552734,113.4000015258789,113.2300033569336,113.38999938964844,2345000
2019-07-01,80.80386352539062,113.43000030517578,113.68000030517578,113.12999725341797,113.5999984741211,7904100
2019-07-02,80.9463119506836,113.62999725341797,113.66999816894531,113.33999633789062,113.44999694824219,3951800
2019-07-03,81.16716766357422,113.94000244140625,113.95999908447266,113.6500015258789,113.73999786376953,2185600
2019-07-05,80.7468490600586,113.3499984741211,113.69000244140625,113.0199966430664,113.69000244140625,4950100
2019-07-08,80.63290405273438,113.19000244140625,113.45999908447266,113.19000244140625,113.44999694824219,2867700
2019-07-09,80.44058990478516,112.91999816894531,113.04000091552734,112.87999725341797,112.97000122070312,5124300
2019-07-10,80.56874084472656,113.0999984741211,113.33000183105469,113.01000213623047,113.27999877929688,2810000
2019-07-11,80.33370208740234,112.7699966430664,113.29000091552734,112.6500015258789,113.18000030517578,3421400
2019-07-12,80.49752807617188,113.0,113.05999755859375,112.69000244140625,112.86000061035156,2587200
2019-07-15,80.66139221191406,113.2300033569336,113.30000305175781,112.9800033569336,112.9800033569336,3883700
2019-07-16,80.61863708496094,113.16999816894531,113.38999938964844,113.06999969482422,113.30999755859375,4306100
2019-07-17,80.71122741699219,113.30000305175781,113.5,113.16999816894531,113.41999816894531,3532600
2019-07-18,80.86084747314453,113.51000213623047,113.51000213623047,113.05000305175781,113.33999633789062,4855000
2019-07-19,80.73973846435547,113.33999633789062,113.58999633789062,113.18000030517578,113.58999633789062,5462300
2019-07-22,81.02469635009766,113.73999786376953,113.80999755859375,113.62999725341797,113.69999694824219,2108200
2019-07-23,81.27404022216797,114.08999633789062,114.08999633789062,113.83000183105469,113.9000015258789,2811100
2019-07-24,81.45919799804688,114.3499984741211,114.3499984741211,113.5999984741211,113.5999984741211,3051500
2019-07-25,81.33814239501953,114.18000030517578,114.5,113.98999786376953,114.45999908447266,2374400
2019-07-26,81.29537200927734,114.12000274658203,114.25,113.91000366210938,114.1500015258789,4825500
2019-07-29,81.28829193115234,114.11000061035156,114.12999725341797,113.91999816894531,114.08999633789062,4986300
2019-07-30,81.15293884277344,113.91999816894531,113.95999908447266,113.7699966430664,113.94000244140625,2971000
2019-07-31,80.98197174072266,113.68000030517578,114.22000122070312,113.1500015258789,113.94000244140625,5488000
2019-08-01,81.33087921142578,113.75,114.01000213623047,113.0199966430664,113.2300033569336,9045900
2019-08-02,81.28083801269531,113.68000030517578,113.68000030517578,113.43000030517578,113.54000091552734,6155100
2019-08-05,80.48005676269531,112.55999755859375,113.19999694824219,112.4800033569336,112.93000030517578,6506600
2019-08-06,81.04486083984375,113.3499984741211,113.43000030517578,113.11000061035156,113.27999877929688,4557900
2019-08-07,81.45243835449219,113.91999816894531,114.13999938964844,113.68000030517578,113.77999877929688,6907900
2019-08-08,81.8599853515625,114.48999786376953,114.52999877929688,114.08000183105469,114.08999633789062,5808600
2019-08-09,81.81705474853516,114.43000030517578,114.72000122070312,114.36000061035156,114.56999969482422,4171000
2019-08-12,80.95909881591797,113.2300033569336,113.5199966430664,113.0199966430664,113.23999786376953,3847200
2019-08-13,80.84467315673828,113.06999969482422,113.69999694824219,112.55000305175781,112.7699966430664,5700300
2019-08-14,80.73744201660156,112.91999816894531,113.30000305175781,112.83000183105469,113.16999816894531,3466600
2019-08-15,81.05917358398438,113.37000274658203,113.37999725341797,112.98999786376953,113.16000366210938,5530800
2019-08-16,81.52391815185547,114.0199966430664,114.12999725341797,113.63999938964844,113.70999908447266,2685800
2019-08-19,81.19502258300781,113.55999755859375,113.66999816894531,113.47000122070312,113.56999969482422,2308300
2019-08-20,81.21643829345703,113.58999633789062,113.61000061035156,113.38999938964844,113.44000244140625,2192500
2019-08-21,81.45243835449219,113.91999816894531,114.02999877929688,113.61000061035156,113.69999694824219,3986900
2019-08-22,81.49534606933594,113.9800033569336,114.16999816894531,113.88999938964844,113.98999786376953,3454500
2019-08-23,81.53106689453125,114.02999877929688,114.20999908447266,113.70999908447266,113.87999725341797,2006500
2019-08-26,81.4595718383789,113.93000030517578,114.16000366210938,113.81999969482422,114.04000091552734,1954400
2019-08-27,81.6883773803711,114.25,114.33000183105469,114.0,114.04000091552734,7732800
2019-08-28,81.78136444091797,114.37999725341797,114.4800033569336,114.25,114.36000061035156,3251800
2019-08-29,81.96723937988281,114.63999938964844,114.69999694824219,114.37999725341797,114.45999908447266,3618100
2019-08-30,82.23893737792969,115.0199966430664,115.0199966430664,114.55000305175781,114.55000305175781,2256600
2019-09-03,82.42764282226562,114.87000274658203,114.91000366210938,114.5,114.5999984741211,5161600
2019-09-04,82.94429016113281,115.58999633789062,115.5999984741211,115.0199966430664,115.16999816894531,6139300
2019-09-05,82.49937438964844,114.97000122070312,115.58999633789062,114.79000091552734,115.5199966430664,6563100
2019-09-06,82.79361724853516,115.37999725341797,115.41000366210938,115.08999633789062,115.08999633789062,3036400
2019-09-09,82.1119155883789,114.43000030517578,115.11000061035156,114.26000213623047,115.06999969482422,5949600
2019-09-10,81.50199890136719,113.58000183105469,114.31999969482422,113.45999908447266,114.30000305175781,5065000
2019-09-11,81.58808135986328,113.69999694824219,114.08999633789062,113.69999694824219,113.83999633789062,3719300
2019-09-12,81.74597930908203,113.91999816894531,114.77999877929688,113.80999755859375,114.69999694824219,3564600
2019-09-13,80.80592346191406,112.61000061035156,113.5199966430664,112.61000061035156,113.47000122070312,5710500
2019-09-16,81.15038299560547,113.08999633789062,113.33000183105469,112.9000015258789,113.06999969482422,3930700
2019-09-17,81.40869903564453,113.44999694824219,113.5999984741211,112.98999786376953,113.16000366210938,4057500
2019-09-18,81.4158935546875,113.45999908447266,114.0,113.11000061035156,113.76000213623047,4130300
2019-09-19,81.7746353149414,113.95999908447266,114.05999755859375,113.66999816894531,113.80000305175781,3778200
2019-09-20,82.1406021118164,114.47000122070312,114.61000061035156,114.12999725341797,114.20999908447266,2774400
2019-09-23,81.95404815673828,114.20999908447266,114.43000030517578,114.11000061035156,114.37000274658203,3356500
2019-09-24,81.4301986694336,113.4800033569336,113.87999725341797,113.47000122070312,113.75,3782200
2019-09-25,81.19342041015625,113.1500015258789,113.56999969482422,112.93000030517578,113.37000274658203,4729300
2019-09-26,81.35845184326172,113.37999725341797,113.69999694824219,113.30000305175781,113.44999694824219,5400400
2019-09-27,81.25084686279297,113.2300033569336,113.58999633789062,113.0,113.55000305175781,2633600
2019-09-30,81.33688354492188,113.3499984741211,113.56999969482422,113.26000213623047,113.26000213623047,2646300
2019-10-01,80.94808959960938,112.41000366210938,112.97000122070312,112.3499984741211,112.7699966430664,15272900
2019-10-02,80.93367004394531,112.38999938964844,112.61000061035156,112.33000183105469,112.61000061035156,4805500
2019-10-03,81.32252502441406,112.93000030517578,113.2699966430664,112.56999969482422,112.83999633789062,7270800
2019-10-04,82.03544616699219,113.91999816894531,114.01000213623047,113.23999786376953,113.43000030517578,3846100
2019-10-07,81.57456970214844,113.27999877929688,113.80999755859375,113.27999877929688,113.68000030517578,3268900
2019-10-08,81.495361328125,113.16999816894531,113.41999816894531,113.05000305175781,113.3499984741211,3348100
2019-10-09,81.50254821777344,113.18000030517578,113.41000366210938,113.0,113.26000213623047,2751100
2019-10-10,81.36575317382812,112.98999786376953,113.13999938964844,112.8499984741211,113.04000091552734,2336400
2019-10-11,81.30814361572266,112.91000366210938,113.25,112.7699966430664,113.12000274658203,2905700
2019-10-14,81.34413146972656,112.95999908447266,113.12999725341797,112.94999694824219,112.94999694824219,3578800
2019-10-15,81.51697540283203,113.19999694824219,113.27999877929688,113.0199966430664,113.12999725341797,2325400
2019-10-16,81.38731384277344,113.0199966430664,113.08000183105469,112.80999755859375,113.08000183105469,2079100
2019-10-17,81.50254821777344,113.18000030517578,113.25,112.88999938964844,113.08000183105469,1922000
2019-10-18,81.57456970214844,113.27999877929688,113.3499984741211,113.1500015258789,113.25,1463400
2019-10-21,81.27930450439453,112.87000274658203,113.19999694824219,112.86000061035156,113.19000244140625,3033400
2019-10-22,81.57456970214844,113.27999877929688,113.33000183105469,113.0,113.08999633789062,2694700
2019-10-23,81.71858215332031,113.4800033569336,113.56999969482422,113.1500015258789,113.20999908447266,2369400
2019-10-24,81.71858215332031,113.4800033569336,113.5999984741211,113.37000274658203,113.4800033569336,1706400
2019-10-25,81.6969985961914,113.44999694824219,113.63999938964844,113.4000015258789,113.55999755859375,1786500
2019-10-28,81.56736755371094,113.2699966430664,113.44999694824219,113.1500015258789,113.41000366210938,4973500
2019-10-29,81.35133361816406,112.97000122070312,113.22000122070312,112.75,113.12000274658203,3403100
2019-10-30,81.43775177001953,113.08999633789062,113.19000244140625,112.4800033569336,112.8499984741211,3228600
2019-10-31,81.80499267578125,113.5999984741211,113.5999984741211,113.01000213623047,113.11000061035156,3954300
2019-11-01,82.09771728515625,113.5999984741211,113.73999786376953,113.12000274658203,113.16000366210938,8561800
2019-11-04,81.92427062988281,113.36000061035156,113.5,113.22000122070312,113.44000244140625,3434800
2019-11-05,81.33163452148438,112.54000091552734,112.97000122070312,112.5199966430664,112.87000274658203,5758600
2019-11-06,81.36776733398438,112.58999633789062,112.83000183105469,112.58999633789062,112.77999877929688,2212200
2019-11-07,81.08590698242188,112.19999694824219,112.6500015258789,112.04000091552734,112.6500015258789,3859100
2019-11-08,81.20159912109375,112.36000061035156,112.58999633789062,112.27999877929688,112.36000061035156,1800700
2019-11-11,81.13648223876953,112.2699966430664,112.31999969482422,112.22000122070312,112.2699966430664,1274800
2019-11-12,80.97030639648438,112.04000091552734,112.30999755859375,111.98999786376953,112.29000091552734,2738200
2019-11-13,80.84745025634766,111.87000274658203,111.98999786376953,111.83000183105469,111.91999816894531,2235600
2019-11-14,81.27381896972656,112.45999908447266,112.61000061035156,112.31999969482422,112.4800033569336,2826800
2019-11-15,81.33883666992188,112.55000305175781,112.79000091552734,112.55000305175781,112.62000274658203,2150500
2019-11-18,80.95585632324219,112.0199966430664,112.41999816894531,111.91000366210938,112.37999725341797,3833100
2019-11-19,80.7751693725586,111.7699966430664,111.88999938964844,111.6500015258789,111.7699966430664,1810200
2019-11-20,80.91248321533203,111.95999908447266,112.08000183105469,111.81999969482422,111.94000244140625,2766400
2019-11-21,80.91970825195312,111.97000122070312,112.23999786376953,111.86000061035156,112.13999938964844,1863800
2019-11-22,81.13648223876953,112.2699966430664,112.27999877929688,112.11000061035156,112.19999694824219,2549500
2019-11-25,81.1292953491211,112.26000213623047,112.5199966430664,112.25,112.33999633789062,1791700
2019-11-26,81.34609985351562,112.55999755859375,112.6500015258789,112.38999938964844,112.45999908447266,1805300
2019-11-27,81.23049926757812,112.4000015258789,112.54000091552734,112.30999755859375,112.5199966430664,1398100
2019-11-29,81.02814483642578,112.12000274658203,112.31999969482422,112.04000091552734,112.30000305175781,2158500
2019-12-02,80.70027160644531,111.26000213623047,111.72000122070312,111.18000030517578,111.61000061035156,4050000
2019-12-03,80.85986328125,111.4800033569336,111.52999877929688,111.2699966430664,111.36000061035156,2708500
2019-12-04,81.04840087890625,111.73999786376953,112.05000305175781,111.69999694824219,111.8499984741211,2499700
2019-12-05,81.28778076171875,112.06999969482422,112.18000030517578,111.77999877929688,111.87999725341797,3857300
2019-12-06,81.45462799072266,112.30000305175781,112.37999725341797,112.0199966430664,112.08000183105469,2503200
2019-12-09,81.67215728759766,112.5999984741211,112.76000213623047,112.44000244140625,112.55000305175781,2468900
2019-12-10,81.67215728759766,112.5999984741211,112.7699966430664,112.56999969482422,112.76000213623047,2367500
2019-12-11,82.2161865234375,113.3499984741211,113.3499984741211,112.69999694824219,112.9000015258789,2229100
2019-12-12,82.22350311279297,113.36000061035156,113.47000122070312,113.19000244140625,113.47000122070312,4475400
2019-12-13,82.5280990600586,113.77999877929688,113.8499984741211,113.36000061035156,113.52999877929688,1843700
2019-12-16,82.57884979248047,113.8499984741211,113.91000366210938,113.76000213623047,113.80999755859375,3503500
2019-12-17,82.88350677490234,114.2699966430664,114.36000061035156,114.0,114.05999755859375,2569600
2019-12-18,83.04308319091797,114.48999786376953,114.54000091552734,114.31999969482422,114.37000274658203,4039900
2019-12-19,82.75984954833984,113.66000366210938,113.93000030517578,113.55000305175781,113.55000305175781,5080500
2019-12-20,82.96372985839844,113.94000244140625,113.94000244140625,113.73999786376953,113.79000091552734,3204900
2019-12-23,83.0583724975586,114.06999969482422,114.1500015258789,113.9000015258789,113.95999908447266,1556300
2019-12-24,83.20399475097656,114.2699966430664,114.33999633789062,113.93000030517578,113.9800033569336,680100
2019-12-26,83.32050323486328,114.43000030517578,114.44000244140625,114.12000274658203,114.30000305175781,731500
2019-12-27,83.54621124267578,114.73999786376953,114.73999786376953,114.36000061035156,114.36000061035156,1828400
2019-12-30,83.40786743164062,114.55000305175781,114.5999984741211,114.33999633789062,114.51000213623047,1572200
2019-12-31,83.41517639160156,114.55999755859375,114.63999938964844,114.36000061035156,114.43000030517578,1120400
2020-01-02,83.51710510253906,114.69999694824219,114.7699966430664,114.25,114.75,2004500
2020-01-03,83.30594635009766,114.41000366210938,114.51000213623047,114.19000244140625,114.23999786376953,1904400
2020-01-06,83.13847351074219,114.18000030517578,114.36000061035156,114.08999633789062,114.30000305175781,4713700
2020-01-07,83.26956176757812,114.36000061035156,114.55999755859375,114.33000183105469,114.51000213623047,3098800
2020-01-08,83.48796844482422,114.66000366210938,114.7300033569336,114.48999786376953,114.51000213623047,3606200
2020-01-09,83.42974853515625,114.58000183105469,114.66999816894531,114.37999725341797,114.58000183105469,3172700
2020-01-10,83.44430541992188,114.5999984741211,114.77999877929688,114.54000091552734,114.72000122070312,1465600
2020-01-13,83.52439880371094,114.70999908447266,114.75,114.4800033569336,114.66000366210938,2108600
2020-01-14,83.50252532958984,114.68000030517578,114.75,114.54000091552734,114.58999633789062,1912600
2020-01-15,83.8156509399414,115.11000061035156,115.16000366210938,114.79000091552734,114.86000061035156,2834400
2020-01-16,83.99040985107422,115.3499984741211,115.3499984741211,115.11000061035156,115.33000183105469,2948900
2020-01-17,83.88847351074219,115.20999908447266,115.30000305175781,115.0999984741211,115.30000305175781,2723800
2020-01-21,83.8156509399414,115.11000061035156,115.16000366210938,114.62000274658203,114.9000015258789,2871400
2020-01-22,83.88116455078125,115.19999694824219,115.30000305175781,115.1500015258789,115.2699966430664,3377900
2020-01-23,83.6845703125,114.93000030517578,115.20999908447266,114.9000015258789,115.18000030517578,2747300
2020-01-24,83.57538604736328,114.77999877929688,115.13999938964844,114.76000213623047,115.13999938964844,6578300
2020-01-27,83.47342681884766,114.63999938964844,114.75,114.37000274658203,114.56999969482422,6335300
2020-01-28,83.86661529541016,115.18000030517578,115.22000122070312,115.01000213623047,115.16000366210938,3189700
2020-01-29,84.2525634765625,115.70999908447266,115.7699966430664,115.38999938964844,115.43000030517578,3100700
2020-01-30,84.19430541992188,115.62999725341797,115.80999755859375,115.4000015258789,115.68000030517578,1993600
2020-01-31,84.44915008544922,115.9800033569336,116.0,115.68000030517578,115.76000213623047,3835900
2020-02-03,84.42793273925781,115.54000091552734,115.62000274658203,115.27999877929688,115.41999816894531,3997000
2020-02-04,84.32564544677734,115.4000015258789,115.54000091552734,115.25,115.48999786376953,3943000
2020-02-05,84.3548812866211,115.44000244140625,115.56999969482422,115.43000030517578,115.54000091552734,1883700
2020-02-06,84.55941772460938,115.72000122070312,115.75,115.48999786376953,115.69000244140625,1559500
2020-02-07,84.55941772460938,115.72000122070312,115.91000366210938,115.69999694824219,115.80999755859375,1486400
2020-02-10,84.57406616210938,115.73999786376953,115.86000061035156,115.5,115.69999694824219,2546900
2020-02-11,84.53751373291016,115.69000244140625,115.98999786376953,115.58000183105469,115.91999816894531,2251100
2020-02-12,84.66175842285156,115.86000061035156,115.88999938964844,115.75,115.83000183105469,2525200
2020-02-13,84.68363952636719,115.88999938964844,116.0,115.73999786376953,115.8499984741211,2066400
2020-02-14,85.01983642578125,116.3499984741211,116.37000274658203,116.22000122070312,116.23999786376953,2163000
2020-02-18,85.09291076660156,116.44999694824219,116.5,116.36000061035156,116.41999816894531,1412300
2020-02-19,85.26094055175781,116.68000030517578,116.68000030517578,116.43000030517578,116.55999755859375,1355500
2020-02-20,85.31207275390625,116.75,116.7699966430664,116.62999725341797,116.72000122070312,1528900
2020-02-21,85.50212097167969,117.01000213623047,117.19999694824219,116.94999694824219,117.0,2561600
2020-02-24,85.1294174194336,116.5,116.87000274658203,116.44999694824219,116.66000366210938,5879600
2020-02-25,84.60327911376953,115.77999877929688,116.54000091552734,115.7699966430664,116.41999816894531,5312500
2020-02-26,84.55941772460938,115.72000122070312,116.08000183105469,115.5199966430664,115.5199966430664,3743300
2020-02-27,83.50716400146484,114.27999877929688,115.16000366210938,113.87000274658203,114.4800033569336,11337200
2020-02-28,83.39032745361328,114.12000274658203,114.33000183105469,112.98999786376953,113.30999755859375,8073800
2020-03-02,84.06282806396484,114.62000274658203,114.94000244140625,114.05000305175781,114.08999633789062,9913200
2020-03-03,85.03829956054688,115.94999694824219,116.48999786376953,115.1500015258789,115.5999984741211,8219900
2020-03-04,85.66896057128906,116.80999755859375,117.08000183105469,116.25,116.63999938964844,5128000
2020-03-05,84.91358947753906,115.77999877929688,116.2300033569336,115.45999908447266,115.94000244140625,4645000
2020-03-06,84.5615463256836,115.30000305175781,115.37999725341797,114.33999633789062,115.08000183105469,7200500
2020-03-09,77.7115478515625,105.95999908447266,110.44999694824219,105.95999908447266,110.0,9597300
2020-03-10,78.61366271972656,107.19000244140625,110.0,106.86000061035156,109.33999633789062,11389100
2020-03-11,75.056640625,102.33999633789062,107.19999694824219,102.04000091552734,106.66000366210938,12859200
2020-03-12,71.36026763916016,97.30000305175781,102.26000213623047,96.20999908447266,97.1500015258789,11103900
2020-03-13,73.38443756103516,100.05999755859375,101.75,97.94000244140625,100.02999877929688,9183100
2020-03-16,69.99612426757812,95.44000244140625,99.25,93.48999786376953,94.44000244140625,7732300
2020-03-17,69.3140869140625,94.51000213623047,96.5,93.52999877929688,93.88999938964844,7953500
2020-03-18,62.92609786987305,85.80000305175781,92.31999969482422,85.0,91.4000015258789,7929400
2020-03-19,64.52490997314453,87.9800033569336,88.70999908447266,85.0999984741211,85.86000061035156,11321200
2020-03-20,66.80579376220703,91.08999633789062,94.1500015258789,88.63999938964844,91.08000183105469,9272900
2020-03-23,66.99652862548828,91.3499984741211,92.86000061035156,90.0,90.41999816894531,5752200
2020-03-24,69.08672332763672,94.19999694824219,94.29000091552734,92.7300033569336,92.7300033569336,4422000
2020-03-25,71.85897064208984,97.9800033569336,99.08000183105469,95.8499984741211,96.30999755859375,5611500
2020-03-26,73.04706573486328,99.5999984741211,99.91000366210938,98.70999908447266,98.97000122070312,3529800
2020-03-27,71.54363250732422,97.55000305175781,98.5999984741211,97.48999786376953,98.0,4298600
2020-03-30,71.4482650756836,97.41999816894531,97.83000183105469,96.05999755859375,96.26000213623047,3480000
2020-03-31,70.90557098388672,96.68000030517578,98.61000061035156,96.68000030517578,97.9000015258789,2813100
2020-04-01,69.12245178222656,93.8499984741211,96.2300033569336,93.79000091552734,95.12000274658203,6601300
2020-04-02,70.53653717041016,95.7699966430664,96.29000091552734,94.76000213623047,95.01000213623047,10052400
2020-04-03,70.41133880615234,95.5999984741211,96.5,95.22000122070312,96.33000183105469,6628100
2020-04-06,71.83287048339844,97.52999877929688,97.69999694824219,96.63999938964844,96.98999786376953,4993300
2020-04-07,72.24529266357422,98.08999633789062,99.29000091552734,97.4800033569336,98.7699966430664,6479300
2020-04-08,72.55464935302734,98.51000213623047,98.6500015258789,97.7300033569336,98.12000274658203,3984800
2020-04-09,74.64633178710938,101.3499984741211,102.36000061035156,99.31999969482422,99.33000183105469,7431400
2020-04-13,74.49906921386719,101.1500015258789,101.54000091552734,100.6500015258789,100.9800033569336,4715400
2020-04-14,74.99250793457031,101.81999969482422,102.23999786376953,101.19000244140625,101.56999969482422,6225400
2020-04-15,73.5047378540039,99.80000305175781,100.16000366210938,99.4000015258789,100.0,5294400
2020-04-16,73.02597045898438,99.1500015258789,99.86000061035156,98.77999877929688,99.76000213623047,3219500
2020-04-17,73.54155731201172,99.8499984741211,100.08000183105469,99.37999725341797,99.37999725341797,3354200
2020-04-20,73.07755279541016,99.22000122070312,99.66999816894531,99.02999877929688,99.25,3843700
2020-04-21,72.05379486083984,97.83000183105469,98.22000122070312,97.0999984741211,97.9000015258789,4927900
2020-04-22,72.1126937866211,97.91000366210938,98.11000061035156,97.5,98.05000305175781,2738100
2020-04-23,72.45887756347656,98.37999725341797,98.87999725341797,98.13999938964844,98.55000305175781,2403100
2020-04-24,72.14215087890625,97.94999694824219,98.68000030517578,97.52999877929688,98.66000366210938,2309900
2020-04-27,72.0169677734375,97.77999877929688,98.08000183105469,97.56999969482422,97.94999694824219,3672700
2020-04-28,72.72400665283203,98.73999786376953,98.9000015258789,97.70999908447266,98.2699966430664,4193800
2020-04-29,73.88772583007812,100.31999969482422,100.56999969482422,99.41000366210938,99.77999877929688,4191600
2020-04-30,74.02027893066406,100.5,100.51000213623047,99.73999786376953,99.7699966430664,3266400
2020-05-01,73.7016372680664,99.69000244140625,100.0199966430664,99.0999984741211,99.0999984741211,3527800
2020-05-04,73.7016372680664,99.69000244140625,99.76000213623047,99.05999755859375,99.47000122070312,3424400
2020-05-05,74.50749206542969,100.77999877929688,100.95999908447266,100.30999755859375,100.55999755859375,2744600
2020-05-06,74.17481994628906,100.33000183105469,100.94000244140625,100.23999786376953,100.94000244140625,3071400
2020-05-07,74.76627349853516,101.12999725341797,101.30999755859375,100.73999786376953,100.98999786376953,2229800
2020-05-08,75.15066528320312,101.6500015258789,102.44999694824219,101.36000061035156,101.66000366210938,3845000
2020-05-11,75.56472778320312,102.20999908447266,102.2699966430664,101.62000274658203,102.08000183105469,2173700
2020-05-12,75.42428588867188,102.0199966430664,103.05000305175781,102.0199966430664,102.6500015258789,4866600
2020-05-13,74.97328186035156,101.41000366210938,102.54000091552734,101.08999633789062,102.06999969482422,3231500
2020-05-14,75.32075500488281,101.87999725341797,101.9000015258789,100.36000061035156,100.6500015258789,4075100
2020-05-15,75.52777099609375,102.16000366210938,102.37000274658203,101.66999816894531,101.66999816894531,2010300
2020-05-18,76.8437271118164,103.94000244140625,104.0,103.26000213623047,103.52999877929688,4484300
2020-05-19,76.90284729003906,104.0199966430664,104.58000183105469,103.93000030517578,104.1500015258789,2976200
2020-05-20,78.3814697265625,106.0199966430664,106.13999938964844,104.94000244140625,105.2699966430664,4965400
2020-05-21,78.35929870605469,105.98999786376953,106.6500015258789,105.9000015258789,106.30999755859375,4151600
2020-05-22,78.00440979003906,105.51000213623047,105.9000015258789,105.30000305175781,105.8499984741211,2975800
2020-05-26,78.48501586914062,106.16000366210938,106.9000015258789,104.79000091552734,106.87000274658203,3645200
2020-05-27,78.6180648803711,106.33999633789062,106.87000274658203,105.86000061035156,106.6500015258789,2772400
2020-05-28,78.39629364013672,106.04000091552734,106.5,105.87000274658203,106.23999786376953,2717800
2020-05-29,78.66242980957031,106.4000015258789,106.62999725341797,105.51000213623047,105.58999633789062,4575500
2020-06-01,79.04584503173828,106.58000183105469,106.75,106.05000305175781,106.33000183105469,6075600
2020-06-02,79.80977630615234,107.61000061035156,107.66000366210938,106.62999725341797,106.77999877929688,5772600
2020-06-03,80.1657485961914,108.08999633789062,108.55000305175781,107.81999969482422,108.0999984741211,4908900
2020-06-04,79.78751373291016,107.58000183105469,108.11000061035156,107.4800033569336,108.08999633789062,4919100
2020-06-05,80.44013977050781,108.45999908447266,108.87999725341797,108.19000244140625,108.83000183105469,3594900
2020-06-08,81.01123046875,109.2300033569336,109.31999969482422,108.66999816894531,108.9000015258789,7028700
2020-06-09,80.79615783691406,108.94000244140625,109.2300033569336,108.5999984741211,109.12000274658203,5815600
2020-06-10,80.80355072021484,108.94999694824219,109.55999755859375,108.36000061035156,109.13999938964844,5336500
2020-06-11,78.94942474365234,106.44999694824219,108.41000366210938,106.33000183105469,108.04000091552734,11072100
2020-06-12,79.86907958984375,107.69000244140625,108.0,106.9800033569336,107.95999908447266,4210500
2020-06-15,80.2918472290039,108.26000213623047,108.33999633789062,106.5,106.69000244140625,5394100
2020-06-16,80.67010498046875,108.7699966430664,109.44000244140625,107.98999786376953,109.13999938964844,4984800
2020-06-17,80.5588150024414,108.62000274658203,108.94000244140625,108.11000061035156,108.62000274658203,4069500
2020-06-18,80.46980285644531,108.5,108.88999938964844,108.20999908447266,108.44999694824219,3256600
2020-06-19,80.64779663085938,108.73999786376953,109.2300033569336,108.44000244140625,108.76000213623047,2908400
2020-06-22,80.78875732421875,108.93000030517578,109.16000366210938,108.69000244140625,108.79000091552734,2703100
2020-06-23,80.951904296875,109.1500015258789,109.55999755859375,109.0199966430664,109.44000244140625,3764400
2020-06-24,80.69974517822266,108.80999755859375,109.04000091552734,108.47000122070312,108.81999969482422,4442800
2020-06-25,80.75164794921875,108.87999725341797,109.02999877929688,108.4800033569336,108.62999725341797,2757700
2020-06-26,80.58848571777344,108.66000366210938,109.4000015258789,108.5199966430664,109.08999633789062,2899300
2020-06-29,80.69233703613281,108.80000305175781,109.52999877929688,108.30000305175781,108.72000122070312,3111500
2020-06-30,81.00383758544922,109.22000122070312,109.22000122070312,108.72000122070312,108.79000091552734,3466200
2020-07-01,81.1897964477539,109.13999938964844,109.37999725341797,108.80999755859375,108.94000244140625,6178800
2020-07-02,81.62126159667969,109.72000122070312,110.0,109.4800033569336,109.7300033569336,3606500
2020-07-06,82.12712860107422,110.4000015258789,110.44000244140625,110.01000213623047,110.2699966430664,3296800
2020-07-07,81.66588592529297,109.77999877929688,110.37999725341797,109.43000030517578,109.9800033569336,3478100
2020-07-08,82.01555633544922,110.25,110.25,109.87000274658203,110.01000213623047,2129300
2020-07-09,81.6584701538086,109.7699966430664,110.20999908447266,109.5999984741211,110.12999725341797,2471400
2020-07-10,81.65100860595703,109.76000213623047,109.83999633789062,109.55999755859375,109.83999633789062,1959300
2020-07-13,81.48735046386719,109.54000091552734,110.12000274658203,109.33000183105469,109.95999908447266,3220000
2020-07-14,81.68074798583984,109.80000305175781,109.86000061035156,109.37999725341797,109.5999984741211,2875600
2020-07-15,82.01555633544922,110.25,110.31999969482422,109.9800033569336,110.1500015258789,2276300
2020-07-16,82.16429901123047,110.44999694824219,110.58000183105469,110.04000091552734,110.29000091552734,3154900
2020-07-17,82.35028076171875,110.69999694824219,110.70999908447266,110.19999694824219,110.58999633789062,1385400
2020-07-20,82.90079498291016,111.44000244140625,111.4800033569336,111.0,111.12000274658203,1641000
2020-07-21,83.34711456298828,112.04000091552734,112.23999786376953,111.87999725341797,111.91999816894531,3489300
2020-07-22,83.5851821899414,112.36000061035156,112.36000061035156,112.04000091552734,112.19000244140625,6438100
2020-07-23,83.54796600341797,112.30999755859375,112.66000366210938,112.05999755859375,112.66000366210938,3418200
2020-07-24,83.60749053955078,112.38999938964844,112.38999938964844,111.66000366210938,111.79000091552734,2239800
2020-07-27,83.74879455566406,112.58000183105469,112.61000061035156,112.2300033569336,112.29000091552734,1879000
2020-07-28,83.46614074707031,112.19999694824219,112.56999969482422,112.1500015258789,112.37000274658203,1547900
2020-07-29,83.95712280273438,112.86000061035156,112.91000366210938,112.27999877929688,112.3499984741211,2066600
2020-07-30,83.93480682373047,112.83000183105469,112.87000274658203,112.18000030517578,112.44000244140625,2301100
2020-07-31,84.12820434570312,113.08999633789062,113.19000244140625,112.73999786376953,113.0,2590300
2020-08-03,84.44007873535156,113.18000030517578,113.23999786376953,112.76000213623047,113.0,4053800
2020-08-04,84.8728256225586,113.76000213623047,113.76000213623047,113.27999877929688,113.27999877929688,4032300
2020-08-05,85.141357421875,114.12000274658203,114.27999877929688,113.79000091552734,113.98999786376953,2666300
2020-08-06,85.3577651977539,114.41000366210938,114.5,114.16000366210938,114.33999633789062,1508900
2020-08-07,85.17865753173828,114.16999816894531,114.43000030517578,114.04000091552734,114.38999938964844,1806300
2020-08-10,85.30554962158203,114.33999633789062,114.54000091552734,114.26000213623047,114.54000091552734,1660000
2020-08-11,85.21599578857422,114.22000122070312,114.6500015258789,114.19000244140625,114.6500015258789,3212600
2020-08-12,85.11900329589844,114.08999633789062,114.37000274658203,113.98999786376953,113.98999786376953,4393500
2020-08-13,84.92507934570312,113.83000183105469,114.33000183105469,113.7300033569336,114.11000061035156,2916000
2020-08-14,84.5445327758789,113.31999969482422,113.66000366210938,113.2300033569336,113.62000274658203,2582400
2020-08-17,84.64151000976562,113.44999694824219,113.44999694824219,113.31999969482422,113.36000061035156,1896600
2020-08-18,84.52963256835938,113.30000305175781,113.41999816894531,113.13999938964844,113.30000305175781,1893800
2020-08-19,84.33562469482422,113.04000091552734,113.61000061035156,112.83999633789062,113.51000213623047,2538200
2020-08-20,84.52963256835938,113.30000305175781,113.33000183105469,112.88999938964844,113.01000213623047,1667100
2020-08-21,84.7981948852539,113.66000366210938,113.66999816894531,113.1500015258789,113.1500015258789,4261700
2020-08-24,84.96978759765625,113.88999938964844,114.06999969482422,113.69000244140625,113.69000244140625,2523900
2020-08-25,84.55198669433594,113.33000183105469,113.79000091552734,113.08000183105469,113.79000091552734,2978500
2020-08-26,84.3580322265625,113.06999969482422,113.29000091552734,113.01000213623047,113.16999816894531,3300800
2020-08-27,83.96259307861328,112.54000091552734,113.5,112.4800033569336,113.0999984741211,3802300
2020-08-28,84.7459716796875,113.58999633789062,113.7300033569336,112.6500015258789,112.87999725341797,4215200
2020-08-31,84.7385025024414,113.58000183105469,113.66999816894531,113.05999755859375,113.4800033569336,3170600
2020-09-01,85.30946350097656,114.01000213623047,114.05000305175781,113.30999755859375,113.58000183105469,4618400
2020-09-02,85.66114807128906,114.4800033569336,114.5199966430664,114.08000183105469,114.33999633789062,3914600
2020-09-03,85.22711944580078,113.9000015258789,114.55999755859375,113.83999633789062,114.55999755859375,3250700
2020-09-04,84.86046600341797,113.41000366210938,113.94000244140625,113.37000274658203,113.94000244140625,3473600
2020-09-08,84.52374267578125,112.95999908447266,113.47000122070312,112.94999694824219,113.1500015258789,4107700
2020-09-09,84.95024871826172,113.52999877929688,113.72000122070312,113.18000030517578,113.27999877929688,2678600
2020-09-10,84.71080780029297,113.20999908447266,113.7300033569336,113.19999694824219,113.7300033569336,3250400
2020-09-11,84.74073791503906,113.25,113.41999816894531,113.04000091552734,113.41000366210938,2613300
2020-09-14,84.82306671142578,113.36000061035156,113.44000244140625,112.9800033569336,113.20999908447266,3124200
2020-09-15,84.96522521972656,113.55000305175781,113.66000366210938,113.44999694824219,113.55999755859375,2293200
2020-09-16,84.76319885253906,113.27999877929688,113.69000244140625,113.19999694824219,113.68000030517578,3710300
2020-09-17,84.41151428222656,112.80999755859375,113.0199966430664,112.7300033569336,112.87999725341797,4151000
2020-09-18,84.02239990234375,112.29000091552734,112.8499984741211,112.08000183105469,112.8499984741211,4581800
2020-09-21,83.19934844970703,111.19000244140625,111.45999908447266,110.91999816894531,111.3499984741211,4541800
2020-09-22,83.0272216796875,110.95999908447266,111.27999877929688,110.77999877929688,111.12000274658203,4286700
2020-09-23,81.95722198486328,109.52999877929688,110.63999938964844,109.45999908447266,110.56999969482422,8371000
2020-09-24,82.1741943359375,109.81999969482422,110.41999816894531,109.19999694824219,109.51000213623047,7563100
2020-09-25,82.57078552246094,110.3499984741211,110.38999938964844,110.02999877929688,110.33000183105469,3296300
2020-09-28,82.75785827636719,110.5999984741211,110.87000274658203,110.48999786376953,110.7300033569336,3870200
2020-09-29,82.57078552246094,110.3499984741211,110.62000274658203,110.2699966430664,110.56999969482422,3130600
2020-09-30,82.97483825683594,110.88999938964844,111.05000305175781,110.27999877929688,110.36000061035156,5666300
2020-10-01,83.12952423095703,110.7300033569336,111.0,110.68000030517578,110.94000244140625,13558400
2020-10-02,82.8366928100586,110.33999633789062,110.55999755859375,110.0199966430664,110.2300033569336,7086200
2020-10-05,83.15955352783203,110.7699966430664,110.91999816894531,110.45999908447266,110.5,3906300
2020-10-06,83.21959686279297,110.8499984741211,111.1500015258789,110.72000122070312,110.9800033569336,5501400
2020-10-07,83.39976501464844,111.08999633789062,111.25,110.88999938964844,111.16000366210938,4359900
2020-10-08,84.21056365966797,112.16999816894531,112.33999633789062,111.54000091552734,111.6500015258789,4718100
2020-10-09,84.41329956054688,112.44000244140625,112.55000305175781,112.30999755859375,112.44000244140625,3917900
2020-10-12,84.63101959228516,112.7300033569336,112.80999755859375,112.47000122070312,112.70999908447266,2194600
2020-10-13,84.4207763671875,112.44999694824219,112.73999786376953,112.4000015258789,112.73999786376953,3141500
2020-10-14,84.39075469970703,112.41000366210938,112.55000305175781,112.27999877929688,112.47000122070312,3652400
2020-10-15,84.05290222167969,111.95999908447266,112.05999755859375,111.80000305175781,111.83000183105469,2951000
2020-10-16,84.18053436279297,112.12999725341797,112.47000122070312,112.08000183105469,112.22000122070312,2711400
2020-10-19,83.69255828857422,111.4800033569336,112.3499984741211,111.47000122070312,112.2699966430664,3641600
2020-10-20,83.73763275146484,111.54000091552734,111.73999786376953,111.45999908447266,111.62999725341797,3683600
2020-10-21,83.30966186523438,110.97000122070312,111.41000366210938,110.97000122070312,111.20999908447266,4228000
2020-10-22,82.91930389404297,110.44999694824219,110.94000244140625,110.43000030517578,110.7699966430664,4235400
2020-10-23,83.30966186523438,110.97000122070312,111.01000213623047,110.51000213623047,110.7300033569336,3120100
2020-10-26,83.0093994140625,110.56999969482422,110.88999938964844,110.51000213623047,110.79000091552734,2802300
2020-10-27,83.5048828125,111.2300033569336,111.25,110.58999633789062,111.0,3592200
2020-10-28,82.79171752929688,110.27999877929688,110.94000244140625,110.25,110.9000015258789,5907000
2020-10-29,82.82169342041016,110.31999969482422,110.41000366210938,109.98999786376953,110.1500015258789,4872700
2020-10-30,82.59648895263672,110.0199966430664,110.25,109.81999969482422,110.19999694824219,4039300
2020-11-02,82.72908782958984,109.80000305175781,110.11000061035156,109.75,109.8499984741211,5619600
2020-11-03,83.39964294433594,110.69000244140625,110.75,110.11000061035156,110.51000213623047,4640600
2020-11-04,85.01205444335938,112.83000183105469,112.95999908447266,111.30999755859375,111.30999755859375,8412000
2020-11-05,85.33604431152344,113.26000213623047,113.56999969482422,112.79000091552734,113.41000366210938,7675400
2020-11-06,84.95931243896484,112.76000213623047,113.0199966430664,112.5,112.9000015258789,5941400
2020-11-09,85.36617279052734,113.30000305175781,114.3499984741211,113.12999725341797,114.23999786376953,6858300
2020-11-10,85.27574920654297,113.18000030517578,113.44000244140625,112.75,112.94999694824219,3642000
2020-11-11,85.59973907470703,113.61000061035156,113.83000183105469,113.51000213623047,113.66999816894531,2757100
2020-11-12,85.4339828491211,113.38999938964844,113.91999816894531,113.30999755859375,113.88999938964844,4903200
2020-11-13,85.7654800415039,113.83000183105469,113.8499984741211,113.5999984741211,113.75,2239500
2020-11-16,85.95387268066406,114.08000183105469,114.12999725341797,113.88999938964844,114.05999755859375,2678200
2020-11-17,85.80320739746094,113.87999725341797,113.98999786376953,113.5199966430664,113.87999725341797,4046500
2020-11-18,85.72782135009766,113.77999877929688,114.0999984741211,113.7300033569336,114.01000213623047,2573600
2020-11-19,85.92374420166016,114.04000091552734,114.11000061035156,113.80999755859375,113.9800033569336,3831500
2020-11-20,85.98402404785156,114.12000274658203,114.2300033569336,113.93000030517578,114.12000274658203,3414200
2020-11-23,85.91618347167969,114.02999877929688,114.45999908447266,113.94999694824219,114.45999908447266,2943500
2020-11-24,86.0367660522461,114.19000244140625,114.27999877929688,114.13999938964844,114.2699966430664,3987700
2020-11-25,85.96890258789062,114.0999984741211,114.33999633789062,113.95999908447266,114.12999725341797,3188500
2020-11-27,86.24768829345703,114.47000122070312,114.58000183105469,114.16000366210938,114.51000213623047,2213700
2020-11-30,86.0819320678711,114.25,114.56999969482422,113.73999786376953,114.25,4760200
2020-12-01,86.29816436767578,114.13999938964844,114.16999816894531,113.8499984741211,114.0,11012000
2020-12-02,86.34355163574219,114.19999694824219,114.33000183105469,114.08000183105469,114.30000305175781,5828100
2020-12-03,86.70645141601562,114.68000030517578,114.68000030517578,114.51000213623047,114.66000366210938,6414400
2020-12-04,86.78207397460938,114.77999877929688,114.91000366210938,114.69000244140625,114.87999725341797,3710000
2020-12-07,86.76695251464844,114.76000213623047,114.79000091552734,114.62000274658203,114.68000030517578,3639400
2020-12-08,86.62328338623047,114.56999969482422,114.69000244140625,114.4800033569336,114.56999969482422,3035700
2020-12-09,86.4115982055664,114.29000091552734,114.94000244140625,114.1500015258789,114.44000244140625,6346700
2020-12-10,86.8425521850586,114.86000061035156,114.95999908447266,114.29000091552734,114.44000244140625,4956400
2020-12-11,86.88790130615234,114.91999816894531,114.9800033569336,114.7300033569336,114.83999633789062,3868100
2020-12-14,86.88790130615234,114.91999816894531,115.06999969482422,114.91000366210938,115.0199966430664,2532600
2020-12-15,87.18278503417969,115.30999755859375,115.33999633789062,114.98999786376953,115.12000274658203,3161300
2020-12-16,87.24330139160156,115.38999938964844,115.52999877929688,114.44999694824219,115.37999725341797,3171300
2020-12-17,87.52777099609375,115.37000274658203,115.48999786376953,115.16999816894531,115.31999969482422,5549600
2020-12-18,87.41400909423828,115.22000122070312,115.38999938964844,115.08000183105469,115.36000061035156,2648100
2020-12-21,87.16362762451172,114.88999938964844,114.91000366210938,114.54000091552734,114.7699966430664,4485300
2020-12-22,87.26983642578125,115.02999877929688,115.08999633789062,114.93000030517578,115.01000213623047,2104400
2020-12-23,87.39879608154297,115.19999694824219,115.30000305175781,115.02999877929688,115.22000122070312,1369700
2020-12-24,87.61882019042969,115.48999786376953,115.51000213623047,115.25,115.31999969482422,1067800
2020-12-28,87.64155578613281,115.5199966430664,115.62999725341797,115.27999877929688,115.3499984741211,2473200
2020-12-29,87.77056121826172,115.69000244140625,115.79000091552734,115.51000213623047,115.51000213623047,2680800
2020-12-30,87.88433074951172,115.83999633789062,115.9000015258789,115.63999938964844,115.79000091552734,1902200
2020-12-31,87.9374771118164,115.91000366210938,115.95999908447266,115.75,115.87000274658203,1790600
2021-01-04,87.451904296875,115.2699966430664,116.08999633789062,115.22000122070312,116.0199966430664,7154100
2021-01-05,87.51261138916016,115.3499984741211,115.4000015258789,115.12999725341797,115.4000015258789,3575900
2021-01-06,86.88290405273438,114.5199966430664,114.68000030517578,114.37999725341797,114.66000366210938,4796000
2021-01-07,86.85257720947266,114.4800033569336,114.55000305175781,114.23999786376953,114.55000305175781,2780500
2021-01-08,86.89807891845703,114.54000091552734,114.58999633789062,114.27999877929688,114.55999755859375,4835200
2021-01-11,86.21527862548828,113.63999938964844,114.11000061035156,113.55999755859375,114.08000183105469,4847500
2021-01-12,85.8055648803711,113.0999984741211,113.30000305175781,112.80999755859375,113.12999725341797,7312000
2021-01-13,86.20770263671875,113.62999725341797,113.83000183105469,113.4000015258789,113.44999694824219,5885000
2021-01-14,85.95732116699219,113.30000305175781,113.93000030517578,113.29000091552734,113.93000030517578,4375200
2021-01-15,86.05598449707031,113.43000030517578,113.58000183105469,113.19999694824219,113.44999694824219,2748100
2021-01-19,86.17732238769531,113.58999633789062,113.72000122070312,113.47000122070312,113.6500015258789,4028400
2021-01-20,86.27596282958984,113.72000122070312,113.81999969482422,113.5999984741211,113.69000244140625,3085500
2021-01-21,86.33665466308594,113.80000305175781,113.83000183105469,113.52999877929688,113.7300033569336,2646800
2021-01-22,86.3746109008789,113.8499984741211,113.87999725341797,113.62999725341797,113.6500015258789,2056700
2021-01-25,86.71598815917969,114.30000305175781,114.30000305175781,113.94000244140625,114.11000061035156,2804700
2021-01-26,86.6021957397461,114.1500015258789,114.20999908447266,114.11000061035156,114.18000030517578,3185400
2021-01-27,86.20012664794922,113.62000274658203,113.95999908447266,113.5999984741211,113.94000244140625,4735800
2021-01-28,86.38220977783203,113.86000061035156,114.05000305175781,113.72000122070312,113.77999877929688,4140000
2021-01-29,86.3746109008789,113.8499984741211,114.06999969482422,113.69000244140625,113.75,4655400
2021-02-01,86.80233001708984,114.05000305175781,114.19999694824219,113.61000061035156,113.61000061035156,4772900
2021-02-02,86.80233001708984,114.05000305175781,114.13999938964844,113.91000366210938,113.97000122070312,5958300
2021-02-03,86.58161163330078,113.76000213623047,114.05999755859375,113.76000213623047,114.05999755859375,2827000
2021-02-04,86.8327407836914,114.08999633789062,114.16999816894531,113.63999938964844,113.80999755859375,3177400
2021-02-05,86.93170928955078,114.22000122070312,114.45999908447266,114.12999725341797,114.44000244140625,3336800
2021-02-08,86.93170928955078,114.22000122070312,114.2300033569336,113.87000274658203,114.05000305175781,5153500
2021-02-09,86.6196517944336,113.80999755859375,114.1500015258789,113.80999755859375,114.1500015258789,2742400
2021-02-10,86.79473114013672,114.04000091552734,114.08999633789062,113.91999816894531,114.05999755859375,1984400
2021-02-11,86.84799194335938,114.11000061035156,114.33000183105469,113.98999786376953,114.19999694824219,3366600
2021-02-12,86.36851501464844,113.4800033569336,113.86000061035156,113.41000366210938,113.86000061035156,6524400
2021-02-16,85.31055450439453,112.08999633789062,113.19999694824219,112.06999969482422,113.19000244140625,8498000
2021-02-17,85.78248596191406,112.70999908447266,112.76000213623047,112.0999984741211,112.0999984741211,6065900
2021-02-18,85.69112396240234,112.58999633789062,112.66999816894531,112.31999969482422,112.62000274658203,2652400
2021-02-19,85.2344970703125,111.98999786376953,112.52999877929688,111.9800033569336,112.4800033569336,4524200
2021-02-22,84.65606689453125,111.2300033569336,111.5199966430664,111.08000183105469,111.1500015258789,5033900
2021-02-23,84.75499725341797,111.36000061035156,111.41000366210938,110.80999755859375,111.19999694824219,7176400
2021-02-24,84.8843994140625,111.52999877929688,111.72000122070312,110.48999786376953,110.48999786376953,5420300
2021-02-25,83.36978149414062,109.54000091552734,110.93000030517578,109.23999786376953,110.7300033569336,9819200
2021-02-26,83.74274444580078,110.02999877929688,110.12000274658203,109.54000091552734,110.08000183105469,8060000
2021-03-01,84.2092514038086,110.29000091552734,110.55000305175781,110.06999969482422,110.22000122070312,5013500
2021-03-02,84.15582275390625,110.22000122070312,110.5199966430664,110.05999755859375,110.19000244140625,5862300
2021-03-03,83.65190887451172,109.55999755859375,109.97000122070312,109.55000305175781,109.97000122070312,5171300
2021-03-04,82.93417358398438,108.62000274658203,109.73999786376953,108.56999969482422,109.55000305175781,8697800
2021-03-05,82.91886138916016,108.5999984741211,108.76000213623047,108.19999694824219,108.76000213623047,12208400
2021-03-08,81.48347473144531,106.72000122070312,108.05000305175781,106.69999694824219,108.05000305175781,9895300
2021-03-09,82.44551086425781,107.9800033569336,108.23999786376953,107.81999969482422,107.8499984741211,8196200
2021-03-10,83.24722290039062,109.02999877929688,109.0999984741211,108.12999725341797,108.12999725341797,5711600
2021-03-11,83.86568450927734,109.83999633789062,109.9800033569336,109.20999908447266,109.77999877929688,6994400
2021-03-12,82.81201934814453,108.45999908447266,108.9000015258789,108.29000091552734,108.88999938964844,5986400
2021-03-15,83.35411071777344,109.16999816894531,109.19000244140625,108.55000305175781,108.83999633789062,3879300
2021-03-16,83.64424896240234,109.55000305175781,109.87000274658203,109.4000015258789,109.61000061035156,4319300
2021-03-17,84.34669494628906,110.47000122070312,111.16000366210938,108.68000030517578,109.08999633789062,9837300
2021-03-18,83.20144653320312,108.97000122070312,109.58999633789062,108.72000122070312,109.04000091552734,7538500
2021-03-19,83.44573211669922,109.29000091552734,109.44000244140625,108.76000213623047,109.05000305175781,4752000
2021-03-22,83.62897491455078,109.52999877929688,109.73999786376953,108.87000274658203,108.98999786376953,4615900
2021-03-23,83.33119201660156,109.13999938964844,109.5999984741211,109.11000061035156,109.5999984741211,4658400
2021-03-24,83.5144271850586,109.37999725341797,109.58000183105469,109.0999984741211,109.44000244140625,4270500
2021-03-25,83.3923110961914,109.22000122070312,109.38999938964844,108.88999938964844,109.3499984741211,3860500
2021-03-26,83.4228286743164,109.26000213623047,109.26000213623047,108.93000030517578,109.12999725341797,1997500
2021-03-29,82.98764038085938,108.69000244140625,109.19999694824219,108.58999633789062,108.98999786376953,7379700
2021-03-30,83.02578735351562,108.73999786376953,108.76000213623047,108.12000274658203,108.23999786376953,6058900
2021-03-31,83.13270568847656,108.87999725341797,109.23999786376953,108.56999969482422,108.56999969482422,8844400
2021-04-01,83.78990173339844,109.38999938964844,109.44999694824219,108.86000061035156,109.02999877929688,7724400
2021-04-05,83.69031524658203,109.26000213623047,109.26000213623047,108.80999755859375,108.80999755859375,3134600
2021-04-06,83.9737548828125,109.62999725341797,109.75,109.29000091552734,109.4800033569336,3791300
2021-04-07,83.68267822265625,109.25,109.7699966430664,109.16000366210938,109.43000030517578,3194000
2021-04-08,84.16522979736328,109.87999725341797,109.87999725341797,109.5,109.52999877929688,3091400
2021-04-09,83.93541717529297,109.58000183105469,109.63999938964844,109.33999633789062,109.54000091552734,5464200
2021-04-12,84.07327270507812,109.76000213623047,109.91999816894531,109.66000366210938,109.91999816894531,2741200
2021-04-13,84.5175552368164,110.33999633789062,110.36000061035156,109.63999938964844,109.72000122070312,3270400
2021-04-14,84.44097900390625,110.23999786376953,110.37999725341797,110.1500015258789,110.27999877929688,3239700
2021-04-15,85.4673843383789,111.58000183105469,111.72000122070312,110.7699966430664,110.86000061035156,6935200
2021-04-16,85.1916275024414,111.22000122070312,111.3499984741211,111.08000183105469,111.3499984741211,3335900
2021-04-19,85.13034057617188,111.13999938964844,111.23999786376953,111.01000213623047,111.18000030517578,3153900
2021-04-20,84.91586303710938,110.86000061035156,111.0,110.77999877929688,111.0,2521400
2021-04-21,85.07673645019531,111.06999969482422,111.12999725341797,110.79000091552734,110.83000183105469,1670000
2021-04-22,85.20693969726562,111.23999786376953,111.30999755859375,111.06999969482422,111.19999694824219,1552400
2021-04-23,85.35247802734375,111.43000030517578,111.44000244140625,111.08999633789062,111.2300033569336,1935100
2021-04-26,84.9617919921875,110.91999816894531,111.2699966430664,110.68000030517578,110.68000030517578,2746100
2021-04-27,84.50227355957031,110.31999969482422,110.76000213623047,110.22000122070312,110.75,3286000
2021-04-28,84.78565979003906,110.69000244140625,110.81999969482422,110.19999694824219,110.30000305175781,4071600
2021-04-29,84.88521575927734,110.81999969482422,110.83000183105469,110.38999938964844,110.73999786376953,3306300
2021-04-30,85.13034057617188,111.13999938964844,111.16000366210938,110.76000213623047,110.83999633789062,3777200
2021-05-03,85.01356506347656,110.63999938964844,111.05000305175781,110.5199966430664,110.7699966430664,3258500
2021-05-04,85.09040069580078,110.73999786376953,110.87999725341797,110.45999908447266,110.62000274658203,4239900
2021-05-05,85.2056655883789,110.88999938964844,110.91000366210938,110.62000274658203,110.62000274658203,2036400
2021-05-06,85.36701965332031,111.0999984741211,111.20999908447266,110.87000274658203,110.91000366210938,2512600
2021-05-07,85.75120544433594,111.5999984741211,111.80000305175781,111.37999725341797,111.58000183105469,5003600
2021-05-10,85.5591049194336,111.3499984741211,111.58999633789062,111.26000213623047,111.5,2708300
2021-05-11,85.35931396484375,111.08999633789062,111.12999725341797,110.80000305175781,110.80000305175781,2550400
2021-05-12,84.58325958251953,110.08000183105469,110.69000244140625,110.04000091552734,110.5999984741211,5320800
2021-05-13,85.021240234375,110.6500015258789,110.76000213623047,110.0999984741211,110.29000091552734,3533200
2021-05-14,85.46693420410156,111.2300033569336,111.3499984741211,111.05000305175781,111.22000122070312,3731600
2021-05-17,85.42078399658203,111.16999816894531,111.18000030517578,111.01000213623047,111.12999725341797,1495000
2021-05-18,85.41313934326172,111.16000366210938,111.3499984741211,111.1500015258789,111.3499984741211,1917800
2021-05-19,85.01356506347656,110.63999938964844,111.02999877929688,110.48999786376953,110.8499984741211,3791600
2021-05-20,85.60520935058594,111.41000366210938,111.4800033569336,110.98999786376953,111.05000305175781,2877000
2021-05-21,85.4361572265625,111.19000244140625,111.47000122070312,111.12000274658203,111.41999816894531,1784100
2021-05-24,85.52835083007812,111.30999755859375,111.55000305175781,111.22000122070312,111.2699966430664,1688000
2021-05-25,85.94329071044922,111.8499984741211,111.86000061035156,111.37999725341797,111.37999725341797,2543400
2021-05-26,85.93562316894531,111.83999633789062,112.0,111.75,112.0,2000700
2021-05-27,85.77425384521484,111.62999725341797,111.69999694824219,111.30000305175781,111.30000305175781,2739000
2021-05-28,85.95099639892578,111.86000061035156,112.0999984741211,111.70999908447266,111.79000091552734,3458600
2021-06-01,86.06510162353516,111.6500015258789,111.94999694824219,111.43000030517578,111.62999725341797,1936500
2021-06-02,86.19611358642578,111.81999969482422,111.91000366210938,111.66000366210938,111.91000366210938,2728300
2021-06-03,85.77212524414062,111.2699966430664,111.54000091552734,111.23999786376953,111.54000091552734,3296400
2021-06-04,86.34258270263672,112.01000213623047,112.12000274658203,111.55999755859375,111.5999984741211,2624700
2021-06-07,86.14986419677734,111.76000213623047,111.9000015258789,111.75,111.86000061035156,1554800
2021-06-08,86.4890365600586,112.19999694824219,112.33000183105469,112.13999938964844,112.26000213623047,3897200
2021-06-09,86.79737091064453,112.5999984741211,112.80999755859375,112.55000305175781,112.73999786376953,3847200
2021-06-10,86.92839813232422,112.7699966430664,112.80000305175781,112.05999755859375,112.33999633789062,3290600
2021-06-11,87.02863311767578,112.9000015258789,113.01000213623047,112.73999786376953,113.0,2102300
2021-06-14,86.50445556640625,112.22000122070312,112.7300033569336,112.12999725341797,112.72000122070312,4677300
2021-06-15,86.69717407226562,112.47000122070312,112.55000305175781,111.91999816894531,112.05999755859375,7737400
2021-06-16,85.95714569091797,111.51000213623047,112.54000091552734,111.0,112.36000061035156,6415100
2021-06-17,86.29631042480469,111.94999694824219,112.27999877929688,111.75,111.93000030517578,5237800
2021-06-18,86.54297637939453,112.2699966430664,112.6500015258789,112.13999938964844,112.13999938964844,6615000
2021-06-21,86.4890365600586,112.19999694824219,112.33999633789062,111.97000122070312,112.08000183105469,2978500
2021-06-22,86.45048522949219,112.1500015258789,112.19000244140625,111.73999786376953,111.9000015258789,2929800
2021-06-23,86.5506820678711,112.27999877929688,112.3499984741211,112.08999633789062,112.22000122070312,2097600
2021-06-24,86.58152770996094,112.31999969482422,112.38999938964844,112.2300033569336,112.27999877929688,2504200
2021-06-25,86.43505859375,112.12999725341797,112.55999755859375,111.95999908447266,112.55999755859375,3713000
2021-06-28,86.59693908691406,112.33999633789062,112.41000366210938,112.16000366210938,112.27999877929688,3114800
2021-06-29,86.5738296508789,112.30999755859375,112.30999755859375,112.08000183105469,112.11000061035156,3136500
2021-06-30,86.68946075439453,112.45999908447266,112.63999938964844,112.19999694824219,112.19999694824219,9725700
2021-07-01,86.60054779052734,111.98999786376953,112.06999969482422,111.81999969482422,112.01000213623047,5653200
2021-07-02,86.70105743408203,112.12000274658203,112.20999908447266,111.76000213623047,111.7699966430664,3669100
2021-07-06,86.80158996582031,112.25,112.26000213623047,111.80000305175781,111.80000305175781,4849800
2021-07-07,86.92530059814453,112.41000366210938,112.5,112.23999786376953,112.44000244140625,3602700
2021-07-08,86.74742889404297,112.18000030517578,112.37000274658203,112.04000091552734,112.04000091552734,3741600
2021-07-09,86.7242660522461,112.1500015258789,112.26000213623047,112.04000091552734,112.18000030517578,3386300
2021-07-12,86.77837371826172,112.22000122070312,112.30999755859375,112.05999755859375,112.26000213623047,3274900
2021-07-13,86.46907806396484,111.81999969482422,112.33000183105469,111.76000213623047,112.1500015258789,5184100
2021-07-14,86.84025573730469,112.30000305175781,112.37999725341797,112.1500015258789,112.25,3359300
2021-07-15,87.11090850830078,112.6500015258789,112.7300033569336,112.3499984741211,112.47000122070312,4205600
2021-07-16,86.99491882324219,112.5,112.69999694824219,112.48999786376953,112.63999938964844,2693000
2021-07-19,87.01039123535156,112.5199966430664,112.73999786376953,112.43000030517578,112.73999786376953,4850000
2021-07-20,87.25008392333984,112.83000183105469,112.91999816894531,112.61000061035156,112.81999969482422,5233900
2021-07-21,86.91758728027344,112.4000015258789,112.5,112.2300033569336,112.41999816894531,4152700
2021-07-22,87.11090850830078,112.6500015258789,112.69000244140625,112.37999725341797,112.44999694824219,2874000
2021-07-23,87.11863708496094,112.66000366210938,112.69999694824219,112.36000061035156,112.37000274658203,2527700
2021-07-26,86.87891387939453,112.3499984741211,112.62999725341797,112.30000305175781,112.48999786376953,3296000
2021-07-27,86.64691925048828,112.05000305175781,112.45999908447266,111.88999938964844,112.45999908447266,4321800
2021-07-28,86.86344146728516,112.33000183105469,112.3499984741211,111.8499984741211,111.94999694824219,3771700
2021-07-29,86.94075012207031,112.43000030517578,112.4800033569336,112.30999755859375,112.33999633789062,2915700
2021-07-30,87.17276763916016,112.7300033569336,112.81999969482422,112.33000183105469,112.37999725341797,6666600
2021-08-02,87.28910827636719,112.52999877929688,112.75,112.33000183105469,112.68000030517578,6646600
2021-08-03,87.327880859375,112.58000183105469,112.6500015258789,112.44999694824219,112.6500015258789,3001200
2021-08-04,87.36666870117188,112.62999725341797,112.83999633789062,112.30000305175781,112.80000305175781,3663100
2021-08-05,87.31238555908203,112.55999755859375,112.63999938964844,112.44000244140625,112.58000183105469,1716000
2021-08-06,86.84693908691406,111.95999908447266,112.2699966430664,111.91999816894531,112.19999694824219,6417800
2021-08-09,86.55997467041016,111.58999633789062,112.02999877929688,111.55999755859375,111.9000015258789,4868500
2021-08-10,86.5444107055664,111.56999969482422,111.81999969482422,111.5,111.79000091552734,2832900
2021-08-11,86.59873962402344,111.63999938964844,111.83999633789062,111.45999908447266,111.66999816894531,4094700
2021-08-12,86.715087890625,111.79000091552734,111.83000183105469,111.5199966430664,111.58999633789062,2356600
2021-08-13,87.12621307373047,112.31999969482422,112.36000061035156,111.83000183105469,111.94999694824219,3617000
2021-08-16,87.14171600341797,112.33999633789062,112.41000366210938,112.22000122070312,112.26000213623047,2098900
2021-08-17,87.06416320800781,112.23999786376953,112.2699966430664,112.08000183105469,112.08000183105469,3205500
2021-08-18,86.99434661865234,112.1500015258789,112.33000183105469,112.05000305175781,112.2300033569336,2362400
2021-08-19,87.07964324951172,112.26000213623047,112.27999877929688,112.0199966430664,112.0999984741211,1829100
2021-08-20,86.95555877685547,112.0999984741211,112.33000183105469,112.04000091552734,112.2699966430664,4432600
2021-08-23,87.2813720703125,112.5199966430664,112.54000091552734,112.16000366210938,112.27999877929688,3305400
2021-08-24,87.33565521240234,112.58999633789062,112.63999938964844,112.4000015258789,112.5199966430664,1994800
2021-08-25,87.27359771728516,112.51000213623047,112.69999694824219,112.44999694824219,112.69999694824219,1684100
2021-08-26,87.13397216796875,112.33000183105469,112.4800033569336,112.23999786376953,112.43000030517578,2477300
2021-08-27,87.69247436523438,113.05000305175781,113.08999633789062,112.36000061035156,112.5,4964400
2021-08-30,87.9251708984375,113.3499984741211,113.37000274658203,112.94000244140625,112.94000244140625,2226400
2021-08-31,87.9561996459961,113.38999938964844,113.63999938964844,113.30000305175781,113.52999877929688,5386200
2021-09-01,88.11024475097656,113.23999786376953,113.30000305175781,113.08000183105469,113.22000122070312,5756700
2021-09-02,88.35147857666016,113.55000305175781,113.55000305175781,113.2300033569336,113.31999969482422,3752800
2021-09-03,88.06355285644531,113.18000030517578,113.31999969482422,113.11000061035156,113.16000366210938,4474200
2021-09-07,87.8224105834961,112.87000274658203,113.0999984741211,112.87000274658203,113.08999633789062,3497900
2021-09-08,87.97798156738281,113.06999969482422,113.13999938964844,112.9000015258789,112.98999786376953,3241000
2021-09-09,88.12581634521484,113.26000213623047,113.38999938964844,112.9000015258789,112.95999908447266,4375000
2021-09-10,87.84573364257812,112.9000015258789,113.19999694824219,112.83999633789062,113.16999816894531,3135900
2021-09-13,87.9624252319336,113.05000305175781,113.1500015258789,112.80000305175781,112.80000305175781,3367200
2021-09-14,88.13362884521484,113.2699966430664,113.44000244140625,113.16999816894531,113.26000213623047,2110100
2021-09-15,88.11805725097656,113.25,113.26000213623047,113.05000305175781,113.05000305175781,2088400
2021-09-16,87.8224105834961,112.87000274658203,113.0199966430664,112.76000213623047,112.76000213623047,4144800
2021-09-17,87.53449249267578,112.5,112.70999908447266,112.5,112.69999694824219,4562500
2021-09-20,87.1298828125,111.9800033569336,112.37999725341797,111.80999755859375,112.20999908447266,8051500
2021-09-21,87.29327392578125,112.19000244140625,112.43000030517578,112.0999984741211,112.43000030517578,3619900
2021-09-22,87.34772491455078,112.26000213623047,112.4800033569336,112.06999969482422,112.19000244140625,4988400
2021-09-23,86.6785888671875,111.4000015258789,112.23999786376953,111.29000091552734,112.16000366210938,8424200
2021-09-24,86.3206787109375,110.94000244140625,111.30000305175781,110.80999755859375,111.2699966430664,5935900
2021-09-27,86.06391906738281,110.61000061035156,110.73999786376953,110.41000366210938,110.6500015258789,5592000
2021-09-28,85.57371520996094,109.9800033569336,110.19999694824219,109.91000366210938,110.13999938964844,6043600
2021-09-29,85.65153503417969,110.08000183105469,110.47000122070312,109.98999786376953,110.0,5891000
2021-09-30,85.6359634399414,110.05999755859375,110.37000274658203,110.04000091552734,110.3499984741211,5882900
2021-10-01,85.61643981933594,109.69000244140625,109.87999725341797,109.3499984741211,109.73999786376953,8394300
2021-10-04,85.20275115966797,109.16000366210938,109.66999816894531,109.08000183105469,109.5,11547300
2021-10-05,85.25741577148438,109.2300033569336,109.31999969482422,109.04000091552734,109.31999969482422,6736600
2021-10-06,85.07789611816406,109.0,109.11000061035156,108.61000061035156,108.91000366210938,9146900
2021-10-07,85.17152404785156,109.12000274658203,109.47000122070312,109.08999633789062,109.31999969482422,5635700
2021-10-08,84.9607925415039,108.8499984741211,109.19000244140625,108.81999969482422,109.19000244140625,4164900
2021-10-11,84.72664642333984,108.55000305175781,108.91000366210938,108.5199966430664,108.72000122070312,1997500
2021-10-12,84.99980163574219,108.9000015258789,108.93000030517578,108.66000366210938,108.72000122070312,5427200
2021-10-13,85.53839111328125,109.58999633789062,109.62999725341797,109.04000091552734,109.04000091552734,6229200
2021-10-14,85.9052505493164,110.05999755859375,110.16000366210938,109.8499984741211,109.94000244140625,6519200
2021-10-15,85.80376434326172,109.93000030517578,110.04000091552734,109.66999816894531,109.87999725341797,6233700
2021-10-18,85.52278137207031,109.56999969482422,109.76000213623047,109.3499984741211,109.58999633789062,6353300
2021-10-19,85.46036529541016,109.48999786376953,109.75,109.44999694824219,109.5999984741211,5955600
2021-10-20,85.5071792602539,109.55000305175781,109.69000244140625,109.4000015258789,109.43000030517578,4268100
2021-10-21,85.14034271240234,109.08000183105469,109.44000244140625,109.02999877929688,109.41000366210938,8084000
2021-10-22,85.4759521484375,109.51000213623047,109.52999877929688,109.12999725341797,109.30999755859375,6091900
2021-10-25,85.53839111328125,109.58999633789062,109.66000366210938,109.45999908447266,109.45999908447266,4612800
2021-10-26,85.71793365478516,109.81999969482422,109.9000015258789,109.72000122070312,109.79000091552734,3541700
2021-10-27,86.22523498535156,110.47000122070312,110.69999694824219,110.05999755859375,110.18000030517578,7438500
2021-10-28,86.06137084960938,110.26000213623047,110.44000244140625,110.20999908447266,110.27999877929688,6509900
2021-10-29,85.77255249023438,109.88999938964844,110.1500015258789,109.75,109.98999786376953,6552600
2021-11-01,85.53606414794922,109.2300033569336,109.47000122070312,109.12000274658203,109.27999877929688,9179200
2021-11-02,85.64569091796875,109.37000274658203,109.62000274658203,109.23999786376953,109.52999877929688,3496000
2021-11-03,85.51254272460938,109.19999694824219,109.51000213623047,108.94000244140625,109.27999877929688,5427500
2021-11-04,86.1312026977539,109.98999786376953,110.05999755859375,109.47000122070312,109.56999969482422,6439700
2021-11-05,86.7811508178711,110.81999969482422,110.88999938964844,110.20999908447266,110.33999633789062,8755800
2021-11-08,86.7028579711914,110.72000122070312,110.86000061035156,110.6500015258789,110.73999786376953,5875300
2021-11-09,86.85948944091797,110.91999816894531,111.08000183105469,110.62000274658203,110.94000244140625,3725500
2021-11-10,85.59085083007812,109.30000305175781,110.54000091552734,109.16000366210938,110.52999877929688,12496500
2021-11-11,85.59085083007812,109.30000305175781,109.69000244140625,109.27999877929688,109.5,4485300
2021-11-12,85.81013488769531,109.58000183105469,109.7300033569336,109.4000015258789,109.69999694824219,4477400
2021-11-15,85.58306884765625,109.29000091552734,109.76000213623047,109.19000244140625,109.51000213623047,4157800
2021-11-16,85.38728332519531,109.04000091552734,109.44999694824219,109.02999877929688,109.2699966430664,3689500
2021-11-17,85.48123931884766,109.16000366210938,109.18000030517578,108.81999969482422,109.04000091552734,4397400
2021-11-18,85.70051574707031,109.44000244140625,109.4800033569336,109.05999755859375,109.12000274658203,6348500
2021-11-19,85.67700958251953,109.41000366210938,109.56999969482422,109.36000061035156,109.47000122070312,6923900
2021-11-22,84.79212951660156,108.27999877929688,109.30000305175781,108.2300033569336,109.13999938964844,6330400
2021-11-23,84.25962829589844,107.5999984741211,108.06999969482422,107.5199966430664,107.94000244140625,7929400
2021-11-24,84.39274597167969,107.7699966430664,107.83999633789062,107.54000091552734,107.7300033569336,6138800
2021-11-26,83.45306396484375,106.56999969482422,107.33999633789062,106.16000366210938,107.0,7474000
2021-11-29,84.17350769042969,107.48999786376953,107.58999633789062,106.8499984741211,106.8499984741211,8511300
2021-11-30,84.15785217285156,107.47000122070312,107.9800033569336,107.30999755859375,107.5,8287600
2021-12-01,84.7447509765625,107.86000061035156,108.05999755859375,107.62000274658203,107.76000213623047,11077400
2021-12-02,85.2475814819336,108.5,108.55000305175781,107.86000061035156,107.86000061035156,6419400
2021-12-03,85.35759735107422,108.63999938964844,108.86000061035156,108.05000305175781,108.38999938964844,5562500
2021-12-06,85.43616485595703,108.73999786376953,108.91999816894531,108.62000274658203,108.7699966430664,5079500
2021-12-07,85.89187622070312,109.31999969482422,109.43000030517578,108.91999816894531,109.19999694824219,5701800
2021-12-08,85.7661361694336,109.16000366210938,109.4000015258789,108.9800033569336,109.30999755859375,5153900
2021-12-09,85.71112823486328,109.08999633789062,109.38999938964844,109.05000305175781,109.08999633789062,4640100
2021-12-10,85.72684478759766,109.11000061035156,109.4000015258789,109.01000213623047,109.2699966430664,4148900
2021-12-13,86.08042907714844,109.55999755859375,109.69999694824219,109.11000061035156,109.11000061035156,4684400
2021-12-14,85.86043548583984,109.27999877929688,109.52999877929688,109.12999725341797,109.18000030517578,6808200
2021-12-15,85.58544921875,108.93000030517578,109.08999633789062,108.33999633789062,109.0199966430664,10297700
2021-12-16,85.67060852050781,108.66999816894531,108.87999725341797,108.58999633789062,108.79000091552734,4734900
2021-12-17,85.52079010009766,108.4800033569336,108.6500015258789,108.37999725341797,108.51000213623047,5209800
2021-12-20,85.06356048583984,107.9000015258789,108.16000366210938,107.4800033569336,108.02999877929688,6982200
2021-12-21,85.31586456298828,108.22000122070312,108.23999786376953,107.70999908447266,107.81999969482422,5202800
2021-12-22,85.41039276123047,108.33999633789062,108.37999725341797,108.05000305175781,108.18000030517578,2978900
2021-12-23,85.53656768798828,108.5,108.56999969482422,108.22000122070312,108.41000366210938,2573300
2021-12-27,85.85189056396484,108.9000015258789,108.91000366210938,108.20999908447266,108.23999786376953,3472600
2021-12-28,85.77306365966797,108.80000305175781,108.97000122070312,108.77999877929688,108.9000015258789,2277500
2021-12-29,85.68636322021484,108.69000244140625,108.77999877929688,108.5,108.77999877929688,2931200
2021-12-30,86.08837890625,109.19999694824219,109.30999755859375,108.69000244140625,108.75,3857000
2021-12-31,85.97805786132812,109.05999755859375,109.44000244140625,109.0,109.0999984741211,2557400
2022-01-03,85.12661743164062,107.9800033569336,108.7300033569336,107.93000030517578,108.70999908447266,7038900
2022-01-04,85.07930755615234,107.91999816894531,108.16000366210938,107.73999786376953,108.04000091552734,5048300
2022-01-05,84.26732635498047,106.88999938964844,107.93000030517578,106.88999938964844,107.93000030517578,7721100
2022-01-06,84.18852996826172,106.79000091552734,106.88999938964844,106.51000213623047,106.55999755859375,8509900
2022-01-07,84.02293395996094,106.58000183105469,106.70999908447266,106.26000213623047,106.61000061035156,6154800
2022-01-10,83.73910522460938,106.22000122070312,106.25,105.58999633789062,106.0,7931400
2022-01-11,83.91256713867188,106.44000244140625,106.44000244140625,105.81999969482422,106.12999725341797,7766000
2022-01-12,83.73910522460938,106.22000122070312,106.55000305175781,106.12999725341797,106.43000030517578,5497000
2022-01-13,83.455322265625,105.86000061035156,106.05999755859375,105.69999694824219,105.94999694824219,7146100
2022-01-14,82.72215270996094,104.93000030517578,105.33999633789062,104.87999725341797,105.33999633789062,8349900
2022-01-18,81.95741271972656,103.95999908447266,104.37000274658203,103.66000366210938,104.30999755859375,9744600
2022-01-19,82.50926971435547,104.66000366210938,105.04000091552734,104.4800033569336,104.83999633789062,9557500
2022-01-20,82.80097961425781,105.02999877929688,105.4000015258789,104.9000015258789,105.08999633789062,7904600
2022-01-21,83.24246978759766,105.58999633789062,105.83999633789062,105.38999938964844,105.72000122070312,8765600
2022-01-24,82.68274688720703,104.87999725341797,105.1500015258789,104.45999908447266,105.12000274658203,14850600
2022-01-25,82.80885314941406,105.04000091552734,105.08999633789062,104.69999694824219,104.88999938964844,6197500
2022-01-26,82.375244140625,104.48999786376953,105.79000091552734,104.43000030517578,105.44000244140625,10195900
2022-01-27,82.84037780761719,105.08000183105469,105.55000305175781,104.83999633789062,105.30000305175781,7410800
2022-01-28,83.10053253173828,105.41000366210938,105.51000213623047,104.7699966430664,105.01000213623047,7223200
2022-01-31,83.07691955566406,105.37999725341797,105.4800033569336,105.04000091552734,105.08000183105469,4809900
2022-02-01,83.29290008544922,105.27999877929688,105.27999877929688,104.76000213623047,105.27999877929688,5899800
2022-02-02,83.6726303100586,105.76000213623047,105.83000183105469,105.5199966430664,105.62999725341797,7244800
2022-02-03,82.95268249511719,104.8499984741211,105.20999908447266,104.79000091552734,105.12000274658203,6752600
2022-02-04,82.55712890625,104.3499984741211,104.56999969482422,104.08999633789062,104.38999938964844,9835900
2022-02-07,82.462158203125,104.2300033569336,104.37000274658203,103.98999786376953,104.11000061035156,5035500
2022-02-08,82.24855041503906,103.95999908447266,104.0,103.77999877929688,103.95999908447266,6037700
2022-02-09,82.54129028320312,104.33000183105469,104.47000122070312,104.19000244140625,104.29000091552734,5457700
2022-02-10,81.4573974609375,102.95999908447266,104.13999938964844,102.87999725341797,103.87000274658203,9866500
2022-02-11,80.98272705078125,102.36000061035156,103.4000015258789,101.8499984741211,103.19000244140625,11060200
2022-02-14,81.291259765625,102.75,102.97000122070312,102.36000061035156,102.69999694824219,11158600
2022-02-15,81.59982299804688,103.13999938964844,103.37000274658203,103.0,103.23999786376953,7384300
2022-02-16,81.83715057373047,103.44000244140625,103.51000213623047,103.04000091552734,103.36000061035156,5539500
2022-02-17,81.4573974609375,102.95999908447266,103.30999755859375,102.80000305175781,103.18000030517578,10384200
2022-02-18,81.48902130126953,103.0,103.22000122070312,102.69000244140625,103.06999969482422,7250700
2022-02-22,80.46052551269531,101.69999694824219,102.55000305175781,101.47000122070312,102.31999969482422,16308300
2022-02-23,79.107666015625,99.98999786376953,101.54000091552734,99.98999786376953,101.44000244140625,14922100
2022-02-24,78.30862426757812,98.9800033569336,99.05000305175781,96.86000061035156,97.18000030517578,21996200
2022-02-25,79.25008392333984,100.16999816894531,100.98999786376953,99.77999877929688,100.80000305175781,15088800
2022-02-28,78.48265075683594,99.19999694824219,99.56999969482422,97.91999816894531,97.94000244140625,11971600
2022-03-01,77.27259063720703,97.31999969482422,100.5199966430664,96.93000030517578,97.87000274658203,15640900
2022-03-02,77.10586547851562,97.11000061035156,98.69999694824219,96.75,97.5999984741211,15469300
2022-03-03,76.77239990234375,96.69000244140625,97.83000183105469,96.41000366210938,97.01000213623047,9996600
2022-03-04,75.12085723876953,94.61000061035156,95.80999755859375,94.27999877929688,95.77999877929688,9520700
2022-03-07,74.53325653076172,93.87000274658203,94.5999984741211,93.68000030517578,94.5999984741211,6372900
2022-03-08,75.18435668945312,94.69000244140625,95.87000274658203,94.0,94.0,10283000
2022-03-09,75.91486358642578,95.61000061035156,96.2699966430664,95.26000213623047,95.66999816894531,10222200
2022-03-10,76.02600860595703,95.75,95.87000274658203,94.95999908447266,95.26000213623047,7325500
2022-03-11,75.43844604492188,95.01000213623047,95.88999938964844,94.80000305175781,95.77999877929688,5711300
2022-03-14,75.27962493896484,94.80999755859375,95.33999633789062,94.5,95.13999938964844,5511300
2022-03-15,75.7322006225586,95.37999725341797,95.5199966430664,94.95999908447266,95.05000305175781,7626000
2022-03-16,77.28052520751953,97.33000183105469,97.41000366210938,95.29000091552734,96.30000305175781,13249500
2022-03-17,77.77281951904297,97.94999694824219,98.41000366210938,96.75,96.97000122070312,8794700
2022-03-18,77.4552230834961,97.55000305175781,97.91000366210938,97.23999786376953,97.37999725341797,6990100
2022-03-21,76.09745025634766,95.83999633789062,97.12999725341797,95.7300033569336,96.91999816894531,7045800
2022-03-22,75.96249389648438,95.66999816894531,95.95999908447266,95.56999969482422,95.80999755859375,7197500
2022-03-23,76.02600860595703,95.75,96.0199966430664,95.44999694824219,95.5199966430664,6127700
2022-03-24,76.32775115966797,96.12999725341797,96.18000030517578,95.36000061035156,95.73999786376953,6757200
2022-03-25,76.15303802490234,95.91000366210938,95.98999786376953,95.43000030517578,95.9800033569336,4222800
2022-03-28,76.89144897460938,96.83999633789062,96.86000061035156,96.18000030517578,96.30999755859375,8095700
2022-03-29,77.64576721191406,97.79000091552734,98.08000183105469,97.55999755859375,97.61000061035156,9243600
2022-03-30,77.70133972167969,97.86000061035156,97.9800033569336,97.29000091552734,97.29000091552734,4751900
2022-03-31,77.6219482421875,97.76000213623047,98.19999694824219,97.63999938964844,97.8499984741211,5240700
2022-04-01,77.9033432006836,97.7300033569336,98.0,96.76000213623047,96.98999786376953,8681300
2022-04-04,78.20624542236328,98.11000061035156,98.31999969482422,97.56999969482422,97.69000244140625,5114000
2022-04-05,76.9468002319336,96.52999877929688,97.72000122070312,96.38999938964844,97.5,7746100
2022-04-06,76.71563720703125,96.23999786376953,96.68000030517578,95.5999984741211,95.77999877929688,7718500
2022-04-07,76.49241638183594,95.95999908447266,96.25,95.69999694824219,96.0199966430664,4554800
2022-04-08,75.83084106445312,95.12999725341797,95.62000274658203,95.05999755859375,95.56999969482422,5904700
2022-04-11,74.9300537109375,94.0,94.5199966430664,93.88999938964844,94.51000213623047,6380400
2022-04-12,75.20905303955078,94.3499984741211,94.9000015258789,94.26000213623047,94.69000244140625,5625300
2022-04-13,75.4003677368164,94.58999633789062,94.93000030517578,94.38999938964844,94.4800033569336,4503100
2022-04-14,74.69886779785156,93.70999908447266,94.55000305175781,93.6500015258789,94.44999694824219,6758600
2022-04-18,74.65901947021484,93.66000366210938,94.11000061035156,93.55000305175781,93.81999969482422,2539000
2022-04-19,74.36406707763672,93.29000091552734,93.58000183105469,93.18000030517578,93.29000091552734,4402100
2022-04-20,74.8742446899414,93.93000030517578,94.01000213623047,93.56999969482422,93.76000213623047,3247600
2022-04-21,74.19668579101562,93.08000183105469,93.86000061035156,92.88999938964844,93.83999633789062,5492200
2022-04-22,73.40752410888672,92.08999633789062,93.16999816894531,91.37000274658203,92.98999786376953,8558800
2022-04-25,74.2684326171875,93.16999816894531,93.29000091552734,92.1500015258789,92.1500015258789,9107500
2022-04-26,73.75826263427734,92.52999877929688,93.23999786376953,92.52999877929688,93.23999786376953,5247000
2022-04-27,73.55899047851562,92.27999877929688,92.69999694824219,92.18000030517578,92.33999633789062,5571400
2022-04-28,73.69451141357422,92.44999694824219,92.54000091552734,91.77999877929688,92.1500015258789,4298700
2022-04-29,72.44300842285156,90.87999725341797,91.91999816894531,90.79000091552734,91.63999938964844,8270000
2022-05-02,72.0460433959961,90.0199966430664,90.63999938964844,89.58999633789062,90.5999984741211,6916200
2022-05-03,72.35017395019531,90.4000015258789,90.7300033569336,90.36000061035156,90.54000091552734,5186200
2022-05-04,73.59068298339844,91.94999694824219,92.05999755859375,90.22000122070312,90.5199966430664,9656000
2022-05-05,72.4862289428711,90.56999969482422,91.04000091552734,89.91000366210938,91.04000091552734,9182500
2022-05-06,71.50981140136719,89.3499984741211,90.02999877929688,89.16000366210938,89.81999969482422,6780900
2022-05-09,70.87757110595703,88.55999755859375,89.0,88.22000122070312,88.87000274658203,7282100
2022-05-10,71.22970581054688,89.0,89.43000030517578,88.87999725341797,89.19000244140625,6853800
2022-05-11,71.5418472290039,89.38999938964844,89.76000213623047,88.58000183105469,88.91000366210938,7871400
2022-05-12,71.58985137939453,89.44999694824219,89.5999984741211,89.0,89.12999725341797,5886400
2022-05-13,71.4698257446289,89.30000305175781,89.87999725341797,89.08000183105469,89.5199966430664,5150200
2022-05-16,71.08563995361328,88.81999969482422,89.47000122070312,88.7699966430664,89.25,4832700
2022-05-17,71.34176635742188,89.13999938964844,89.33000183105469,88.9000015258789,89.11000061035156,4366000
2022-05-18,70.88555908203125,88.56999969482422,89.06999969482422,88.5199966430664,88.95999908447266,4977500
2022-05-19,71.2697525024414,89.05000305175781,89.3499984741211,88.5999984741211,88.70999908447266,5067200
2022-05-20,71.73392486572266,89.62999725341797,89.69999694824219,89.0199966430664,89.30000305175781,3836000
2022-05-23,71.78195190429688,89.69000244140625,89.94999694824219,89.4800033569336,89.66999816894531,3635900
2022-05-24,72.40619659423828,90.47000122070312,90.48999786376953,89.6500015258789,89.69000244140625,4470900
2022-05-25,73.04646301269531,91.2699966430664,91.37000274658203,90.55999755859375,90.61000061035156,6416700
2022-05-26,73.28658294677734,91.56999969482422,91.76000213623047,91.19000244140625,91.2300033569336,4621300
2022-05-27,73.40660858154297,91.72000122070312,92.62000274658203,91.55000305175781,92.04000091552734,6038200
2022-05-31,73.03044128417969,91.25,91.6500015258789,91.01000213623047,91.62000274658203,7140700
2022-06-01,72.89791870117188,90.75,91.44000244140625,90.33999633789062,91.36000061035156,6394200
2022-06-02,73.60481262207031,91.62999725341797,91.75,90.55999755859375,91.1500015258789,5463100
2022-06-03,73.10677337646484,91.01000213623047,91.22000122070312,90.68000030517578,90.7300033569336,5257500
2022-06-06,72.142822265625,89.80999755859375,90.91999816894531,89.7699966430664,90.91999816894531,5603500
2022-06-07,72.56855773925781,90.33999633789062,90.47000122070312,89.87999725341797,89.9000015258789,4521000
2022-06-08,71.8536376953125,89.44999694824219,90.05000305175781,89.41000366210938,89.93000030517578,5419800
2022-06-09,71.25920104980469,88.70999908447266,89.33000183105469,88.62000274658203,89.20999908447266,6635200
2022-06-10,70.06232452392578,87.22000122070312,88.29000091552734,87.16999816894531,88.16999816894531,9099400
2022-06-13,68.20674896240234,84.91000366210938,85.88999938964844,84.31999969482422,85.66999816894531,11596600
2022-06-14,68.1745834350586,84.87000274658203,85.93000030517578,84.43000030517578,85.79000091552734,9132200
2022-06-15,70.21495819091797,87.41000366210938,87.54000091552734,84.94999694824219,86.05000305175781,10108900
2022-06-16,68.6565933227539,85.47000122070312,85.7699966430664,84.75,85.29000091552734,10930700
2022-06-17,69.02611541748047,85.93000030517578,86.22000122070312,85.25,85.93000030517578,7681200
2022-06-21,68.8252944946289,85.68000030517578,86.29000091552734,85.55999755859375,85.69999694824219,6653800
2022-06-22,68.92967987060547,85.80999755859375,86.19999694824219,85.75,85.77999877929688,4419200
2022-06-23,69.38756561279297,86.37999725341797,86.4800033569336,86.05999755859375,86.20999908447266,6705000
2022-06-24,69.47594451904297,86.48999786376953,86.95999908447266,86.30999755859375,86.37000274658203,2827100
2022-06-27,68.52802276611328,85.30999755859375,86.29000091552734,85.27999877929688,86.19999694824219,7757100
2022-06-28,68.00591278076172,84.66000366210938,85.33999633789062,84.44999694824219,85.16999816894531,5845000
2022-06-29,68.25493621826172,84.97000122070312,85.02999877929688,84.06999969482422,84.58000183105469,5625600
2022-06-30,68.53610229492188,85.31999969482422,85.47000122070312,84.27999877929688,84.70999908447266,5880200
2022-07-01,69.4968490600586,86.1500015258789,86.3499984741211,85.68000030517578,85.68000030517578,6095200
2022-07-05,68.94833374023438,85.47000122070312,85.51000213623047,85.0,85.22000122070312,4720100
2022-07-06,68.3917007446289,84.77999877929688,85.33000183105469,84.68000030517578,85.12000274658203,5243200
2022-07-07,68.59336853027344,85.02999877929688,85.29000091552734,84.91000366210938,84.97000122070312,5542500
2022-07-08,68.27070617675781,84.62999725341797,84.83000183105469,84.22000122070312,84.83000183105469,3599100
2022-07-11,67.69792175292969,83.91999816894531,84.58000183105469,83.54000091552734,84.37999725341797,9389500
2022-07-12,67.50433349609375,83.68000030517578,83.77999877929688,83.37000274658203,83.41000366210938,7325900
2022-07-13,67.23004913330078,83.33999633789062,83.41000366210938,82.26000213623047,82.37000274658203,11472300
2022-07-14,66.05223083496094,81.87999725341797,82.54000091552734,81.87000274658203,82.37000274658203,10206900
2022-07-15,66.71375274658203,82.69999694824219,82.95999908447266,82.37000274658203,82.55999755859375,6155800
2022-07-18,66.74600219726562,82.73999786376953,83.5199966430664,82.5999984741211,83.13999938964844,7826400
2022-07-19,67.72212982177734,83.94999694824219,83.9800033569336,82.93000030517578,82.9800033569336,6148300
2022-07-20,68.25457763671875,84.61000061035156,84.66000366210938,84.08000183105469,84.19000244140625,6210000
2022-07-21,68.63372039794922,85.08000183105469,85.13999938964844,84.7300033569336,84.73999786376953,7452400
2022-07-22,69.38390350341797,86.01000213623047,86.01000213623047,85.38999938964844,85.38999938964844,5028700
2022-07-25,69.43232727050781,86.06999969482422,86.1500015258789,85.63999938964844,85.63999938964844,5464100
2022-07-26,68.7869644165039,85.2699966430664,85.83000183105469,85.16000366210938,85.73999786376953,6867700
2022-07-27,69.82759094238281,86.55999755859375,86.69000244140625,85.31999969482422,85.4000015258789,5732300
2022-07-28,70.73111724853516,87.68000030517578,87.80999755859375,86.83999633789062,86.93000030517578,6680000
2022-07-29,71.00538635253906,88.0199966430664,88.3499984741211,87.69999694824219,87.70999908447266,6618000
2022-08-01,71.32611083984375,88.06999969482422,88.25,87.4800033569336,87.68000030517578,4347000
2022-08-02,70.28946685791016,86.79000091552734,87.70999908447266,86.79000091552734,87.62000274658203,6272500
2022-08-03,71.64195251464844,88.45999908447266,88.52999877929688,87.0199966430664,87.12000274658203,4489400
2022-08-04,71.79582214355469,88.6500015258789,88.98999786376953,88.4800033569336,88.61000061035156,6175700
2022-08-05,71.6500244140625,88.47000122070312,88.47000122070312,87.5999984741211,87.70999908447266,5134400
2022-08-08,72.71099090576172,89.77999877929688,89.8499984741211,89.0,89.01000213623047,7124400
2022-08-09,71.49617004394531,88.27999877929688,89.25,88.26000213623047,89.16000366210938,6196200
2022-08-10,72.77576446533203,89.86000061035156,90.16999816894531,88.87000274658203,89.19999694824219,8858600
2022-08-11,72.47615051269531,89.48999786376953,90.70999908447266,89.29000091552734,90.5,10298400
2022-08-12,73.02684020996094,90.16999816894531,90.2300033569336,89.43000030517578,89.55000305175781,6929200
2022-08-15,72.88915252685547,90.0,90.51000213623047,89.68000030517578,89.76000213623047,11595900
2022-08-16,72.25746154785156,89.22000122070312,89.5,88.88999938964844,89.22000122070312,9588300
2022-08-17,71.46377563476562,88.23999786376953,88.44000244140625,87.62999725341797,88.30999755859375,7841700
2022-08-18,71.38278198242188,88.13999938964844,88.30999755859375,87.87999725341797,88.30000305175781,4122100
2022-08-19,70.29753875732422,86.80000305175781,87.55000305175781,86.77999877929688,87.41999816894531,6266700
2022-08-22,69.77922821044922,86.16000366210938,86.37999725341797,86.0,86.37000274658203,5196500
2022-08-23,70.51622772216797,87.06999969482422,87.44000244140625,86.5199966430664,86.6500015258789,5325700
2022-08-24,70.45143127441406,86.98999786376953,87.38999938964844,86.87000274658203,87.23999786376953,3069300
2022-08-25,71.196533203125,87.91000366210938,87.91000366210938,86.87999725341797,87.31999969482422,3939900
2022-08-26,70.08695983886719,86.54000091552734,87.93000030517578,86.54000091552734,87.75,4766200
2022-08-29,69.66582489013672,86.0199966430664,86.37999725341797,85.88999938964844,86.37999725341797,4392200
2022-08-30,69.64154052734375,85.98999786376953,86.43000030517578,85.5199966430664,86.36000061035156,4848200
2022-08-31,69.08274841308594,85.30000305175781,85.87999725341797,85.26000213623047,85.75,4062600
2022-09-01,68.91365814208984,84.77999877929688,84.8499984741211,84.23999786376953,84.5,8189300
2022-09-02,69.15752410888672,85.08000183105469,85.93000030517578,84.62000274658203,85.22000122070312,7373700
2022-09-06,68.52346801757812,84.30000305175781,85.05000305175781,84.18000030517578,84.88999938964844,7778300
2022-09-07,69.56396484375,85.58000183105469,85.61000061035156,84.41999816894531,84.61000061035156,7897800
2022-09-08,69.58831787109375,85.61000061035156,85.80000305175781,85.18000030517578,85.37000274658203,5656300
2022-09-09,70.01100158691406,86.12999725341797,86.37999725341797,85.79000091552734,85.79000091552734,7071000
2022-09-12,69.98661041259766,86.0999984741211,86.70999908447266,86.06999969482422,86.51000213623047,4478500
2022-09-13,68.91365814208984,84.77999877929688,85.29000091552734,84.70999908447266,84.91999816894531,6781300
2022-09-14,68.86490631103516,84.72000122070312,85.12999725341797,84.55000305175781,84.61000061035156,5210000
2022-09-15,68.81612396240234,84.66000366210938,85.2699966430664,84.48999786376953,84.76000213623047,6520100
2022-09-16,68.44220733642578,84.19999694824219,84.52999877929688,83.87999725341797,83.95999908447266,5536100
2022-09-19,68.68606567382812,84.5,84.5199966430664,83.9800033569336,84.01000213623047,4833500
2022-09-20,68.0520248413086,83.72000122070312,83.94000244140625,83.48999786376953,83.77999877929688,4509000
2022-09-21,67.85697174072266,83.4800033569336,84.23999786376953,83.11000061035156,83.88999938964844,7387000
2022-09-22,67.4017333984375,82.91999816894531,83.45999908447266,82.61000061035156,83.45999908447266,7297100
2022-09-23,66.5888900756836,81.91999816894531,82.43000030517578,81.41000366210938,82.41999816894531,9751000
2022-09-26,65.02008819580078,79.98999786376953,81.30000305175781,79.80000305175781,80.94000244140625,11960800
2022-09-27,63.97966384887695,78.70999908447266,80.55000305175781,78.58999633789062,80.43000030517578,13911900
2022-09-28,65.51593017578125,80.5999984741211,80.6500015258789,78.80000305175781,79.01000213623047,10066800
2022-09-29,64.68683624267578,79.58000183105469,79.9000015258789,78.70999908447266,79.73999786376953,8970900
2022-09-30,64.54051208496094,79.4000015258789,80.05000305175781,79.20999908447266,80.01000213623047,11578700
2022-10-03,65.52129364013672,80.2300033569336,80.95999908447266,79.6500015258789,79.73999786376953,13613000
2022-10-04,66.75447845458984,81.73999786376953,81.93000030517578,81.33999633789062,81.66999816894531,9842100
2022-10-05,65.80715942382812,80.58000183105469,80.88999938964844,80.16999816894531,80.83000183105469,11026900
2022-10-06,65.55396270751953,80.2699966430664,80.94999694824219,80.0999984741211,80.72000122070312,8467700
2022-10-07,64.6719970703125,79.19000244140625,79.81999969482422,79.0,79.6500015258789,6037600
2022-10-10,64.48416900634766,78.95999908447266,79.43000030517578,78.44999694824219,79.43000030517578,2397800
2022-10-11,64.43515014648438,78.9000015258789,79.36000061035156,78.5,78.88999938964844,9676300
2022-10-12,64.20651245117188,78.62000274658203,78.91000366210938,78.38999938964844,78.9000015258789,6756800
2022-10-13,64.01049041748047,78.37999725341797,78.88999938964844,77.08999633789062,77.33000183105469,9200400
2022-10-14,63.536827087402344,77.80000305175781,79.05999755859375,77.73999786376953,79.05999755859375,8054800
2022-10-17,63.887996673583984,78.2300033569336,78.94000244140625,78.13999938964844,78.5,7339800
2022-10-18,64.56580352783203,79.05999755859375,79.12999725341797,78.18000030517578,78.63999938964844,9070600
2022-10-19,63.60214614868164,77.87999725341797,78.41000366210938,77.73999786376953,78.08999633789062,8645200
2022-10-20,62.95699691772461,77.08999633789062,78.08999633789062,76.8499984741211,77.36000061035156,6567000
2022-10-21,63.65114212036133,77.94000244140625,77.98999786376953,76.3499984741211,76.98999786376953,10789100
2022-10-24,63.61030197143555,77.88999938964844,78.26000213623047,77.26000213623047,77.63999938964844,7385800
2022-10-25,64.71283721923828,79.23999786376953,79.30999755859375,78.23999786376953,78.33000183105469,9292400
2022-10-26,65.13751220703125,79.76000213623047,80.22000122070312,79.26000213623047,79.26000213623047,7021500
2022-10-27,65.28451538085938,79.94000244140625,80.29000091552734,79.58999633789062,79.75,6896000
2022-10-28,65.44781494140625,80.13999938964844,80.36000061035156,79.7699966430664,79.80999755859375,4777500
2022-10-31,64.43515014648438,78.9000015258789,79.66000366210938,78.73999786376953,79.66000366210938,27070100
2022-11-01,65.67596435546875,80.02999877929688,80.08000183105469,79.26000213623047,79.69999694824219,11197900
2022-11-02,65.1753921508789,79.41999816894531,80.91999816894531,79.29000091552734,80.02999877929688,8725500
2022-11-03,64.94561767578125,79.13999938964844,79.33000183105469,78.23999786376953,78.5199966430664,9378500
2022-11-04,65.98783111572266,80.41000366210938,80.54000091552734,79.63999938964844,79.87000274658203,10249600
2022-11-07,65.96321105957031,80.37999725341797,80.66000366210938,80.0999984741211,80.66000366210938,4683100
2022-11-08,66.42278289794922,80.94000244140625,81.30999755859375,80.43000030517578,80.55000305175781,5413800
2022-11-09,65.52825927734375,79.8499984741211,81.29000091552734,79.48999786376953,80.66999816894531,11738800
2022-11-10,68.54000854492188,83.5199966430664,83.58000183105469,82.08999633789062,82.2300033569336,14982500
2022-11-11,68.5235595703125,83.5,83.79000091552734,83.0,83.63999938964844,6558300
2022-11-14,67.9409408569336,82.79000091552734,83.26000213623047,82.7300033569336,82.94000244140625,9605600
2022-11-15,69.22114562988281,84.3499984741211,84.41000366210938,83.04000091552734,83.95999908447266,19587600
2022-11-16,69.22114562988281,84.3499984741211,84.48999786376953,84.05000305175781,84.2699966430664,10058400
2022-11-17,68.5974349975586,83.58999633789062,83.8499984741211,83.29000091552734,83.38999938964844,6657500
2022-11-18,68.5974349975586,83.58999633789062,84.0199966430664,83.23999786376953,83.93000030517578,4390700
2022-11-21,68.60565948486328,83.5999984741211,83.98999786376953,83.43000030517578,83.93000030517578,4628300
2022-11-22,69.31963348388672,84.47000122070312,84.4800033569336,83.9000015258789,83.91999816894531,5782300
2022-11-23,69.77098083496094,85.0199966430664,85.16999816894531,84.55999755859375,84.68000030517578,2946500
2022-11-25,70.09103393554688,85.41000366210938,85.43000030517578,84.95999908447266,84.95999908447266,1722000
2022-11-28,69.81199645996094,85.06999969482422,85.62999725341797,84.9800033569336,85.41000366210938,5452400
2022-11-29,70.13206481933594,85.45999908447266,85.5999984741211,85.0999984741211,85.33000183105469,4721800
2022-11-30,70.9280776977539,86.43000030517578,86.58000183105469,85.29000091552734,85.45999908447266,5681500
2022-12-01,72.3360824584961,87.80000305175781,87.86000061035156,86.3499984741211,86.52999877929688,13699700
2022-12-02,72.03121948242188,87.43000030517578,87.44000244140625,86.30999755859375,86.51000213623047,5625500
2022-12-05,70.92725372314453,86.08999633789062,86.91999816894531,85.97000122070312,86.72000122070312,6933900
2022-12-06,70.54000854492188,85.62000274658203,86.02999877929688,85.37000274658203,85.97000122070312,6509200
2022-12-07,71.5616455078125,86.86000061035156,86.87999725341797,86.12999725341797,86.13999938964844,6651200
2022-12-08,71.42981719970703,86.69999694824219,87.18000030517578,86.54000091552734,86.86000061035156,5667700
2022-12-09,70.93547058105469,86.0999984741211,86.7300033569336,86.0999984741211,86.36000061035156,6389800
2022-12-12,71.19914245605469,86.41999816894531,86.62999725341797,86.16999816894531,86.55999755859375,5203800
2022-12-13,71.88294219970703,87.25,88.38999938964844,87.08999633789062,88.37999725341797,10831800
2022-12-14,71.77584075927734,87.12000274658203,87.55999755859375,86.22000122070312,87.18000030517578,6368200
2022-12-15,71.3953857421875,86.31999969482422,86.79000091552734,86.08999633789062,86.69000244140625,6104000
2022-12-16,71.023193359375,85.87000274658203,86.06999969482422,85.58000183105469,85.95999908447266,5663900
2022-12-19,70.63442993164062,85.4000015258789,85.77999877929688,85.33999633789062,85.72000122070312,5357500
2022-12-20,70.27880096435547,84.97000122070312,85.2300033569336,84.75,84.93000030517578,5477500
2022-12-21,71.19686126708984,86.08000183105469,86.18000030517578,85.63999938964844,85.75,6668600
2022-12-22,70.83295440673828,85.63999938964844,86.04000091552734,85.41000366210938,86.04000091552734,4473700
2022-12-23,70.45248413085938,85.18000030517578,85.4800033569336,84.9800033569336,85.37999725341797,2268000
2022-12-27,70.03064727783203,84.66999816894531,85.08000183105469,84.62999725341797,85.05999755859375,2358600
2022-12-28,69.77427673339844,84.36000061035156,85.11000061035156,84.27999877929688,84.83999633789062,5823400
2022-12-29,70.31188201904297,85.01000213623047,85.12999725341797,84.62000274658203,84.95999908447266,4332000
2022-12-30,69.9644775390625,84.58999633789062,84.86000061035156,84.41999816894531,84.70999908447266,2465700
2023-01-03,70.27050018310547,84.95999908447266,85.62000274658203,84.91000366210938,85.5999984741211,6537900
2023-01-04,71.1307144165039,86.0,86.08999633789062,85.52999877929688,85.66999816894531,6395700
2023-01-05,70.48556518554688,85.22000122070312,85.37999725341797,84.87999725341797,85.16999816894531,6627500
2023-01-06,71.73450469970703,86.7300033569336,86.75,85.2300033569336,85.3499984741211,8135400
2023-01-09,71.59387969970703,86.55999755859375,86.91999816894531,86.1500015258789,86.26000213623047,8375400
2023-01-10,71.14724731445312,86.0199966430664,86.13999938964844,85.73999786376953,86.13999938964844,8733300
2023-01-11,71.95781707763672,87.0,87.16999816894531,86.75,87.0,21637000
2023-01-12,72.8097152709961,88.02999877929688,88.16000366210938,86.66000366210938,87.41000366210938,11072000
2023-01-13,72.63603210449219,87.81999969482422,88.20999908447266,87.62000274658203,87.66000366210938,7729700
2023-01-17,72.71049499511719,87.91000366210938,88.04000091552734,87.25,87.31999969482422,7286400
2023-01-18,73.57064819335938,88.94999694824219,89.4800033569336,88.61000061035156,89.08000183105469,13413400
2023-01-19,73.36389923095703,88.69999694824219,88.83999633789062,88.27999877929688,88.62999725341797,10619900
2023-01-20,73.1984634399414,88.5,88.54000091552734,88.18000030517578,88.33000183105469,6131600
2023-01-23,73.1571044921875,88.44999694824219,88.6500015258789,88.25,88.3499984741211,4270800
2023-01-24,73.47968292236328,88.83999633789062,88.87000274658203,88.0199966430664,88.18000030517578,6428700
2023-01-25,73.4300537109375,88.77999877929688,88.80000305175781,88.30999755859375,88.45999908447266,6291200
2023-01-26,73.4300537109375,88.77999877929688,88.80999755859375,88.20999908447266,88.5199966430664,5835000
2023-01-27,73.28944396972656,88.61000061035156,88.75,88.2699966430664,88.2699966430664,4154600
2023-01-30,72.35481262207031,87.4800033569336,88.25,87.4800033569336,87.91999816894531,6648700
2023-01-31,72.71049499511719,87.91000366210938,87.97000122070312,87.5,87.69999694824219,10027600
2023-02-01,74.09000396728516,89.26000213623047,89.31999969482422,87.87000274658203,88.0199966430664,8472000
2023-02-02,74.33071899414062,89.55000305175781,89.97000122070312,89.33000183105469,89.79000091552734,14188400
2023-02-03,73.30976104736328,88.31999969482422,88.79000091552734,88.23999786376953,88.37000274658203,9056000
2023-02-06,72.27220153808594,87.06999969482422,87.58000183105469,87.0,87.5,8997700
2023-02-07,72.338623046875,87.1500015258789,87.81999969482422,86.76000213623047,87.05999755859375,8378700
2023-02-08,72.29710388183594,87.0999984741211,87.23999786376953,86.66000366210938,87.1500015258789,7534900
2023-02-09,71.82398986816406,86.52999877929688,87.63999938964844,86.38999938964844,87.52999877929688,7788500
2023-02-10,71.26786041259766,85.86000061035156,86.33999633789062,85.55000305175781,86.30000305175781,10120200
2023-02-13,71.467041015625,86.0999984741211,86.25,85.87000274658203,86.11000061035156,6715100
2023-02-14,71.50855255126953,86.1500015258789,86.37000274658203,85.72000122070312,86.19999694824219,13109600
2023-02-15,71.30101776123047,85.9000015258789,86.05999755859375,85.69000244140625,85.9000015258789,8657100
2023-02-16,70.83621978759766,85.33999633789062,85.80999755859375,85.31999969482422,85.69000244140625,8208900
2023-02-17,70.86112976074219,85.37000274658203,85.44000244140625,85.01000213623047,85.11000061035156,8941400
2023-02-21,69.79035949707031,84.08000183105469,84.75,84.01000213623047,84.69999694824219,7284700
2023-02-22,70.06429290771484,84.41000366210938,84.83000183105469,84.33000183105469,84.5999984741211,8897100
2023-02-23,71.18484497070312,85.76000213623047,85.83999633789062,85.05000305175781,85.31999969482422,7930200
2023-02-24,70.69512939453125,85.16999816894531,85.3499984741211,84.8499984741211,85.0,5162400
2023-02-27,71.05204010009766,85.5999984741211,85.70999908447266,85.2699966430664,85.62000274658203,6826400
2023-02-28,70.75322723388672,85.23999786376953,85.37999725341797,84.80000305175781,85.19000244140625,5695100
2023-03-01,70.28549194335938,84.30000305175781,84.8499984741211,84.23999786376953,84.75,7304200
2023-03-02,70.02699279785156,83.98999786376953,84.08000183105469,83.5999984741211,83.70999908447266,8891400
2023-03-03,71.10254669189453,85.27999877929688,85.30000305175781,84.5,84.5999984741211,6299900
2023-03-06,70.81907653808594,84.94000244140625,85.48999786376953,84.87000274658203,85.47000122070312,4664800
2023-03-07,70.52728271484375,84.58999633789062,85.12999725341797,84.41999816894531,85.11000061035156,6995000
2023-03-08,70.19377136230469,84.19000244140625,84.98999786376953,84.08000183105469,84.58000183105469,6783900
2023-03-09,70.21045684814453,84.20999908447266,84.69999694824219,84.0999984741211,84.41999816894531,11879300
2023-03-10,70.86909484863281,85.0,85.18000030517578,84.63999938964844,84.87999725341797,8826200
2023-03-13,70.7523422241211,84.86000061035156,85.6500015258789,84.7300033569336,84.75,14656800
2023-03-14,70.56061553955078,84.62999725341797,85.19000244140625,84.51000213623047,84.88999938964844,7247100
2023-03-15,70.81907653808594,84.94000244140625,84.94999694824219,84.30000305175781,84.5999984741211,11381500
2023-03-16,70.51892852783203,84.58000183105469,85.16000366210938,84.37999725341797,85.0,7268600
2023-03-17,70.20211791992188,84.19999694824219,84.6500015258789,84.19000244140625,84.5999984741211,20251600
2023-03-20,70.21045684814453,84.20999908447266,84.55999755859375,84.06999969482422,84.06999969482422,9517700
2023-03-21,70.71070861816406,84.80999755859375,84.91999816894531,84.62000274658203,84.79000091552734,5544000
2023-03-22,71.32766723632812,85.55000305175781,86.05999755859375,84.62999725341797,84.77999877929688,9077600
2023-03-23,71.58613586425781,85.86000061035156,85.86000061035156,85.33000183105469,85.51000213623047,6410200
2023-03-24,71.19428253173828,85.38999938964844,85.83999633789062,85.33999633789062,85.5999984741211,4949900
2023-03-27,70.89411926269531,85.02999877929688,85.27999877929688,84.98999786376953,85.05000305175781,4239500
2023-03-28,70.64398956298828,84.7300033569336,85.04000091552734,84.56999969482422,85.01000213623047,11901400
2023-03-29,70.98582458496094,85.13999938964844,85.16000366210938,84.91000366210938,84.9800033569336,6385500
2023-03-30,71.47774505615234,85.7300033569336,85.7699966430664,85.41000366210938,85.56999969482422,6493100
2023-03-31,71.93628692626953,86.27999877929688,86.4000015258789,85.80000305175781,85.83000183105469,7196100
2023-04-03,72.20591735839844,86.23999786376953,86.3499984741211,85.8499984741211,85.9800033569336,6277000
2023-04-04,72.30638122558594,86.36000061035156,86.44999694824219,86.04000091552734,86.0999984741211,4683200
2023-04-05,72.15568542480469,86.18000030517578,86.41999816894531,85.93000030517578,86.19000244140625,4970000
2023-04-06,72.080322265625,86.08999633789062,86.23999786376953,86.0199966430664,86.19000244140625,3563700
2023-04-10,71.70356750488281,85.63999938964844,85.70999908447266,85.44999694824219,85.63999938964844,4056100
2023-04-11,71.7789077758789,85.7300033569336,85.9000015258789,85.66999816894531,85.8499984741211,4433000
2023-04-12,71.98821258544922,85.9800033569336,86.33999633789062,85.73999786376953,86.2300033569336,4639100
2023-04-13,72.06356811523438,86.06999969482422,86.3499984741211,86.0,86.16999816894531,2987600
2023-04-14,71.9128646850586,85.88999938964844,86.05999755859375,85.66999816894531,85.88999938964844,4158300
2023-04-17,71.45235443115234,85.33999633789062,85.72000122070312,85.18000030517578,85.70999908447266,6169600
2023-04-18,71.43560791015625,85.31999969482422,85.5999984741211,85.23999786376953,85.23999786376953,4666100
2023-04-19,71.09234619140625,84.91000366210938,85.08999633789062,84.87000274658203,85.0,5465800
2023-04-20,71.0086441040039,84.80999755859375,85.04000091552734,84.76000213623047,84.83999633789062,6161300
2023-04-21,71.01700592041016,84.81999969482422,85.12000274658203,84.63999938964844,85.01000213623047,2954900
2023-04-24,71.20957946777344,85.05000305175781,85.08999633789062,84.70999908447266,84.70999908447266,4877100
2023-04-25,71.64492797851562,85.56999969482422,85.68000030517578,85.20999908447266,85.20999908447266,4325800
2023-04-26,71.45235443115234,85.33999633789062,85.76000213623047,85.27999877929688,85.69000244140625,5070500
2023-04-27,71.46910095214844,85.36000061035156,85.45999908447266,85.27999877929688,85.43000030517578,3661100
2023-04-28,72.13055419921875,86.1500015258789,86.1500015258789,85.68000030517578,85.68000030517578,7019700
2023-05-01,71.41596221923828,84.94999694824219,85.56999969482422,84.81999969482422,85.37999725341797,7072300
2023-05-02,71.71864318847656,85.30999755859375,85.41000366210938,85.04000091552734,85.11000061035156,4142900
2023-05-03,71.94561767578125,85.58000183105469,85.81999969482422,85.4000015258789,85.55000305175781,3694700
2023-05-04,71.5841064453125,85.1500015258789,85.58999633789062,85.11000061035156,85.58999633789062,6763800
2023-05-05,71.78588104248047,85.38999938964844,85.47000122070312,85.08999633789062,85.13999938964844,4066400
2023-05-08,71.50005340576172,85.05000305175781,85.22000122070312,84.97000122070312,85.22000122070312,3406100
2023-05-09,71.4664077758789,85.01000213623047,85.11000061035156,84.88999938964844,85.0,3094500
2023-05-10,71.86151885986328,85.4800033569336,85.54000091552734,85.33999633789062,85.44999694824219,3712700
2023-05-11,72.08853149414062,85.75,85.87999725341797,85.5999984741211,85.76000213623047,3556600
2023-05-12,71.63455200195312,85.20999908447266,85.66999816894531,85.18000030517578,85.58000183105469,5072200
2023-05-15,71.32350158691406,84.83999633789062,84.94999694824219,84.79000091552734,84.83999633789062,4737000
2023-05-16,71.04607391357422,84.51000213623047,84.73999786376953,84.47000122070312,84.68000030517578,2822800
2023-05-17,71.0544662475586,84.5199966430664,84.72000122070312,84.44000244140625,84.6500015258789,4034600
2023-05-18,70.76866912841797,84.18000030517578,84.43000030517578,84.1500015258789,84.3499984741211,4421200
2023-05-19,70.76024627685547,84.16999816894531,84.45999908447266,84.1500015258789,84.30999755859375,4407400
2023-05-22,70.75184631347656,84.16000366210938,84.37999725341797,84.08999633789062,84.31999969482422,3578900
2023-05-23,70.8359146118164,84.26000213623047,84.30000305175781,83.98999786376953,84.2300033569336,3190700
2023-05-24,70.71822357177734,84.12000274658203,84.45999908447266,84.02999877929688,84.45999908447266,4770700
2023-05-25,70.53326416015625,83.9000015258789,84.33999633789062,83.80000305175781,84.2699966430664,4019000
2023-05-26,70.82748413085938,84.25,84.29000091552734,83.88999938964844,83.88999938964844,4146700
2023-05-30,71.36556243896484,84.88999938964844,84.91000366210938,84.4800033569336,84.52999877929688,4482100
2023-05-31,71.27306365966797,84.77999877929688,84.9800033569336,84.51000213623047,84.51000213623047,4623600
2023-06-01,71.74835968017578,84.98999786376953,84.98999786376953,84.38999938964844,84.5,9882600
2023-06-02,71.63859558105469,84.86000061035156,85.12999725341797,84.80999755859375,85.06999969482422,4724100
2023-06-05,71.87496948242188,85.13999938964844,85.16000366210938,84.7699966430664,84.91000366210938,6430300
2023-06-06,72.00160217285156,85.29000091552734,85.33000183105469,84.83999633789062,85.04000091552734,3854300
2023-06-07,71.57950592041016,84.79000091552734,85.33999633789062,84.77999877929688,85.22000122070312,3861300
2023-06-08,71.98473358154297,85.2699966430664,85.27999877929688,84.79000091552734,84.80999755859375,4117700
2023-06-09,71.90032958984375,85.16999816894531,85.33999633789062,85.08999633789062,85.12999725341797,3415200
2023-06-12,72.29705810546875,85.63999938964844,85.68000030517578,85.2300033569336,85.47000122070312,5517600
2023-06-13,72.18733978271484,85.51000213623047,85.91000366210938,85.31999969482422,85.72000122070312,3637300
2023-06-14,72.33929443359375,85.69000244140625,85.88999938964844,85.26000213623047,85.54000091552734,3561100
2023-06-15,72.71072387695312,86.12999725341797,86.12999725341797,85.69999694824219,85.8499984741211,5592400
2023-06-16,72.42371368408203,85.79000091552734,86.02999877929688,85.70999908447266,86.0199966430664,2511600
2023-06-20,72.45747375488281,85.83000183105469,86.12999725341797,85.81999969482422,85.9000015258789,3889800
2023-06-21,72.83733367919922,86.27999877929688,86.44999694824219,85.69999694824219,85.93000030517578,11177200
2023-06-22,72.55876922607422,85.94999694824219,86.16999816894531,85.86000061035156,86.11000061035156,3848200
2023-06-23,72.64321899414062,86.05000305175781,86.41000366210938,86.05000305175781,86.18000030517578,2917300
2023-06-26,72.8711166381836,86.31999969482422,86.41999816894531,86.19999694824219,86.27999877929688,3700900
2023-06-27,72.8711166381836,86.31999969482422,86.52999877929688,86.20999908447266,86.37000274658203,4381300
2023-06-28,72.9217758178711,86.37999725341797,86.44000244140625,86.16999816894531,86.33999633789062,4503600
2023-06-29,72.53347778320312,85.91999816894531,86.05000305175781,85.76000213623047,86.05000305175781,4319000
2023-06-30,73.05683135986328,86.54000091552734,86.62000274658203,86.12999725341797,86.18000030517578,4943300
2023-07-03,73.19754791259766,86.36000061035156,86.41000366210938,86.12000274658203,86.22000122070312,5083100
2023-07-05,72.82463836669922,85.91999816894531,86.20999908447266,85.81999969482422,86.20999908447266,5234100
2023-07-06,71.7820816040039,84.69000244140625,85.27999877929688,84.55000305175781,85.27999877929688,7823100
2023-07-07,71.69731140136719,84.58999633789062,84.9000015258789,84.2699966430664,84.52999877929688,5414500
2023-07-10,72.00242614746094,84.94999694824219,85.01000213623047,84.69000244140625,84.69000244140625,3788700
2023-07-11,72.46014404296875,85.48999786376953,85.5199966430664,85.29000091552734,85.37000274658203,5984500
2023-07-12,73.32467651367188,86.51000213623047,86.58000183105469,86.16999816894531,86.20999908447266,4950600
2023-07-13,74.12141418457031,87.44999694824219,87.52999877929688,87.01000213623047,87.19000244140625,6892500
2023-07-14,73.68914031982422,86.94000244140625,87.30000305175781,86.93000030517578,87.25,3907100
2023-07-17,73.7993392944336,87.06999969482422,87.13999938964844,86.8499984741211,86.87999725341797,2214500
2023-07-18,74.1637954711914,87.5,87.5999984741211,87.12999725341797,87.1500015258789,5535800
2023-07-19,73.96037292480469,87.26000213623047,87.62999725341797,87.13999938964844,87.45999908447266,6555500
2023-07-20,73.51114654541016,86.7300033569336,86.94999694824219,86.58000183105469,86.94000244140625,6902800
2023-07-21,73.74003601074219,87.0,87.13999938964844,86.87000274658203,86.95999908447266,6036800
2023-07-24,73.88408660888672,87.16999816894531,87.45999908447266,87.11000061035156,87.33000183105469,5910100
2023-07-25,73.79086303710938,87.05999755859375,87.16000366210938,86.81999969482422,86.94000244140625,3301300
2023-07-26,74.0281753540039,87.33999633789062,87.47000122070312,87.05000305175781,87.23999786376953,3514400
2023-07-27,73.32467651367188,86.51000213623047,87.41999816894531,86.47000122070312,87.41000366210938,6565000
2023-07-28,74.21466827392578,87.55999755859375,87.56999969482422,86.98999786376953,87.08000183105469,4310300
2023-07-31,74.31636047363281,87.68000030517578,87.79000091552734,87.51000213623047,87.63999938964844,4705600
2023-08-01,73.57433319091797,86.45999908447266,86.93000030517578,86.45999908447266,86.87999725341797,8951300
2023-08-02,73.04671478271484,85.83999633789062,86.29000091552734,85.52999877929688,86.29000091552734,8745800
2023-08-03,72.42552185058594,85.11000061035156,85.43000030517578,85.08999633789062,85.37999725341797,7354000
2023-08-04,73.3871078491211,86.23999786376953,86.4000015258789,85.69999694824219,85.69999694824219,6336600
2023-08-07,73.14884948730469,85.95999908447266,86.20999908447266,85.91999816894531,86.11000061035156,2721200
2023-08-08,73.33606719970703,86.18000030517578,86.27999877929688,86.0,86.20999908447266,4013300
2023-08-09,73.48922729492188,86.36000061035156,86.4000015258789,86.16999816894531,86.29000091552734,3013000
2023-08-10,73.20840454101562,86.02999877929688,86.72000122070312,86.0199966430664,86.41000366210938,4229100
2023-08-11,73.0382308959961,85.83000183105469,86.13999938964844,85.7699966430664,86.05000305175781,4950500
2023-08-14,72.4510269165039,85.13999938964844,85.4000015258789,85.0999984741211,85.38999938964844,4343600
2023-08-15,71.8383560180664,84.41999816894531,84.7699966430664,84.41000366210938,84.7300033569336,8907200
2023-08-16,71.70221710205078,84.26000213623047,84.68000030517578,84.25,84.58999633789062,6894600
2023-08-17,71.64263916015625,84.19000244140625,84.30000305175781,84.01000213623047,84.20999908447266,6233600
2023-08-18,71.62561798095703,84.16999816894531,84.4000015258789,84.04000091552734,84.11000061035156,4198800
2023-08-21,71.26821899414062,83.75,84.08999633789062,83.62999725341797,84.08999633789062,5360900
2023-08-22,71.46394348144531,83.9800033569336,84.08000183105469,83.86000061035156,83.97000122070312,5616800
2023-08-23,72.61276245117188,85.33000183105469,85.33000183105469,84.58999633789062,84.62999725341797,5303800
2023-08-24,72.11917114257812,84.75,85.19000244140625,84.70999908447266,85.19000244140625,5073700
2023-08-25,72.22980499267578,84.87999725341797,85.1500015258789,84.61000061035156,84.80999755859375,4679700
2023-08-28,72.4595718383789,85.1500015258789,85.23999786376953,85.0,85.0999984741211,3304400
2023-08-29,73.20840454101562,86.02999877929688,86.05000305175781,85.12000274658203,85.12999725341797,5650000
2023-08-30,73.0126953125,85.80000305175781,85.9800033569336,85.72000122070312,85.80999755859375,3956700
2023-08-31,72.9446029663086,85.72000122070312,85.8499984741211,85.68000030517578,85.68000030517578,3925100
2023-09-01,72.76432037353516,85.1500015258789,85.56999969482422,84.80999755859375,85.52999877929688,5214400
2023-09-05,72.05503845214844,84.31999969482422,84.87999725341797,84.30000305175781,84.83999633789062,5055600
2023-09-06,71.94395446777344,84.19000244140625,84.44000244140625,84.06999969482422,84.30999755859375,5023300
2023-09-07,72.32847595214844,84.63999938964844,84.6500015258789,84.29000091552734,84.33999633789062,3756900
2023-09-08,72.38831329345703,84.70999908447266,85.0199966430664,84.5999984741211,84.83999633789062,3568000
2023-09-11,72.27721405029297,84.58000183105469,84.5999984741211,84.41999816894531,84.47000122070312,2913700
2023-09-12,72.32847595214844,84.63999938964844,84.66999816894531,84.44000244140625,84.52999877929688,2630600
2023-09-13,72.37123107910156,84.69000244140625,84.80000305175781,84.45999908447266,84.63999938964844,3380600
2023-09-14,72.3968505859375,84.72000122070312,84.9800033569336,84.68000030517578,84.8499984741211,5665500
2023-09-15,72.15757751464844,84.44000244140625,84.6500015258789,84.43000030517578,84.63999938964844,5196300
2023-09-18,72.2002944946289,84.48999786376953,84.55999755859375,84.3499984741211,84.38999938964844,2504100
2023-09-19,72.11485290527344,84.38999938964844,84.48999786376953,84.30000305175781,84.41000366210938,3252200
2023-09-20,72.05503845214844,84.31999969482422,84.87000274658203,84.31999969482422,84.6500015258789,5410200
2023-09-21,71.32868194580078,83.47000122070312,83.77999877929688,83.33999633789062,83.73999786376953,9740000
2023-09-22,71.6192398071289,83.80999755859375,84.0199966430664,83.69999694824219,83.75,4928300
2023-09-25,71.20903778076172,83.33000183105469,83.47000122070312,83.27999877929688,83.47000122070312,5234100
2023-09-26,70.73905181884766,82.77999877929688,83.31999969482422,82.69000244140625,83.2699966430664,12528200
2023-09-27,70.43143463134766,82.41999816894531,83.18000030517578,82.30999755859375,83.08999633789062,8379700
2023-09-28,70.59376525878906,82.61000061035156,82.62000274658203,81.83999633789062,82.02999877929688,9125200
2023-09-29,70.51686096191406,82.5199966430664,83.12999725341797,82.41999816894531,83.08999633789062,6968200
2023-10-02,69.7470474243164,81.2699966430664,81.88999938964844,81.25,81.81999969482422,9072800
2023-10-03,68.96607208251953,80.36000061035156,81.1500015258789,80.22000122070312,81.0199966430664,8120300
2023-10-04,69.29217529296875,80.73999786376953,80.83999633789062,80.31999969482422,80.69999694824219,8236500
2023-10-05,69.26643371582031,80.70999908447266,81.04000091552734,80.58000183105469,80.98999786376953,4510100
2023-10-06,69.29217529296875,80.73999786376953,80.88999938964844,79.83999633789062,80.04000091552734,7133400
2023-10-09,69.63546752929688,81.13999938964844,81.16000366210938,80.37000274658203,80.62999725341797,3437800
2023-10-10,69.7470474243164,81.2699966430664,81.7699966430664,80.95999908447266,81.05000305175781,8594900
2023-10-11,70.31346893310547,81.93000030517578,81.93000030517578,81.51000213623047,81.86000061035156,6297200
2023-10-12,69.57540130615234,81.06999969482422,81.75,80.93000030517578,81.75,6076200
2023-10-13,69.77278137207031,81.30000305175781,81.76000213623047,81.18000030517578,81.62999725341797,6175000
2023-10-16,69.695556640625,81.20999908447266,81.30999755859375,81.05000305175781,81.05999755859375,4714200
2023-10-17,69.36084747314453,80.81999969482422,80.9800033569336,80.58000183105469,80.62000274658203,4325300
2023-10-18,68.91458129882812,80.30000305175781,80.56999969482422,80.0999984741211,80.47000122070312,6891700
2023-10-19,68.40821075439453,79.70999908447266,80.66000366210938,79.69999694824219,80.18000030517578,9761700
2023-10-20,68.78585052490234,80.1500015258789,80.29000091552734,80.0,80.19000244140625,6853500
2023-10-23,69.18060302734375,80.61000061035156,80.91999816894531,79.87000274658203,80.02999877929688,6475900
2023-10-24,69.72987365722656,81.25,81.27999877929688,80.72000122070312,80.87999725341797,5009200
2023-10-25,69.20639038085938,80.63999938964844,80.97000122070312,80.55000305175781,80.91999816894531,5211400
2023-10-26,69.48098754882812,80.95999908447266,81.08000183105469,80.66000366210938,80.80000305175781,5260400
2023-10-27,69.51531982421875,81.0,81.08000183105469,80.77999877929688,81.0,3549800
2023-10-30,69.695556640625,81.20999908447266,81.27999877929688,80.93000030517578,81.04000091552734,4727100
2023-10-31,69.6783676147461,81.19000244140625,81.51000213623047,81.16999816894531,81.29000091552734,5369200
2023-11-01,70.5938949584961,81.88999938964844,81.93000030517578,80.87999725341797,80.97000122070312,12803100
2023-11-02,71.30078125,82.70999908447266,82.95999908447266,82.5,82.61000061035156,9214200
2023-11-03,71.99905395507812,83.5199966430664,83.87000274658203,83.44000244140625,83.55000305175781,9055000
2023-11-06,71.40421295166016,82.83000183105469,83.25,82.7699966430664,83.19999694824219,7707800
2023-11-07,71.6456069946289,83.11000061035156,83.25,82.88999938964844,82.94000244140625,5946400
2023-11-08,71.7835464477539,83.2699966430664,83.29000091552734,83.06999969482422,83.08000183105469,4679200
2023-11-09,71.05078887939453,82.41999816894531,83.0999984741211,82.29000091552734,83.01000213623047,6049700
2023-11-10,71.36112976074219,82.77999877929688,82.80999755859375,82.4800033569336,82.68000030517578,5256700
2023-11-13,70.98180389404297,82.33999633789062,82.5,82.01000213623047,82.20999908447266,5480400
2023-11-14,72.21455383300781,83.7699966430664,83.86000061035156,83.38999938964844,83.44999694824219,11433000
2023-11-15,71.76628112792969,83.25,83.66000366210938,83.19000244140625,83.55999755859375,5009800
2023-11-16,72.36112976074219,83.94000244140625,84.04000091552734,83.5999984741211,83.5999984741211,6221400
2023-11-17,72.59386444091797,84.20999908447266,84.31999969482422,83.9800033569336,84.11000061035156,6150700
2023-11-20,73.05074310302734,84.73999786376953,84.83999633789062,84.0,84.06999969482422,5572400
2023-11-21,73.05074310302734,84.73999786376953,84.93000030517578,84.52999877929688,84.77999877929688,4787600
2023-11-22,73.4128189086914,85.16000366210938,85.16999816894531,84.62000274658203,84.9000015258789,8192200
2023-11-24,73.26628112792969,84.98999786376953,85.08000183105469,84.87999725341797,85.0,1816800
2023-11-27,73.58522033691406,85.36000061035156,85.4000015258789,84.8499984741211,84.98999786376953,5156700
2023-11-28,73.96453094482422,85.80000305175781,85.83000183105469,85.05999755859375,85.20999908447266,16016500
2023-11-29,74.55074310302734,86.4800033569336,86.4800033569336,86.08000183105469,86.19999694824219,7601600
2023-11-30,74.02487182617188,85.87000274658203,86.30999755859375,85.63999938964844,86.29000091552734,8840400
2023-12-01,75.16028594970703,86.8499984741211,86.86000061035156,85.37999725341797,85.5,12641400
2023-12-04,74.64103698730469,86.25,86.30000305175781,85.93000030517578,86.18000030517578,6375900
2023-12-05,75.07376861572266,86.75,86.88999938964844,86.43000030517578,86.58000183105469,5618200
2023-12-06,75.48916625976562,87.2300033569336,87.30999755859375,86.94000244140625,87.26000213623047,7588800
2023-12-07,75.4112548828125,87.13999938964844,87.41000366210938,87.05999755859375,87.05999755859375,5604900
2023-12-08,75.1516342163086,86.83999633789062,86.91999816894531,86.5999984741211,86.66000366210938,7276300
2023-12-11,75.03046417236328,86.69999694824219,86.80000305175781,86.37999725341797,86.68000030517578,5497300
2023-12-12,75.18623352050781,86.87999725341797,86.94999694824219,86.4800033569336,86.7300033569336,8047900
2023-12-13,76.43242645263672,88.31999969482422,88.31999969482422,86.91999816894531,87.0199966430664,13651500
2023-12-14,77.2266616821289,88.87000274658203,89.05999755859375,88.61000061035156,88.7300033569336,9352500
2023-12-15,77.12240600585938,88.75,88.98999786376953,88.5999984741211,88.7699966430664,5146200
2023-12-18,77.13978576660156,88.7699966430664,88.94000244140625,88.58999633789062,88.83000183105469,6359600
2023-12-19,77.33094787597656,88.98999786376953,89.13999938964844,88.77999877929688,88.80999755859375,4787700
2023-12-20,77.33965301513672,89.0,89.16999816894531,88.95999908447266,89.0199966430664,3027600
2023-12-21,77.47866821289062,89.16000366210938,89.4800033569336,88.94999694824219,89.37999725341797,2706800
2023-12-22,77.37440490722656,89.04000091552734,89.30999755859375,88.94000244140625,89.18000030517578,1791700
2023-12-26,77.6524887084961,89.36000061035156,89.36000061035156,88.91000366210938,88.94999694824219,2646100
2023-12-27,77.93055725097656,89.68000030517578,89.7300033569336,89.3499984741211,89.4800033569336,3327200
2023-12-28,77.71329498291016,89.43000030517578,89.5999984741211,89.26000213623047,89.41999816894531,2700200
2023-12-29,77.39176940917969,89.05999755859375,89.44000244140625,89.04000091552734,89.20999908447266,3815500
2024-01-02,76.62710571289062,88.18000030517578,88.7699966430664,88.08999633789062,88.73999786376953,11544700
2024-01-03,76.33160400390625,87.83999633789062,87.88999938964844,87.20999908447266,87.51000213623047,12091700
2024-01-04,75.98402404785156,87.44000244140625,87.5999984741211,87.2699966430664,87.2699966430664,6256600
2024-01-05,75.7494125366211,87.16999816894531,87.95999908447266,86.94000244140625,86.9800033569336,9775000
2024-01-08,75.84498596191406,87.27999877929688,87.48999786376953,86.97000122070312,86.97000122070312,6378700
2024-01-09,75.549560546875,86.94000244140625,87.16999816894531,86.81999969482422,86.81999969482422,7946800
2024-01-10,76.08828735351562,87.55999755859375,87.66999816894531,87.38999938964844,87.4800033569336,5611000
2024-01-11,76.77478790283203,88.3499984741211,88.4000015258789,87.62000274658203,87.88999938964844,7736900
2024-01-12,76.91382598876953,88.51000213623047,88.77999877929688,88.37999725341797,88.44999694824219,7683800
2024-01-16,76.2012939453125,87.69000244140625,88.29000091552734,87.55999755859375,88.29000091552734,4901100
2024-01-17,75.9145278930664,87.36000061035156,87.44999694824219,87.13999938964844,87.4000015258789,7209800
2024-01-18,75.99272155761719,87.44999694824219,87.6500015258789,87.19999694824219,87.51000213623047,5795600
2024-01-19,76.0274658203125,87.48999786376953,87.48999786376953,87.08999633789062,87.4000015258789,6268200
2024-01-22,76.0796127319336,87.55000305175781,87.69999694824219,87.30999755859375,87.52999877929688,7577600
2024-01-23,75.68858337402344,87.0999984741211,87.29000091552734,86.79000091552734,87.19000244140625,7750000
2024-01-24,75.4800033569336,86.86000061035156,87.4800033569336,86.7699966430664,87.30999755859375,6172900
2024-01-25,76.0187759399414,87.4800033569336,87.4800033569336,87.1500015258789,87.18000030517578,6469800
2024-01-26,76.13176727294922,87.61000061035156,87.66000366210938,87.27999877929688,87.44000244140625,3695900
2024-01-29,76.41852569580078,87.94000244140625,88.0199966430664,87.37000274658203,87.80999755859375,4938200
2024-01-30,76.59231567382812,88.13999938964844,88.1500015258789,87.7300033569336,87.94999694824219,4118500
2024-01-31,76.45328521728516,87.9800033569336,88.52999877929688,87.80999755859375,88.18000030517578,7832100
2024-02-01,77.09642028808594,88.3499984741211,88.5199966430664,87.9800033569336,88.0999984741211,11164700
2024-02-02,76.4768295288086,87.63999938964844,87.83000183105469,87.45999908447266,87.58999633789062,8210600
2024-02-05,75.83109283447266,86.9000015258789,87.26000213623047,86.77999877929688,87.19999694824219,9149600
2024-02-06,76.5204849243164,87.69000244140625,87.80999755859375,87.18000030517578,87.27999877929688,6415500
2024-02-07,76.41577911376953,87.56999969482422,87.76000213623047,87.44999694824219,87.62999725341797,6450300
2024-02-08,76.31977081298828,87.45999908447266,87.62000274658203,87.41000366210938,87.45999908447266,5166300
2024-02-09,76.34596252441406,87.48999786376953,87.48999786376953,87.18000030517578,87.2300033569336,3689300
2024-02-12,76.41577911376953,87.56999969482422,87.69999694824219,87.48999786376953,87.55000305175781,3728200
2024-02-13,75.47332763671875,86.48999786376953,86.88999938964844,86.41999816894531,86.77999877929688,10951600
2024-02-14,75.98816680908203,87.08000183105469,87.18000030517578,86.76000213623047,86.77999877929688,4939200
2024-02-15,76.60773468017578,87.79000091552734,87.80000305175781,87.4000015258789,87.58000183105469,7131300
2024-02-16,76.08416748046875,87.19000244140625,87.44000244140625,87.13999938964844,87.22000122070312,6211200
2024-02-20,76.07544708251953,87.18000030517578,87.36000061035156,87.1500015258789,87.16000366210938,3810100
2024-02-21,76.01434326171875,87.11000061035156,87.45999908447266,87.01000213623047,87.37000274658203,5773300
2024-02-22,76.49431610107422,87.66000366210938,87.7300033569336,87.30999755859375,87.30999755859375,6108600
2024-02-23,76.92189025878906,88.1500015258789,88.27999877929688,87.81999969482422,87.83000183105469,6189200
2024-02-26,76.70372772216797,87.9000015258789,88.4000015258789,87.88999938964844,88.30999755859375,6410900
2024-02-27,76.63392639160156,87.81999969482422,87.94999694824219,87.70999908447266,87.9000015258789,5653000
2024-02-28,76.79100036621094,88.0,88.05999755859375,87.83000183105469,87.91999816894531,6391900
2024-02-29,77.05279541015625,88.30000305175781,88.41999816894531,88.26000213623047,88.36000061035156,6174300
2024-03-01,77.50501251220703,88.43000030517578,88.5199966430664,87.69000244140625,87.94999694824219,7205200
2024-03-04,77.43489837646484,88.3499984741211,88.43000030517578,88.20999908447266,88.43000030517578,6826100
2024-03-05,77.60144805908203,88.54000091552734,88.75,88.41000366210938,88.5199966430664,8346000
2024-03-06,77.89066314697266,88.87000274658203,89.06999969482422,88.77999877929688,88.91999816894531,6322200
2024-03-07,78.10103607177734,89.11000061035156,89.2300033569336,88.91999816894531,89.19000244140625,9071100
2024-03-08,78.18867492675781,89.20999908447266,89.51000213623047,89.13999938964844,89.23999786376953,5010300
2024-03-11,78.06597900390625,89.06999969482422,89.29000091552734,89.04000091552734,89.22000122070312,5336100
2024-03-12,77.96076965332031,88.94999694824219,89.0199966430664,88.73999786376953,88.91999816894531,5657800
2024-03-13,78.0396728515625,89.04000091552734,89.22000122070312,88.95999908447266,89.0,5381400
2024-03-14,77.64527893066406,88.58999633789062,89.16999816894531,88.52999877929688,89.08000183105469,13262600
2024-03-15,77.39985656738281,88.30999755859375,88.48999786376953,88.30000305175781,88.47000122070312,5383100
2024-03-18,77.44368743896484,88.36000061035156,88.44999694824219,88.30999755859375,88.37999725341797,6625100
2024-03-19,77.80303192138672,88.7699966430664,88.98999786376953,88.45999908447266,88.51000213623047,5647900
2024-03-20,78.1711196899414,89.19000244140625,89.27999877929688,88.69999694824219,89.0,5660700
2024-03-21,78.4428482055664,89.5,89.81999969482422,89.45999908447266,89.79000091552734,5595300
2024-03-22,78.6969985961914,89.79000091552734,89.9800033569336,89.5999984741211,89.5999984741211,6202500
2024-03-25,78.63568115234375,89.72000122070312,89.72000122070312,89.55000305175781,89.62999725341797,5487300
2024-03-26,78.62688446044922,89.70999908447266,89.79000091552734,89.62999725341797,89.69999694824219,4173200
2024-03-27,78.95117950439453,90.08000183105469,90.08000183105469,89.68000030517578,89.72000122070312,5799200
2024-03-28,78.59181213378906,89.66999816894531,90.06999969482422,89.6500015258789,90.06999969482422,5938500
2024-04-01,78.25390625,88.91999816894531,89.38999938964844,88.7300033569336,89.38999938964844,5906000
2024-04-02,78.28910064697266,88.95999908447266,88.9800033569336,88.36000061035156,88.38999938964844,11510400
2024-04-03,78.45630645751953,89.1500015258789,89.16999816894531,88.51000213623047,88.69999694824219,6781000
2024-04-04,78.42110443115234,89.11000061035156,89.58000183105469,89.05000305175781,89.4800033569336,6796000
2024-04-05,78.54431915283203,89.25,89.33000183105469,88.79000091552734,88.79000091552734,6478900
2024-04-08,78.57070922851562,89.27999877929688,89.31999969482422,88.33000183105469,88.33000183105469,4387000
2024-04-09,79.09871673583984,89.87999725341797,89.87999725341797,89.5999984741211,89.69000244140625,6975100
2024-04-10,77.84907531738281,88.45999908447266,89.1500015258789,88.33999633789062,89.02999877929688,11693800
2024-04-11,77.62024688720703,88.19999694824219,88.69999694824219,87.97000122070312,88.23999786376953,7787900
2024-04-12,77.4002456665039,87.94999694824219,88.36000061035156,87.9000015258789,88.26000213623047,7635000
2024-04-15,76.5025863647461,86.93000030517578,87.66000366210938,86.80000305175781,87.62999725341797,12162000
2024-04-16,76.2649917602539,86.66000366210938,86.87000274658203,86.4000015258789,86.63999938964844,9436100
2024-04-17,76.8634262084961,87.33999633789062,87.52999877929688,87.12000274658203,87.43000030517578,7853500
2024-04-18,76.80180358886719,87.2699966430664,87.62000274658203,87.19000244140625,87.5999984741211,5759000
2024-04-19,77.02182006835938,87.5199966430664,87.6500015258789,87.37999725341797,87.58000183105469,5004000
2024-04-22,77.4354476928711,87.98999786376953,88.02999877929688,87.55000305175781,87.61000061035156,3935100
2024-04-23,77.54104614257812,88.11000061035156,88.22000122070312,87.69999694824219,87.69999694824219,8467800
2024-04-24,76.98660278320312,87.4800033569336,87.68000030517578,87.29000091552734,87.6500015258789,7289500
2024-04-25,76.76663208007812,87.2300033569336,87.30000305175781,86.77999877929688,86.9000015258789,6358100
2024-04-26,77.10104370117188,87.61000061035156,87.63999938964844,87.4000015258789,87.4000015258789,3072800
2024-04-29,77.47946166992188,88.04000091552734,88.0999984741211,87.76000213623047,87.9800033569336,5154200
2024-04-30,76.69622802734375,87.1500015258789,87.69999694824219,87.1500015258789,87.68000030517578,8032900
2024-05-01,77.0152359008789,87.1500015258789,87.63999938964844,86.83999633789062,86.83999633789062,7677600
2024-05-02,77.64263916015625,87.86000061035156,87.87999725341797,87.2300033569336,87.36000061035156,6833700
2024-05-03,78.27893829345703,88.58000183105469,88.80000305175781,88.27999877929688,88.5999984741211,7832500
2024-05-06,78.49986267089844,88.83000183105469,88.86000061035156,88.58000183105469,88.58999633789062,3552800
2024-05-07,78.56171417236328,88.9000015258789,89.19000244140625,88.87000274658203,89.19000244140625,4844000
2024-05-08,78.27009582519531,88.56999969482422,88.69000244140625,88.48999786376953,88.55000305175781,3699400
2024-05-09,78.53520965576172,88.87000274658203,88.9000015258789,88.58000183105469,88.58999633789062,3371700
2024-05-10,78.3496322631836,88.66000366210938,88.80000305175781,88.54000091552734,88.66999816894531,3446100
2024-05-13,78.4291763305664,88.75,88.87999725341797,88.72000122070312,88.73999786376953,2199600
2024-05-14,78.60587310791016,88.94999694824219,89.01000213623047,88.73999786376953,88.80000305175781,3054200
2024-05-15,79.4277572631836,89.87999725341797,89.87999725341797,89.3499984741211,89.4000015258789,5781600
2024-05-16,79.16265106201172,89.58000183105469,89.94999694824219,89.56999969482422,89.94999694824219,3590600
2024-05-17,79.01240539550781,89.41000366210938,89.47000122070312,89.27999877929688,89.29000091552734,3692300
2024-05-20,79.021240234375,89.41999816894531,89.47000122070312,89.33000183105469,89.47000122070312,2007700
2024-05-21,79.0831298828125,89.48999786376953,89.58000183105469,89.44000244140625,89.47000122070312,3202000
2024-05-22,78.82681274414062,89.19999694824219,89.33999633789062,89.06999969482422,89.1500015258789,3410300
2024-05-23,78.28777313232422,88.58999633789062,89.2300033569336,88.56999969482422,89.1500015258789,4828600
2024-05-24,78.5970687866211,88.94000244140625,88.98999786376953,88.66000366210938,88.69000244140625,2493100
2024-05-28,78.12871551513672,88.41000366210938,88.93000030517578,88.33000183105469,88.87000274658203,4121900
2024-05-29,77.84591674804688,88.08999633789062,88.25,87.9800033569336,88.19999694824219,6739400
2024-05-30,78.3143081665039,88.62000274658203,88.75,88.41999816894531,88.41999816894531,4333500
2024-05-31,78.69428253173828,89.05000305175781,89.08999633789062,88.7300033569336,89.08000183105469,3414600
2024-06-03,79.05188751220703,89.08999633789062,89.08999633789062,88.6500015258789,88.8499984741211,7177200
2024-06-04,79.10511016845703,89.1500015258789,89.20999908447266,88.9000015258789,89.05999755859375,4822700
2024-06-05,79.31806945800781,89.38999938964844,89.38999938964844,88.91000366210938,89.30999755859375,6391400
2024-06-06,79.1317138671875,89.18000030517578,89.19999694824219,88.98999786376953,89.0199966430664,6800300
2024-06-07,78.51061248779297,88.4800033569336,88.91000366210938,88.44000244140625,88.91000366210938,5313900
2024-06-10,78.49285888671875,88.45999908447266,88.55000305175781,88.2300033569336,88.44000244140625,2466700
2024-06-11,78.79454803466797,88.80000305175781,88.81999969482422,88.44000244140625,88.44000244140625,2707200
2024-06-12,79.10511016845703,89.1500015258789,89.56999969482422,89.04000091552734,89.38999938964844,7730500
2024-06-13,79.31806945800781,89.38999938964844,89.62999725341797,89.26000213623047,89.44000244140625,7293500
2024-06-14,79.22046661376953,89.27999877929688,89.41000366210938,89.16999816894531,89.20999908447266,6126000
2024-06-17,78.98088073730469,89.01000213623047,89.29000091552734,88.75,89.29000091552734,6689500
2024-06-18,79.50440979003906,89.5999984741211,89.68000030517578,89.19000244140625,89.29000091552734,6888900
2024-06-20,79.21160125732422,89.2699966430664,89.55999755859375,89.08999633789062,89.55999755859375,3845200
2024-06-21,79.30916595458984,89.37999725341797,89.51000213623047,89.20999908447266,89.38999938964844,5485300
2024-06-24,79.34469604492188,89.41999816894531,89.5199966430664,89.33000183105469,89.37999725341797,4124100
2024-06-25,79.33580017089844,89.41000366210938,89.45999908447266,89.2699966430664,89.38999938964844,3534700
2024-06-26,79.06961822509766,89.11000061035156,89.2300033569336,88.94000244140625,89.16000366210938,6212800
2024-06-27,79.14061737060547,89.19000244140625,89.37000274658203,89.0999984741211,89.2300033569336,3116800
2024-06-28,78.51061248779297,88.4800033569336,89.33000183105469,88.4800033569336,89.31999969482422,6568000
2024-07-01,78.1995849609375,87.75,88.12000274658203,87.51000213623047,87.51000213623047,7698900
2024-07-02,78.58279418945312,88.18000030517578,88.19999694824219,87.54000091552734,87.54000091552734,7236900
2024-07-03,79.19767761230469,88.87000274658203,88.88999938964844,88.23999786376953,88.23999786376953,3882100
2024-07-05,79.71456909179688,89.44999694824219,89.47000122070312,89.12000274658203,89.19000244140625,5429100
2024-07-08,79.69673156738281,89.43000030517578,89.5,89.31999969482422,89.44999694824219,6185200
2024-07-09,79.44721984863281,89.1500015258789,89.37000274658203,89.0199966430664,89.37000274658203,7367000
2024-07-10,79.82150268554688,89.56999969482422,89.58999633789062,89.2699966430664,89.33999633789062,5750400
2024-07-11,80.28489685058594,90.08999633789062,90.33999633789062,89.9800033569336,90.16000366210938,7045200
2024-07-12,80.4364013671875,90.26000213623047,90.37999725341797,89.83999633789062,90.12000274658203,6538200
2024-07-15,80.10668182373047,89.88999938964844,90.26000213623047,89.7699966430664,90.26000213623047,4998100
2024-07-16,80.46314239501953,90.29000091552734,90.30999755859375,90.01000213623047,90.05999755859375,4479100
2024-07-17,80.17797088623047,89.97000122070312,90.0999984741211,89.9000015258789,90.0,6142000
2024-07-18,79.75912475585938,89.5,90.0,89.44000244140625,89.91999816894531,7227300
2024-07-19,79.54524993896484,89.26000213623047,89.58999633789062,89.22000122070312,89.41000366210938,5649200
2024-07-22,79.90170288085938,89.66000366210938,89.93000030517578,89.5199966430664,89.61000061035156,4999200
2024-07-23,79.92845153808594,89.69000244140625,89.93000030517578,89.68000030517578,89.68000030517578,2737800
2024-07-24,79.41156768798828,89.11000061035156,89.80000305175781,89.11000061035156,89.5999984741211,5463800
2024-07-25,79.54524993896484,89.26000213623047,89.62999725341797,89.25,89.25,4761100
2024-07-26,79.9908218383789,89.76000213623047,89.9000015258789,89.44999694824219,89.80999755859375,4145200
2024-07-29,80.12451171875,89.91000366210938,90.05999755859375,89.7699966430664,89.83000183105469,4848400
2024-07-30,80.23143768310547,90.02999877929688,90.0999984741211,89.75,90.0999984741211,5755700
2024-07-31,80.6057357788086,90.44999694824219,90.44999694824219,90.04000091552734,90.2699966430664,8133900
2024-08-01,80.5618667602539,90.01000213623047,90.45999908447266,89.94999694824219,90.12999725341797,10278100
2024-08-02,81.09889221191406,90.61000061035156,90.6500015258789,90.12000274658203,90.31999969482422,8525900
2024-08-05,80.27545928955078,89.69000244140625,90.0,89.5,89.5999984741211,9960500
2024-08-06,80.0069351196289,89.38999938964844,89.94000244140625,89.3499984741211,89.70999908447266,11282400
2024-08-07,80.17700958251953,89.58000183105469,90.0999984741211,89.5,89.91000366210938,7626700
2024-08-08,80.55290985107422,90.0,90.04000091552734,89.7300033569336,89.73999786376953,4410200
2024-08-09,80.91094207763672,90.4000015258789,90.48999786376953,90.23999786376953,90.23999786376953,2746500
2024-08-12,81.00042724609375,90.5,90.51000213623047,90.33000183105469,90.4800033569336,2962100
2024-08-13,81.43901062011719,90.98999786376953,91.0,90.75,90.83999633789062,4940500
2024-08-14,81.6180191040039,91.19000244140625,91.26000213623047,91.0,91.05999755859375,4819500
2024-08-15,81.59115600585938,91.16000366210938,91.19000244140625,90.80000305175781,91.01000213623047,3591700
2024-08-16,81.92233276367188,91.52999877929688,91.55000305175781,91.25,91.3499984741211,3384000
2024-08-19,82.17294311523438,91.80999755859375,91.80999755859375,91.52999877929688,91.55999755859375,3313700
2024-08-20,82.3698501586914,92.02999877929688,92.04000091552734,91.83999633789062,91.94000244140625,4948200
2024-08-21,82.61151123046875,92.30000305175781,92.41000366210938,92.01000213623047,92.08000183105469,9428100
2024-08-22,81.92233276367188,91.52999877929688,92.05999755859375,91.4800033569336,91.94000244140625,9946700
2024-08-23,82.80840301513672,92.5199966430664,92.55999755859375,91.80999755859375,91.93000030517578,9595800
2024-08-26,82.63835144042969,92.33000183105469,92.52999877929688,92.23999786376953,92.5199966430664,3212700
2024-08-27,82.53094482421875,92.20999908447266,92.27999877929688,92.05999755859375,92.20999908447266,4374000
2024-08-28,82.39668273925781,92.05999755859375,92.26000213623047,91.95999908447266,92.25,3237400
2024-08-29,82.36087036132812,92.0199966430664,92.20999908447266,91.91000366210938,92.08999633789062,4481200
2024-08-30,82.43247985839844,92.0999984741211,92.27999877929688,91.9000015258789,92.19999694824219,4776700
2024-09-03,82.10718536376953,91.37000274658203,91.76000213623047,91.30999755859375,91.73999786376953,4829800
2024-09-04,82.47563171386719,91.77999877929688,91.87000274658203,91.44000244140625,91.45999908447266,7196000
2024-09-05,82.79015350341797,92.12999725341797,92.20999908447266,91.86000061035156,91.87000274658203,5510700
2024-09-06,82.60143280029297,91.91999816894531,92.37999725341797,91.80999755859375,92.26000213623047,7799300
2024-09-09,82.82610321044922,92.16999816894531,92.2699966430664,91.9000015258789,92.05000305175781,3758200
2024-09-10,82.88896942138672,92.23999786376953,92.33999633789062,91.98999786376953,92.1500015258789,5013500
2024-09-11,83.10464477539062,92.4800033569336,92.5199966430664,92.02999877929688,92.02999877929688,7223400
2024-09-12,83.23946380615234,92.62999725341797,92.63999938964844,92.31999969482422,92.37999725341797,5108800
2024-09-13,83.61686706542969,93.05000305175781,93.12000274658203,92.80999755859375,92.86000061035156,5162900
2024-09-16,84.12908935546875,93.62000274658203,93.62999725341797,93.16999816894531,93.19999694824219,5280200
2024-09-17,84.11112976074219,93.5999984741211,93.77999877929688,93.45999908447266,93.73999786376953,6273200
2024-09-18,83.86848449707031,93.33000183105469,93.97000122070312,93.25,93.4800033569336,9523100
2024-09-19,84.23690795898438,93.73999786376953,93.7699966430664,93.5199966430664,93.68000030517578,6006200
2024-09-20,84.07518005371094,93.55999755859375,93.62999725341797,93.22000122070312,93.55000305175781,5187800
2024-09-23,83.8325424194336,93.29000091552734,93.41999816894531,93.08000183105469,93.23999786376953,5260500
2024-09-24,83.94037628173828,93.41000366210938,93.47000122070312,93.12999725341797,93.2300033569336,6010800
2024-09-25,83.68875885009766,93.12999725341797,93.4000015258789,93.12000274658203,93.33000183105469,4842300
2024-09-26,83.80560302734375,93.26000213623047,93.41999816894531,93.05000305175781,93.41000366210938,6844300
2024-09-27,83.94935607910156,93.41999816894531,93.55000305175781,93.4000015258789,93.45999908447266,5447800
2024-09-30,84.09313201904297,93.58000183105469,93.66999816894531,93.3499984741211,93.54000091552734,5789700
2024-10-01,84.33226776123047,93.45999908447266,93.55999755859375,93.27999877929688,93.48999786376953,6208000
2024-10-02,84.14277648925781,93.25,93.30000305175781,93.02999877929688,93.2699966430664,8465100
2024-10-03,83.79086303710938,92.86000061035156,93.0999984741211,92.80999755859375,93.08999633789062,7976900
2024-10-04,83.47505187988281,92.51000213623047,92.66000366210938,92.37000274658203,92.44000244140625,8880000
2024-10-07,83.09606170654297,92.08999633789062,92.47000122070312,92.02999877929688,92.44000244140625,4694000
2024-10-08,83.23139953613281,92.23999786376953,92.2699966430664,92.12999725341797,92.23999786376953,4639500
2024-10-09,83.09606170654297,92.08999633789062,92.33000183105469,91.98999786376953,92.16000366210938,5971100
2024-10-10,82.9607162475586,91.94000244140625,92.18000030517578,91.73999786376953,92.18000030517578,5923300
2024-10-11,83.06897735595703,92.05999755859375,92.19000244140625,91.9000015258789,91.9000015258789,4002300
2024-10-14,83.24044799804688,92.25,92.25,91.9000015258789,92.01000213623047,1876600
2024-10-15,83.46604919433594,92.5,92.52999877929688,92.30999755859375,92.5,4980100
2024-10-16,83.6735610961914,92.7300033569336,92.76000213623047,92.58999633789062,92.69000244140625,3762500
2024-10-17,83.14118957519531,92.13999938964844,92.55000305175781,92.12000274658203,92.55000305175781,6027500
2024-10-18,83.33068084716797,92.3499984741211,92.45999908447266,92.30999755859375,92.3499984741211,4612500
2024-10-21,82.5095443725586,91.44000244140625,92.16000366210938,91.41999816894531,91.95999908447266,5709900
2024-10-22,82.32006072998047,91.2300033569336,91.38999938964844,91.13999938964844,91.38999938964844,5541200
2024-10-23,82.01325988769531,90.88999938964844,91.04000091552734,90.73999786376953,90.95999908447266,5110400
2024-10-24,82.34713745117188,91.26000213623047,91.33000183105469,91.08000183105469,91.23999786376953,4880700
2024-10-25,82.34713745117188,91.26000213623047,91.69000244140625,91.25,91.69000244140625,4617700
2024-10-28,82.42832946777344,91.3499984741211,91.45999908447266,91.18000030517578,91.36000061035156,4655100
2024-10-29,82.61782836914062,91.55999755859375,91.58000183105469,91.1500015258789,91.30000305175781,6079000
2024-10-30,82.52759552001953,91.45999908447266,91.88999938964844,91.41000366210938,91.58999633789062,4005000
2024-10-31,82.04032897949219,90.91999816894531,91.44000244140625,90.91999816894531,91.3499984741211,10214600
2024-11-01,81.71578979492188,90.13999938964844,90.88999938964844,90.0999984741211,90.83999633789062,8926100
2024-11-04,82.06934356689453,90.52999877929688,90.87000274658203,90.44000244140625,90.70999908447266,4915700
2024-11-05,82.32318115234375,90.80999755859375,90.81999969482422,90.20999908447266,90.4800033569336,6384800
2024-11-06,82.0602798461914,90.5199966430664,90.69999694824219,89.83000183105469,89.93000030517578,7362600
2024-11-07,82.95774841308594,91.51000213623047,91.6500015258789,90.83000183105469,91.0,8684600
2024-11-08,83.18439483642578,91.76000213623047,91.76000213623047,91.44000244140625,91.70999908447266,7686300
2024-11-11,83.01215362548828,91.56999969482422,91.68000030517578,91.45999908447266,91.68000030517578,2220000
2024-11-12,82.36847686767578,90.86000061035156,91.26000213623047,90.75,91.16000366210938,7934800
2024-11-13,82.25066375732422,90.7300033569336,91.27999877929688,90.66999816894531,91.0999984741211,4797400
2024-11-14,82.04212951660156,90.5,91.04000091552734,90.5,91.02999877929688,6237600
2024-11-15,81.9242935180664,90.37000274658203,90.44000244140625,90.12999725341797,90.19000244140625,8478400
2024-11-18,82.0240249633789,90.4800033569336,90.52999877929688,90.13999938964844,90.47000122070312,4404400
2024-11-19,82.41383361816406,90.91000366210938,90.98999786376953,90.43000030517578,90.56999969482422,5749500
2024-11-20,82.42288208007812,90.91999816894531,90.91999816894531,90.61000061035156,90.70999908447266,6009600
2024-11-21,82.45915222167969,90.95999908447266,91.11000061035156,90.9000015258789,90.97000122070312,4023400
2024-11-22,82.35942077636719,90.8499984741211,91.12000274658203,90.76000213623047,91.0999984741211,4167500
2024-11-25,83.12998962402344,91.69999694824219,91.73999786376953,91.44999694824219,91.47000122070312,7184700
2024-11-26,83.01215362548828,91.56999969482422,91.58000183105469,91.37999725341797,91.48999786376953,4765600
2024-11-27,83.30225372314453,91.88999938964844,91.98999786376953,91.68000030517578,91.68000030517578,3478100
2024-11-29,83.53791809082031,92.1500015258789,92.23999786376953,92.05999755859375,92.23999786376953,2447300
2024-12-02,83.44509887695312,91.66000366210938,91.80000305175781,91.4000015258789,91.44000244140625,5734200
2024-12-03,83.4632797241211,91.68000030517578,91.86000061035156,91.62999725341797,91.76000213623047,4021700
2024-12-04,83.77281951904297,92.0199966430664,92.04000091552734,91.4800033569336,91.4800033569336,3907000
2024-12-05,83.88208770751953,92.13999938964844,92.20999908447266,91.94999694824219,92.05999755859375,4392800
2024-12-06,84.16427612304688,92.44999694824219,92.58999633789062,92.26000213623047,92.44999694824219,4125200
2024-12-09,83.97308349609375,92.23999786376953,92.51000213623047,92.2300033569336,92.51000213623047,4377000
2024-12-10,83.83654022216797,92.08999633789062,92.26000213623047,92.05000305175781,92.26000213623047,4801300
2024-12-11,83.79103088378906,92.04000091552734,92.36000061035156,91.98999786376953,92.2699966430664,3577500
2024-12-12,83.35404205322266,91.55999755859375,92.01000213623047,91.55999755859375,92.01000213623047,4609100
2024-12-13,82.92616271972656,91.08999633789062,91.62000274658203,91.06999969482422,91.61000061035156,5677100
2024-12-16,82.99898529052734,91.16999816894531,91.30000305175781,90.98999786376953,91.23999786376953,5256300
2024-12-17,82.95347595214844,91.12000274658203,91.2300033569336,90.95999908447266,91.11000061035156,7183900
2024-12-18,81.70858764648438,89.33000183105469,90.68000030517578,89.25,90.62000274658203,9094400
2024-12-19,81.35188293457031,88.94000244140625,89.52999877929688,88.91999816894531,89.5199966430664,15042100
2024-12-20,81.9189682006836,89.55999755859375,89.8499984741211,89.01000213623047,89.01000213623047,6712000
2024-12-23,81.70858764648438,89.33000183105469,89.73999786376953,89.25,89.73999786376953,4949100
2024-12-24,82.07447052001953,89.7300033569336,89.73999786376953,89.25,89.4000015258789,2512500
2024-12-26,81.99213409423828,89.63999938964844,89.69999694824219,89.37999725341797,89.4800033569336,2379700
2024-12-27,81.68115234375,89.30000305175781,89.4800033569336,89.2300033569336,89.45999908447266,2166200
2024-12-30,81.83250427246094,89.20999908447266,89.44999694824219,89.1500015258789,89.1500015258789,4014100
2024-12-31,81.67655944824219,89.04000091552734,89.44000244140625,88.8499984741211,89.43000030517578,4415200
2025-01-02,81.9517593383789,89.33999633789062,89.5,89.05999755859375,89.36000061035156,7709700
2025-01-03,82.09852600097656,89.5,89.76000213623047,89.4800033569336,89.66000366210938,4988400
2025-01-06,82.13521575927734,89.54000091552734,89.66999816894531,89.41000366210938,89.55999755859375,5044200
2025-01-07,81.80496978759766,89.18000030517578,89.6500015258789,89.11000061035156,89.55000305175781,9445600
2025-01-08,81.86920166015625,89.25,89.25,88.9000015258789,89.06999969482422,5579300
2025-01-10,81.42888641357422,88.7699966430664,89.0,88.63999938964844,88.87000274658203,7313600
2025-01-13,81.30964660644531,88.63999938964844,88.73999786376953,88.44000244140625,88.73999786376953,6512900
2025-01-14,81.42888641357422,88.7699966430664,88.81999969482422,88.56999969482422,88.73999786376953,4067100
2025-01-15,82.36454772949219,89.79000091552734,89.91999816894531,89.54000091552734,89.6500015258789,6638700
2025-01-16,82.26364135742188,89.68000030517578,89.80000305175781,89.41999816894531,89.5199966430664,5421800
2025-01-17,82.4195785522461,89.8499984741211,90.05000305175781,89.75,89.94000244140625,3558200
2025-01-21,82.97913360595703,90.45999908447266,90.45999908447266,90.13999938964844,90.25,6997100
2025-01-22,82.74981689453125,90.20999908447266,90.55000305175781,90.19999694824219,90.52999877929688,6916200
2025-01-23,82.7314682006836,90.19000244140625,90.19999694824219,89.87999725341797,89.95999908447266,8020700
2025-01-24,82.86904907226562,90.33999633789062,90.37999725341797,90.16000366210938,90.19000244140625,3170300
2025-01-27,83.10752868652344,90.5999984741211,90.61000061035156,90.26000213623047,90.26000213623047,5632600
2025-01-28,83.07085418701172,90.55999755859375,90.58000183105469,90.30999755859375,90.55999755859375,5528600
2025-01-29,82.99747467041016,90.4800033569336,90.73999786376953,90.22000122070312,90.66000366210938,5118400
2025-01-30,83.34605407714844,90.86000061035156,90.9800033569336,90.68000030517578,90.87000274658203,5949100
2025-01-31,83.06169128417969,90.55000305175781,90.94000244140625,90.4000015258789,90.79000091552734,9075200
2025-02-03,83.19168853759766,90.25,90.41999816894531,89.91999816894531,89.91999816894531,6566100
2025-02-04,83.48663330078125,90.56999969482422,90.5999984741211,90.16000366210938,90.19000244140625,7381700
2025-02-05,83.95674133300781,91.08000183105469,91.1500015258789,90.81999969482422,90.83000183105469,5726900
2025-02-06,83.88301849365234,91.0,91.18000030517578,90.88999938964844,91.06999969482422,3296400
2025-02-07,83.56036376953125,90.6500015258789,90.83000183105469,90.5999984741211,90.73999786376953,4935800
2025-02-10,83.56036376953125,90.6500015258789,90.83000183105469,90.56999969482422,90.68000030517578,3331500
2025-02-11,83.20086669921875,90.26000213623047,90.41000366210938,90.22000122070312,90.31999969482422,5996000
2025-02-12,82.93356323242188,89.97000122070312,90.13999938964844,89.61000061035156,89.68000030517578,6819800
2025-02-13,83.61567687988281,90.70999908447266,90.7699966430664,90.3499984741211,90.37000274658203,6017900
2025-02-14,83.873779296875,90.98999786376953,91.18000030517578,90.91999816894531,90.91999816894531,7764000
2025-02-18,83.51427459716797,90.5999984741211,90.93000030517578,90.54000091552734,90.79000091552734,7565300
2025-02-19,83.53273010253906,90.62000274658203,90.68000030517578,90.33000183105469,90.4000015258789,4731700
2025-02-20,83.68942260742188,90.79000091552734,90.79000091552734,90.5199966430664,90.5999984741211,5621400
2025-02-21,83.71708679199219,90.81999969482422,91.01000213623047,90.73999786376953,90.93000030517578,5734700
2025-02-24,83.80006408691406,90.91000366210938,91.02999877929688,90.77999877929688,90.8499984741211,5036700
2025-02-25,84.32547760009766,91.4800033569336,91.5,91.22000122070312,91.22000122070312,8637600
2025-02-26,84.60199737548828,91.77999877929688,91.80999755859375,91.55999755859375,91.6500015258789,5851900
2025-02-27,84.31624603271484,91.47000122070312,91.66999816894531,91.41999816894531,91.66999816894531,8490500
2025-02-28,84.83244323730469,92.02999877929688,92.04000091552734,91.55000305175781,91.66999816894531,8204300
2025-03-03,84.6528549194336,91.44999694824219,91.58999633789062,91.18000030517578,91.18000030517578,8870600
2025-03-04,84.52327728271484,91.30999755859375,91.45999908447266,91.2300033569336,91.43000030517578,7549800
2025-03-05,84.4955062866211,91.27999877929688,91.55999755859375,91.1500015258789,91.33999633789062,7621500
2025-03-06,83.9956283569336,90.73999786376953,90.91000366210938,90.66000366210938,90.83999633789062,6056200
2025-03-07,84.22705841064453,90.98999786376953,91.08999633789062,90.87000274658203,90.97000122070312,5292900
2025-03-10,84.11595916748047,90.87000274658203,91.11000061035156,90.80000305175781,90.9800033569336,6780900
2025-03-11,83.94934844970703,90.69000244140625,91.01000213623047,90.62999725341797,90.91999816894531,10043100
2025-03-12,83.93084716796875,90.66999816894531,90.91999816894531,90.66999816894531,90.83000183105469,7540800
2025-03-13,83.89381408691406,90.62999725341797,90.68000030517578,90.47000122070312,90.5999984741211,9328700
2025-03-14,83.97712707519531,90.72000122070312,90.81999969482422,90.44000244140625,90.44000244140625,4198700
2025-03-17,84.19927215576172,90.95999908447266,90.9800033569336,90.77999877929688,90.80999755859375,6304400
2025-03-18,84.1715316772461,90.93000030517578,91.05000305175781,90.73999786376953,90.75,4764700
2025-03-19,84.63436126708984,91.43000030517578,91.5,90.9000015258789,90.94000244140625,7578200
2025-03-20,84.46774291992188,91.25,91.66000366210938,91.19000244140625,91.58000183105469,8001200
2025-03-21,84.21778869628906,90.9800033569336,91.1500015258789,90.87000274658203,91.1500015258789,5559800
2025-03-24,84.16224670410156,90.91999816894531,91.05999755859375,90.79000091552734,91.01000213623047,4259200
2025-03-25,84.24556732177734,91.01000213623047,91.0999984741211,90.79000091552734,90.79000091552734,4176200
2025-03-26,83.76422119140625,90.48999786376953,90.93000030517578,90.45999908447266,90.93000030517578,8930700
2025-03-27,83.57908630371094,90.29000091552734,90.45999908447266,90.29000091552734,90.30000305175781,5748800
2025-03-28,83.6716537475586,90.38999938964844,90.58000183105469,90.27999877929688,90.58000183105469,5205100
2025-03-31,83.85678100585938,90.58999633789062,90.62000274658203,90.2300033569336,90.2300033569336,6536500
2025-04-01,84.12642669677734,90.4800033569336,90.62999725341797,90.31999969482422,90.38999938964844,10159100
2025-04-02,84.0892333984375,90.44000244140625,90.62000274658203,90.2300033569336,90.62000274658203,4780700
2025-04-03,83.58715057373047,89.9000015258789,90.37000274658203,89.86000061035156,90.19999694824219,7118300
2025-04-04,82.36914825439453,88.58999633789062,89.44999694824219,88.55000305175781,89.36000061035156,15339200
2025-04-07,81.03955841064453,87.16000366210938,89.4000015258789,87.04000091552734,87.63999938964844,21774200
2025-04-08,80.46309661865234,86.54000091552734,88.33000183105469,86.36000061035156,88.26000213623047,13280700
2025-04-09,82.53648376464844,88.7699966430664,88.94000244140625,84.77999877929688,86.26000213623047,18436700
2025-04-10,80.93729400634766,87.05000305175781,88.08000183105469,86.83000183105469,88.08000183105469,10675300
2025-04-11,81.22550201416016,87.36000061035156,87.62999725341797,86.19000244140625,86.58999633789062,7298400
2025-04-14,82.07160186767578,88.2699966430664,88.87000274658203,87.9000015258789,88.87000274658203,5177600
2025-04-15,82.3226547241211,88.54000091552734,88.8499984741211,88.31999969482422,88.44000244140625,4518700
2025-04-16,82.35053253173828,88.56999969482422,88.75,88.3499984741211,88.63999938964844,3566900
2025-04-17,82.56439208984375,88.80000305175781,88.97000122070312,88.75,88.93000030517578,3325400
2025-04-21,81.60671997070312,87.7699966430664,88.51000213623047,87.55000305175781,88.36000061035156,5740000
2025-04-22,82.45281219482422,88.68000030517578,89.01000213623047,88.37000274658203,88.5199966430664,5868000
2025-04-23,82.81543731689453,89.06999969482422,90.06999969482422,88.95999908447266,89.83999633789062,5841800
2025-04-24,83.69872283935547,90.0199966430664,90.02999877929688,89.45999908447266,89.55000305175781,3271700
2025-04-25,84.03345489501953,90.37999725341797,90.44999694824219,90.02999877929688,90.16000366210938,4015100
2025-04-28,84.12642669677734,90.4800033569336,90.5199966430664,90.08999633789062,90.2300033569336,5043500
2025-04-29,84.23802185058594,90.5999984741211,90.62000274658203,90.16999816894531,90.27999877929688,5574100
2025-04-30,83.6429443359375,89.95999908447266,90.20999908447266,89.76000213623047,89.76000213623047,12070400
2025-05-01,83.68217468261719,89.5999984741211,89.83999633789062,89.43000030517578,89.81999969482422,4837600
2025-05-02,83.45801544189453,89.36000061035156,89.58000183105469,89.31999969482422,89.54000091552734,3303100
2025-05-05,83.28990936279297,89.18000030517578,89.37000274658203,89.08999633789062,89.36000061035156,4309000
2025-05-06,83.63548278808594,89.55000305175781,89.62000274658203,89.16999816894531,89.48999786376953,7230400
2025-05-07,83.96235656738281,89.9000015258789,90.02999877929688,89.6500015258789,90.0,4383400
2025-05-08,83.62612915039062,89.54000091552734,89.94999694824219,89.52999877929688,89.94999694824219,5234500
2025-05-09,83.75688934326172,89.68000030517578,89.76000213623047,89.61000061035156,89.68000030517578,3615800
2025-05-12,84.24253845214844,90.19999694824219,90.26000213623047,90.06999969482422,90.20999908447266,6084800
2025-05-13,84.3172378540039,90.27999877929688,90.44999694824219,90.22000122070312,90.41999816894531,4821800
2025-05-14,84.03706359863281,89.9800033569336,90.20999908447266,89.87000274658203,90.19999694824219,3366700
2025-05-15,84.3172378540039,90.27999877929688,90.31999969482422,89.95999908447266,90.1500015258789,4056700
2025-05-16,84.47602844238281,90.44999694824219,90.69000244140625,90.26000213623047,90.5199966430664,3062000
2025-05-19,84.53206634521484,90.51000213623047,90.5199966430664,89.81999969482422,89.9000015258789,3858700
2025-05-20,84.40130615234375,90.37000274658203,90.44999694824219,90.16000366210938,90.16000366210938,5181900
2025-05-21,83.62612915039062,89.54000091552734,90.19999694824219,89.5,90.0999984741211,7544900
2025-05-22,83.90631866455078,89.83999633789062,89.98999786376953,89.44999694824219,89.58999633789062,6326100
2025-05-23,83.99037170410156,89.93000030517578,89.98999786376953,89.68000030517578,89.93000030517578,4432900
2025-05-27,84.5040512084961,90.4800033569336,90.55999755859375,90.08999633789062,90.08999633789062,6079000
2025-05-28,84.32660675048828,90.29000091552734,90.44000244140625,90.12999725341797,90.36000061035156,4109700
2025-05-29,84.61614227294922,90.5999984741211,90.6500015258789,90.19000244140625,90.19000244140625,4568700
2025-05-30,84.61614227294922,90.5999984741211,90.66999816894531,90.43000030517578,90.62000274658203,8235700
2025-06-02,84.58329010009766,90.16000366210938,90.27999877929688,89.95999908447266,90.08000183105469,5414800
2025-06-03,84.85533905029297,90.44999694824219,90.44999694824219,90.30999755859375,90.38999938964844,5761600
2025-06-04,85.17432403564453,90.79000091552734,90.91999816894531,90.69999694824219,90.76000213623047,4655800
2025-06-05,84.9679183959961,90.56999969482422,90.91999816894531,90.47000122070312,90.91000366210938,6480100
2025-06-06,84.83658599853516,90.43000030517578,90.66000366210938,90.38999938964844,90.66000366210938,5160200
2025-06-09,85.05236053466797,90.66000366210938,90.76000213623047,90.45999908447266,90.5999984741211,3577600
2025-06-10,85.42762756347656,91.05999755859375,91.05999755859375,90.80000305175781,90.95999908447266,6668200
2025-06-11,85.68092346191406,91.33000183105469,91.4000015258789,91.1500015258789,91.1500015258789,6011000
2025-06-12,85.83101654052734,91.48999786376953,91.48999786376953,91.30000305175781,91.33999633789062,5468100
2025-06-13,85.28689575195312,90.91000366210938,91.19000244140625,90.83999633789062,91.19000244140625,6522400
2025-06-16,85.38070678710938,91.01000213623047,91.33000183105469,90.9800033569336,91.0999984741211,5454100
2025-06-17,85.4463882446289,91.08000183105469,91.25,90.9800033569336,91.18000030517578,4668500
2025-06-18,85.39009857177734,91.0199966430664,91.27999877929688,90.80999755859375,91.27999877929688,5097600
2025-06-20,85.50267028808594,91.13999938964844,91.25,90.94999694824219,91.06999969482422,3351300
2025-06-23,85.74658203125,91.4000015258789,91.47000122070312,90.95999908447266,91.18000030517578,5895700
2025-06-24,86.26256561279297,91.94999694824219,92.05000305175781,91.48999786376953,91.62999725341797,10997500
2025-06-25,86.21566009521484,91.9000015258789,91.91000366210938,91.66000366210938,91.83000183105469,5299300
2025-06-26,86.47832489013672,92.18000030517578,92.19000244140625,91.80999755859375,92.0,5574800
2025-06-27,86.40328216552734,92.0999984741211,92.2699966430664,91.94000244140625,92.08000183105469,6464900
2025-06-30,86.89114379882812,92.62000274658203,92.62999725341797,92.26000213623047,92.44000244140625,13050700
2025-07-01,87.06068420410156,92.41999816894531,92.62000274658203,92.18000030517578,92.62000274658203,10515400
2025-07-02,86.97589874267578,92.33000183105469,92.33999633789062,92.04000091552734,92.20999908447266,10020700
2025-07-03,87.12662506103516,92.48999786376953,92.58000183105469,92.19000244140625,92.25,3216900
2025-07-07,86.68388366699219,92.0199966430664,92.29000091552734,91.95999908447266,92.29000091552734,6999300
2025-07-08,86.41070556640625,91.7300033569336,91.9000015258789,91.6500015258789,91.9000015258789,8096700
2025-07-09,87.02298736572266,92.37999725341797,92.4000015258789,91.80999755859375,91.87000274658203,6169000
2025-07-10,86.89112854003906,92.23999786376953,92.30999755859375,92.02999877929688,92.2699966430664,5247600
2025-07-11,86.43895721435547,91.76000213623047,92.18000030517578,91.73999786376953,92.18000030517578,6748000
2025-07-14,86.44837951660156,91.7699966430664,91.87999725341797,91.62000274658203,91.66000366210938,5403400
2025-07-15,86.21288299560547,91.5199966430664,91.93000030517578,91.45999908447266,91.93000030517578,8144400
2025-07-16,86.27880096435547,91.58999633789062,91.69999694824219,91.22000122070312,91.4800033569336,9524600
2025-07-17,86.37301635742188,91.69000244140625,91.7699966430664,91.5199966430664,91.5999984741211,5462500
2025-07-18,86.5614242553711,91.88999938964844,92.06999969482422,91.86000061035156,92.06999969482422,6848100
2025-07-21,86.89112854003906,92.23999786376953,92.4800033569336,92.18000030517578,92.4800033569336,4334500
2025-07-22,87.04183959960938,92.4000015258789,92.5199966430664,92.2300033569336,92.36000061035156,8572600
2025-07-23,87.07952117919922,92.44000244140625,92.47000122070312,92.33000183105469,92.41999816894531,7278700
2025-07-24,87.06068420410156,92.41999816894531,92.55999755859375,92.30000305175781,92.30000305175781,3561900
2025-07-25,87.34329223632812,92.72000122070312,92.73999786376953,92.41000366210938,92.51000213623047,4583200
2025-07-28,87.28675842285156,92.66000366210938,92.70999908447266,92.56999969482422,92.68000030517578,7068100
2025-07-29,87.61647033691406,93.01000213623047,93.08999633789062,92.80999755859375,92.87000274658203,6547900
2025-07-30,87.46575927734375,92.8499984741211,93.04000091552734,92.6500015258789,92.87999725341797,6119000
2025-07-31,87.48460388183594,92.87000274658203,93.05000305175781,92.79000091552734,92.91999816894531,7525700
2025-08-01,87.7315444946289,92.72000122070312,92.77999877929688,92.55000305175781,92.63999938964844,11771400
2025-08-04,88.16678619384766,93.18000030517578,93.19999694824219,92.91999816894531,93.0,5397900
2025-08-05,88.16678619384766,93.18000030517578,93.2699966430664,93.08000183105469,93.16999816894531,8602300
2025-08-06,88.22355651855469,93.23999786376953,93.25,92.87000274658203,93.18000030517578,5786400
2025-08-07,88.35604095458984,93.37999725341797,93.4800033569336,93.26000213623047,93.33999633789062,5698300
2025-08-08,88.35604095458984,93.37999725341797,93.4000015258789,93.2300033569336,93.2300033569336,3442600
2025-08-11,88.4695816040039,93.5,93.5999984741211,93.37999725341797,93.37999725341797,3606600
2025-08-12,88.639892578125,93.68000030517578,93.72000122070312,93.5,93.56999969482422,7298100
2025-08-13,89.07516479492188,94.13999938964844,94.18000030517578,94.0,94.11000061035156,6574900
2025-08-14,88.87644958496094,93.93000030517578,94.08000183105469,93.80000305175781,93.94999694824219,7868300
2025-08-15,88.80076599121094,93.8499984741211,94.0,93.73999786376953,93.95999908447266,3679500
2025-08-18,88.88591766357422,93.94000244140625,94.04000091552734,93.69999694824219,93.69999694824219,2727200
2025-08-19,88.92375946044922,93.9800033569336,94.08999633789062,93.91000366210938,93.94000244140625,4412700
2025-08-20,88.7818374633789,93.83000183105469,93.94000244140625,93.73999786376953,93.87000274658203,4509500
2025-08-21,88.49797058105469,93.52999877929688,93.79000091552734,93.45999908447266,93.75,11054800
2025-08-22,89.1413803100586,94.20999908447266,94.2699966430664,93.52999877929688,93.52999877929688,8250400
2025-08-25,88.7912826538086,93.83999633789062,94.02999877929688,93.83999633789062,93.97000122070312,4721200
2025-08-26,88.7723617553711,93.81999969482422,93.83000183105469,93.5999984741211,93.75,6172100
2025-08-27,88.66828155517578,93.70999908447266,93.73999786376953,93.48999786376953,93.73999786376953,4194700
2025-08-28,89.18871307373047,94.26000213623047,94.30000305175781,93.86000061035156,93.91000366210938,9425600
2025-08-29,89.05623626708984,94.12000274658203,94.19000244140625,94.0,94.06999969482422,8476400
2025-09-02,88.71603393554688,93.36000061035156,93.37999725341797,93.02999877929688,93.12000274658203,9614900
2025-09-03,89.09613800048828,93.76000213623047,93.77999877929688,93.4000015258789,93.41999816894531,9263900
2025-09-04,89.4477310180664,94.12999725341797,94.13999938964844,93.8499984741211,94.0199966430664,5900200
2025-09-05,90.04638671875,94.76000213623047,94.77999877929688,94.55000305175781,94.66000366210938,10635500
2025-09-08,90.03690338134766,94.75,94.79000091552734,94.5,94.5,6535200
2025-09-09,89.95136260986328,94.66000366210938,94.76000213623047,94.55000305175781,94.69999694824219,6004100
2025-09-10,90.44548797607422,95.18000030517578,95.30999755859375,94.75,94.83999633789062,9816200
2025-09-11,90.77809143066406,95.52999877929688,95.69999694824219,95.27999877929688,95.30999755859375,11143500
2025-09-12,90.51202392578125,95.25,95.41999816894531,95.18000030517578,95.41999816894531,5215800
2025-09-15,90.83509826660156,95.58999633789062,95.6500015258789,95.33999633789062,95.37999725341797,5308700
2025-09-16,90.77809143066406,95.52999877929688,95.70999908447266,95.44999694824219,95.70999908447266,5454700
2025-09-17,90.73057556152344,95.4800033569336,95.9000015258789,95.30999755859375,95.73999786376953,8381900
2025-09-18,90.35047912597656,95.08000183105469,95.7699966430664,95.04000091552734,95.7699966430664,7793600
2025-09-19,90.25546264648438,94.9800033569336,95.05000305175781,94.83999633789062,94.95999908447266,6499600
2025-09-22,90.45500183105469,95.19000244140625,95.23999786376953,95.04000091552734,95.12000274658203,5110100
2025-09-23,90.80661010742188,95.55999755859375,95.56999969482422,95.30000305175781,95.33999633789062,5840300
2025-09-24,90.74958038330078,95.5,95.80000305175781,95.43000030517578,95.7300033569336,7173600
2025-09-25,90.52151489257812,95.26000213623047,95.5999984741211,95.18000030517578,95.5999984741211,7982600
2025-09-26,90.4930191040039,95.2300033569336,95.4000015258789,95.0999984741211,95.30000305175781,6119900
2025-09-29,90.64505004882812,95.38999938964844,95.47000122070312,95.2300033569336,95.2300033569336,4182200
2025-09-30,90.45500183105469,95.19000244140625,95.51000213623047,95.16999816894531,95.43000030517578,7422900
2025-10-01,90.76321411132812,95.12000274658203,95.16999816894531,94.83999633789062,94.87999725341797,10072500
2025-10-02,90.8109130859375,95.16999816894531,95.23999786376953,94.91000366210938,94.91999816894531,6074000
2025-10-03,90.84909057617188,95.20999908447266,95.33000183105469,95.12999725341797,95.2699966430664,4600800
2025-10-06,90.73458862304688,95.08999633789062,95.18000030517578,95.02999877929688,95.18000030517578,5126800
2025-10-07,90.69641876220703,95.05000305175781,95.18000030517578,94.97000122070312,95.06999969482422,7018300
2025-10-08,90.7441177368164,95.0999984741211,95.2699966430664,95.01000213623047,95.2699966430664,10027500
2025-10-09,90.69641876220703,95.05000305175781,95.22000122070312,94.87999725341797,95.19000244140625,7375700
2025-10-10,90.29564666748047,94.62999725341797,95.2300033569336,94.56999969482422,95.13999938964844,16586400
2025-10-13,90.9158706665039,95.27999877929688,95.30000305175781,94.91999816894531,95.01000213623047,4121700
2025-10-14,90.8777084350586,95.23999786376953,95.44000244140625,94.91000366210938,95.02999877929688,9988300
2025-10-15,91.19258880615234,95.56999969482422,95.7699966430664,95.38999938964844,95.62999725341797,11401300
2025-10-16,91.32618713378906,95.70999908447266,95.77999877929688,95.55999755859375,95.66000366210938,7380300
2025-10-17,91.35479736328125,95.73999786376953,95.76000213623047,95.5199966430664,95.70999908447266,6359200
2025-10-20,91.75558471679688,96.16000366210938,96.16000366210938,95.94999694824219,95.97000122070312,7665700
2025-10-21,91.87007141113281,96.27999877929688,96.51000213623047,96.26000213623047,96.41000366210938,4754100
2025-10-22,91.67923736572266,96.08000183105469,96.31999969482422,95.9800033569336,96.31999969482422,6725600
2025-10-23,91.6124496459961,96.01000213623047,96.12999725341797,95.93000030517578,96.0999984741211,4820500
2025-10-24,91.8796157836914,96.29000091552734,96.44000244140625,96.12999725341797,96.33000183105469,4003300
2025-10-27,92.58572387695312,97.02999877929688,97.04000091552734,96.75,96.98999786376953,5751700
2025-10-28,92.58572387695312,97.02999877929688,97.06999969482422,96.9000015258789,97.06999969482422,4779900
2025-10-29,92.17542266845703,96.5999984741211,97.02999877929688,96.55000305175781,96.98999786376953,7368500
2025-10-30,92.0704574584961,96.48999786376953,96.68000030517578,96.30999755859375,96.5199966430664,9112500
2025-10-31,92.24222564697266,96.66999816894531,96.81999969482422,96.55000305175781,96.72000122070312,8851600
2025-11-03,91.97196197509766,95.97000122070312,96.51000213623047,95.93000030517578,96.51000213623047,9436800
2025-11-04,91.86654663085938,95.86000061035156,96.01000213623047,95.75,95.80999755859375,6231700
2025-11-05,91.665283203125,95.6500015258789,95.94000244140625,95.6500015258789,95.94000244140625,5893900
2025-11-06,91.97196197509766,95.97000122070312,96.08999633789062,95.88999938964844,96.05999755859375,6867800
2025-11-07,92.01986694335938,96.0199966430664,96.12000274658203,95.72000122070312,96.12000274658203,6388900
2025-11-10,92.23070526123047,96.23999786376953,96.2699966430664,95.94000244140625,95.94000244140625,6128300
2025-11-11,92.44153594970703,96.45999908447266,96.48999786376953,96.22000122070312,96.2699966430664,2303500
2025-11-12,92.47988891601562,96.5,96.5199966430664,96.2300033569336,96.45999908447266,7200700
2025-11-13,92.02947235107422,96.02999877929688,96.55000305175781,96.0,96.54000091552734,6880200
2025-11-14,91.97196197509766,95.97000122070312,96.16000366210938,95.97000122070312,96.05000305175781,7216100
2025-11-17,91.99112701416016,95.98999786376953,96.3499984741211,95.97000122070312,96.20999908447266,9950600
2025-11-18,91.9623794555664,95.95999908447266,96.12000274658203,95.87000274658203,96.0199966430664,6411200
2025-11-19,92.1156997680664,96.12000274658203,96.18000030517578,95.98999786376953,96.05999755859375,8184800
2025-11-20,91.8952865600586,95.88999938964844,96.3499984741211,95.86000061035156,96.19000244140625,14798800
2025-11-21,92.14445495605469,96.1500015258789,96.25,95.88999938964844,95.88999938964844,5329600
2025-11-24,92.33613586425781,96.3499984741211,96.43000030517578,96.23999786376953,96.38999938964844,5421700
2025-11-25,92.5757064819336,96.5999984741211,96.63999938964844,96.31999969482422,96.4000015258789,10391300
2025-11-26,92.67154693603516,96.69999694824219,96.73999786376953,96.44999694824219,96.61000061035156,4718700
2025-11-28,92.70030212402344,96.7300033569336,96.80000305175781,96.61000061035156,96.75,2628400
2025-12-01,92.3751220703125,96.0199966430664,96.22000122070312,95.93000030517578,95.94000244140625,11152100
2025-12-02,92.75994873046875,96.41999816894531,96.47000122070312,96.04000091552734,96.11000061035156,10879900
2025-12-03,92.87539672851562,96.54000091552734,96.7300033569336,96.41999816894531,96.72000122070312,6136300
2025-12-04,92.79842376708984,96.45999908447266,96.51000213623047,96.30000305175781,96.47000122070312,8229000
2025-12-05,92.6733627319336,96.33000183105469,96.62999725341797,96.27999877929688,96.47000122070312,5998300
2025-12-08,92.28854370117188,95.93000030517578,96.25,95.87999725341797,96.23999786376953,6617200
2025-12-09,92.21157836914062,95.8499984741211,95.9800033569336,95.72000122070312,95.9800033569336,7763900
2025-12-10,92.58677673339844,96.23999786376953,96.25,95.68000030517578,95.8499984741211,7249100
2025-12-11,92.65412139892578,96.30999755859375,96.44000244140625,96.23999786376953,96.3499984741211,4875800
2025-12-12,92.60602569580078,96.26000213623047,96.37999725341797,96.18000030517578,96.26000213623047,8805800
2025-12-15,92.73108673095703,96.38999938964844,96.54000091552734,96.30999755859375,96.44999694824219,7951600
2025-12-16,92.9812240600586,96.6500015258789,96.66000366210938,96.4000015258789,96.44999694824219,8632600
2025-12-17,92.62525177001953,96.27999877929688,96.54000091552734,96.25,96.54000091552734,7068300
2025-12-18,93.02930450439453,96.69999694824219,96.73999786376953,96.5,96.68000030517578,5520100
2025-12-19,92.98392486572266,96.2699966430664,96.43000030517578,96.19000244140625,96.4000015258789,4903900
2025-12-22,93.0225601196289,96.30999755859375,96.5,96.20999908447266,96.41999816894531,2877200
2025-12-23,92.97427368164062,96.26000213623047,96.36000061035156,96.1500015258789,96.25,4529900
2025-12-24,93.25436401367188,96.55000305175781,96.56999969482422,96.3499984741211,96.4800033569336,1328900
2025-12-26,93.24471282958984,96.54000091552734,96.72000122070312,96.41000366210938,96.63999938964844,2965600
2025-12-29,93.2929916381836,96.58999633789062,96.6500015258789,96.45999908447266,96.62000274658203,4935600
2025-12-30,93.1771011352539,96.47000122070312,96.62000274658203,96.47000122070312,96.58000183105469,4021700
